sample,chai_unconstrained_per_chain_ptm,chai_constrained_per_chain_ptm,chai_unconstrained_per_chain_iptm,chai_constrained_per_chain_iptm
nb_s413501_mpnn_3_PDL1,0.9084249436855316,0.9354121088981628,0.46292848885059357,0.812273770570755
nb_s80903_mpnn_4_PDL1,0.9064170718193054,0.9269691407680511,0.6762723028659821,0.7151333093643188
nb_s185784_mpnn_4_PDL1,0.9289649724960327,0.8990147709846497,0.7293244898319244,0.3227051943540573
nb_s465730_mpnn_4_PDL1,0.8941845297813416,0.9118859469890594,0.7009037435054779,0.7552798688411713
nb_s892360_mpnn_4_PDL1,0.8905425071716309,0.9061298668384552,0.25726528465747833,0.393564835190773
nb_s461534_mpnn_4_PDL1,0.9068022966384888,0.9285847246646881,0.2619679421186447,0.6880136132240295
nb_s1683_mpnn_1_PDL1,0.8737606108188629,0.9015548229217529,0.24227072298526764,0.6197712123394012
nb_s859190_mpnn_1_PDL1,0.9006913304328918,0.9120522737503052,0.38765522837638855,0.6878484785556793
nb_s78562_mpnn_1_PDL1,0.9315705001354218,0.8955762684345245,0.8294201791286469,0.43862320482730865
nb_s351880_mpnn_3_PDL1,0.8969601392745972,0.8771627247333527,0.542021781206131,0.4528040587902069
nb_s481672_mpnn_4_PDL1,0.932830274105072,0.9322085976600647,0.8129791021347046,0.8137610256671906
nb_s191527_mpnn_5_PDL1,0.8934609889984131,0.9284636974334717,0.4632468670606613,0.7930419147014618
nb_s491148_mpnn_3_PDL1,0.9267321825027466,0.9279695451259613,0.7773443162441254,0.7803701758384705
nb_s745346_mpnn_4_PDL1,0.918275386095047,0.9210520684719086,0.7471622824668884,0.7610125243663788
nb_s878765_mpnn_1_PDL1,0.9306509792804718,0.8965661227703094,0.7398828566074371,0.470057412981987
nb_s185784_mpnn_5_PDL1,0.9277908504009247,0.8877867162227631,0.7284308671951294,0.5085322707891464
nb_s166775_mpnn_1_PDL1,0.9118583500385284,0.9075864553451538,0.7196875512599945,0.7310156226158142
nb_s887286_mpnn_2_PDL1,0.8694892823696136,0.9053106606006622,0.2354854717850685,0.41607701778411865
nb_s829439_mpnn_1_PDL1,0.8872112333774567,0.9142090380191803,0.29698142409324646,0.7602284252643585
nb_s1683_mpnn_2_PDL1,0.8707248270511627,0.8930375576019287,0.24736285954713821,0.5012708306312561
nb_s771573_mpnn_5_PDL1,0.9015234410762787,0.8980403244495392,0.6230800151824951,0.5490603148937225
nb_s78562_mpnn_2_PDL1,0.9316393733024597,0.9177197813987732,0.830807626247406,0.5821008682250977
nb_s885633_mpnn_2_PDL1,0.9003823399543762,0.9029656946659088,0.5574209690093994,0.7772586047649384
nb_s319551_mpnn_2_PDL1,0.9000273942947388,0.8989378213882446,0.4313255250453949,0.4798414409160614
nb_s416874_mpnn_3_PDL1,0.8951872289180756,0.9083424508571625,0.510882630944252,0.38332416117191315
nb_s286378_mpnn_1_PDL1,0.9301543235778809,0.9074138402938843,0.7694124281406403,0.6441791653633118
nb_s378562_mpnn_3_PDL1,0.8968361914157867,0.9181064367294312,0.39753834903240204,0.5930872857570648
nb_s878765_mpnn_2_PDL1,0.9249836802482605,0.9309641122817993,0.700518399477005,0.7516522109508514
nb_s53820_mpnn_1_PDL1,0.8954444527626038,0.9004497826099396,0.27896852791309357,0.47529424726963043
nb_s166775_mpnn_5_PDL1,0.932227611541748,0.9337441027164459,0.7887760400772095,0.8154278695583344
nb_s887286_mpnn_4_PDL1,0.8757860064506531,0.916393518447876,0.26315419375896454,0.6880886554718018
nb_s829439_mpnn_5_PDL1,0.8884776830673218,0.8962421417236328,0.3517206609249115,0.533178061246872
nb_s202316_mpnn_2_PDL1,0.9113964736461639,0.929230123758316,0.7188465893268585,0.7976194322109222
nb_s850749_mpnn_1_PDL1,0.9009733200073242,0.922817051410675,0.4938286244869232,0.6428029239177704
nb_s494235_mpnn_5_PDL1,0.9295743703842163,0.8918630182743073,0.8182575106620789,0.3274564743041992
nb_s731266_mpnn_5_PDL1,0.8911070227622986,0.9160570502281189,0.44495029747486115,0.5462557673454285
nb_s908222_mpnn_5_PDL1,0.9101567268371582,0.9335089921951294,0.6870200932025909,0.8033581376075745
nb_s893078_mpnn_5_PDL1,0.8731404542922974,0.9116834998130798,0.27855102717876434,0.7711988985538483
nb_s286378_mpnn_3_PDL1,0.9329469501972198,0.8799530565738678,0.7881094515323639,0.5617964565753937
nb_s817878_mpnn_1_PDL1,0.9274118542671204,0.905861884355545,0.7313328683376312,0.613329291343689
nb_s759449_mpnn_1_PDL1,0.9050721526145935,0.9323019087314606,0.5398265719413757,0.8236884772777557
nb_s53820_mpnn_2_PDL1,0.8942631185054779,0.918139636516571,0.25820983946323395,0.6487489342689514
nb_s919455_mpnn_1_PDL1,0.9207212924957275,0.8973763883113861,0.43690334260463715,0.5089208036661148
nb_s926337_mpnn_1_PDL1,0.9049919545650482,0.9065096080303192,0.2993996739387512,0.41838817298412323
nb_s299161_mpnn_2_PDL1,0.909661740064621,0.8982789218425751,0.317757323384285,0.35992181301116943
nb_s202316_mpnn_3_PDL1,0.9118585288524628,0.9296479225158691,0.7255030870437622,0.7871653139591217
nb_s850749_mpnn_2_PDL1,0.9269440770149231,0.9242035150527954,0.7485738098621368,0.6740862429141998
nb_s272990_mpnn_1_PDL1,0.9024131000041962,0.9189889132976532,0.2750086486339569,0.4875829219818115
nb_s731008_mpnn_1_PDL1,0.9115621447563171,0.8999620079994202,0.724568247795105,0.6505616307258606
nb_s37712_mpnn_2_PDL1,0.898004800081253,0.916893482208252,0.40949034690856934,0.4131613224744797
nb_s171911_mpnn_1_PDL1,0.9192917048931122,0.9202884435653687,0.6341213881969452,0.6640837490558624
nb_s7171_mpnn_2_PDL1,0.8983424305915833,0.8967675566673279,0.4972185045480728,0.321798637509346
nb_s817878_mpnn_2_PDL1,0.9277082085609436,0.9279183447360992,0.6345116794109344,0.6525322794914246
nb_s389903_mpnn_5_PDL1,0.8959217667579651,0.9265238642692566,0.2621447294950485,0.7710235416889191
nb_s618542_mpnn_2_PDL1,0.8929521441459656,0.9248129427433014,0.3978290259838104,0.8134171664714813
nb_s919455_mpnn_4_PDL1,0.8953666687011719,0.8920171856880188,0.3288601338863373,0.37516698241233826
nb_s926337_mpnn_2_PDL1,0.9038756191730499,0.911207765340805,0.3838719427585602,0.3909083902835846
nb_s38254_mpnn_5_PDL1,0.9072283804416656,0.8897378444671631,0.6117726862430573,0.5779208838939667
nb_s462498_mpnn_2_PDL1,0.92337366938591,0.8882417678833008,0.7843762338161469,0.26816050708293915
nb_s718865_mpnn_2_PDL1,0.8862173855304718,0.8835728466510773,0.3936789184808731,0.31923529505729675
nb_s834944_mpnn_1_PDL1,0.9307937622070312,0.9307810962200165,0.7766901850700378,0.7823261618614197
nb_s731008_mpnn_2_PDL1,0.912982314825058,0.9111436307430267,0.7182045876979828,0.7308445572853088
nb_s37712_mpnn_5_PDL1,0.8966463506221771,0.8977279961109161,0.3886454701423645,0.45122861862182617
nb_s826150_mpnn_1_PDL1,0.9097426235675812,0.9219121634960175,0.7605326771736145,0.5245672464370728
nb_s7171_mpnn_3_PDL1,0.9020187258720398,0.893578052520752,0.32095806300640106,0.2779206484556198
nb_s302651_mpnn_3_PDL1,0.869980126619339,0.9279002249240875,0.3738579899072647,0.7234292328357697
nb_s759449_mpnn_4_PDL1,0.909948319196701,0.9036974310874939,0.7412546277046204,0.29510535299777985
nb_s618542_mpnn_3_PDL1,0.892041027545929,0.9281382858753204,0.3005680739879608,0.8391070067882538
nb_s467069_mpnn_3_PDL1,0.92556232213974,0.9273218810558319,0.6957523822784424,0.7795004844665527
nb_s216967_mpnn_4_PDL1,0.9252354502677917,0.9266966283321381,0.7655124664306641,0.7656316757202148
nb_s467146_mpnn_5_PDL1,0.8681796789169312,0.8858919143676758,0.15761549025774002,0.37355758249759674
nb_s632243_mpnn_4_PDL1,0.8701249957084656,0.8752200305461884,0.3428589850664139,0.4640396237373352
nb_s834944_mpnn_4_PDL1,0.9318516552448273,0.93167844414711,0.7782163023948669,0.7833524644374847
nb_s282075_mpnn_1_PDL1,0.8910064399242401,0.8960131704807281,0.2738460749387741,0.4954878091812134
nb_s916275_mpnn_1_PDL1,0.9000086188316345,0.894845187664032,0.7599261105060577,0.6883027255535126
nb_s975197_mpnn_2_PDL1,0.9078351259231567,0.9296145439147949,0.6238664984703064,0.7490629255771637
nb_s499859_mpnn_4_PDL1,0.926779180765152,0.92649245262146,0.7514368891716003,0.7549335062503815
nb_s854077_mpnn_1_PDL1,0.9008267521858215,0.9251597225666046,0.3768286108970642,0.5829393267631531
nb_s870186_mpnn_1_PDL1,0.901543140411377,0.8924571871757507,0.7206467688083649,0.4600628614425659
nb_s622643_mpnn_2_PDL1,0.8939154744148254,0.9060187935829163,0.49178002774715424,0.6071484088897705
nb_s68363_mpnn_1_PDL1,0.8986449837684631,0.9256527721881866,0.5478565096855164,0.7514516413211823
nb_s251319_mpnn_2_PDL1,0.8819792866706848,0.8867258429527283,0.17972999066114426,0.6925587058067322
nb_s52054_mpnn_3_PDL1,0.887731671333313,0.8817161917686462,0.23137953877449036,0.3115224242210388
nb_s605394_mpnn_5_PDL1,0.8791813552379608,0.899387389421463,0.16765543818473816,0.4414664953947067
nb_s282075_mpnn_3_PDL1,0.89127117395401,0.9100304543972015,0.391584113240242,0.48956969380378723
nb_s916275_mpnn_4_PDL1,0.903946727514267,0.9009654819965363,0.7688008248806,0.7613187730312347
nb_s362656_mpnn_2_PDL1,0.9175929725170135,0.9203715920448303,0.2793484330177307,0.38429921865463257
nb_s206217_mpnn_2_PDL1,0.9306900203227997,0.9318357408046722,0.7982397973537445,0.808628499507904
nb_s854077_mpnn_2_PDL1,0.9341046214103699,0.9331980645656586,0.8056563138961792,0.7911747395992279
nb_s149825_mpnn_4_PDL1,0.8880098760128021,0.8853233456611633,0.1539398804306984,0.33724111318588257
nb_s465730_mpnn_3_PDL1,0.8889577984809875,0.9216766953468323,0.30386270582675934,0.777988463640213
nb_s892360_mpnn_1_PDL1,0.9191003739833832,0.9010302722454071,0.7224602699279785,0.675220251083374
nb_s68363_mpnn_3_PDL1,0.8989749252796173,0.9285816550254822,0.5866321623325348,0.7788320183753967
nb_s214428_mpnn_1_PDL1,0.8924847841262817,0.8940176665782928,0.5118348598480225,0.5312251150608063
nb_s255632_mpnn_3_PDL1,0.8933456838130951,0.8936693072319031,0.397634819149971,0.7034550309181213
nb_s351880_mpnn_1_PDL1,0.9003769755363464,0.9083659052848816,0.5448022484779358,0.3334755301475525
nb_s481672_mpnn_2_PDL1,0.9324125945568085,0.9328716695308685,0.8156788349151611,0.816570520401001
nb_s883690_mpnn_4_PDL1,0.8665692210197449,0.9171648025512695,0.28180670738220215,0.7584018111228943
nb_s895571_mpnn_3_PDL1,0.9331493079662323,0.9005106091499329,0.8048693239688873,0.42227114737033844
nb_s206217_mpnn_5_PDL1,0.929753839969635,0.9297140538692474,0.7966951131820679,0.7945361137390137
nb_s72302_mpnn_3_IL3,0.6202405393123627,0.6272581070661545,0.12646670266985893,0.19508150219917297
nb_s652766_mpnn_5_IL3,0.6039122939109802,0.6117703914642334,0.12327271699905396,0.16447272151708603
nb_s133952_mpnn_4_IL3,0.590242326259613,0.598471537232399,0.17742344737052917,0.27141737192869186
nb_s233025_mpnn_1_IL3,0.5977208018302917,0.6691634505987167,0.2609464079141617,0.4803055375814438
nb_s233025_mpnn_2_IL3,0.6122030317783356,0.6075145900249481,0.29633868485689163,0.28082380443811417
nb_s666722_mpnn_1_IL3,0.6273435056209564,0.6252538561820984,0.1422344632446766,0.16538995504379272
nb_s666722_mpnn_2_IL3,0.6185342818498611,0.6193362474441528,0.13985300809144974,0.24027878046035767
nb_s645924_mpnn_3_IL3,0.6257116794586182,0.6276686489582062,0.1399468556046486,0.25346066802740097
nb_s609713_mpnn_4_IL3,0.6259284913539886,0.6440339684486389,0.1564919576048851,0.2812180519104004
nb_s792926_mpnn_4_IL3,0.6138373762369156,0.6274153292179108,0.1339356191456318,0.21966521441936493
nb_s792926_mpnn_5_IL3,0.6112090349197388,0.6380329579114914,0.12521683424711227,0.2937324196100235
nb_s807208_mpnn_5_IL3,0.6062363684177399,0.6481886506080627,0.17691399902105331,0.3765653520822525
nb_s358395_mpnn_2_IL3,0.6101690381765366,0.6778947561979294,0.1333884596824646,0.41238564252853394
nb_s556135_mpnn_1_IL3,0.6101455688476562,0.6465780287981033,0.14067291468381882,0.27238570153713226
nb_s556135_mpnn_2_IL3,0.6069484800100327,0.6161285191774368,0.27102258801460266,0.24210120737552643
nb_s358395_mpnn_3_IL3,0.5999741852283478,0.6443565785884857,0.11642513424158096,0.21530357003211975
nb_s604314_mpnn_3_IL3,0.6106537282466888,0.6299472749233246,0.16852355748414993,0.32614633440971375
nb_s877988_mpnn_3_IL3,0.6102765500545502,0.6201961636543274,0.1709006428718567,0.2964646443724632
nb_s283003_mpnn_2_IL3,0.608713373541832,0.6399106234312057,0.21474958211183548,0.31801772117614746
nb_s283003_mpnn_3_IL3,0.6059544831514359,0.6174854338169098,0.22961997985839844,0.15671106427907944
nb_s807688_mpnn_3_IL3,0.6194940507411957,0.6271913051605225,0.14468906819820404,0.22474129498004913
nb_s81839_mpnn_1_IL3,0.6191964894533157,0.6358757615089417,0.14811386913061142,0.31242889165878296
nb_s81839_mpnn_3_IL3,0.6358933001756668,0.6761550754308701,0.2949347645044327,0.2531009763479233
nb_s206830_mpnn_1_IL3,0.6094347983598709,0.6649797409772873,0.19128981232643127,0.4274274855852127
nb_s289628_mpnn_1_IL3,0.6051624268293381,0.6507607251405716,0.11912018060684204,0.29832760989665985
nb_s450006_mpnn_3_IL3,0.6436282992362976,0.6258228719234467,0.4793092757463455,0.3864588961005211
nb_s483532_mpnn_3_IL3,0.6148403733968735,0.634644091129303,0.19151325523853302,0.38557910919189453
nb_s754136_mpnn_1_IL3,0.6110128611326218,0.6215444803237915,0.28488854318857193,0.2740168422460556
nb_s327251_mpnn_3_IL3,0.6283630579710007,0.6353361457586288,0.17254112660884857,0.3291816860437393
nb_s327251_mpnn_4_IL3,0.62868332862854,0.6320859044790268,0.15960745513439178,0.241371788084507
nb_s24110_mpnn_5_IL3,0.6081287711858749,0.6080370098352432,0.12666932493448257,0.21253226697444916
nb_s105046_mpnn_2_IL3,0.6221173107624054,0.643567219376564,0.1801639050245285,0.29001621901988983
nb_s141576_mpnn_4_IL3,0.6196790039539337,0.6173431277275085,0.10037943720817566,0.2778743803501129
nb_s614599_mpnn_3_IL3,0.6038483679294586,0.6531382501125336,0.11935888230800629,0.34618960320949554
nb_s182729_mpnn_5_IL3,0.6063202917575836,0.6498249769210815,0.1884942501783371,0.5060809999704361
nb_s310510_mpnn_2_IL3,0.6116166263818741,0.6159203350543976,0.1242867186665535,0.20493974536657333
nb_s870461_mpnn_2_IL3,0.6180519461631775,0.6233014315366745,0.14214873313903809,0.2245742604136467
nb_s870461_mpnn_4_IL3,0.6021288335323334,0.7024120688438416,0.14424420148134232,0.4452292025089264
nb_s459933_mpnn_3_IL3,0.6184887737035751,0.6424596160650253,0.23430798202753067,0.201858788728714
nb_s768471_mpnn_1_IL3,0.6085905730724335,0.6153192818164825,0.14414531365036964,0.20245881378650665
nb_s1156_mpnn_5_IL3,0.6069029420614243,0.6259777843952179,0.1434136927127838,0.19701829552650452
nb_s541171_mpnn_1_IL3,0.5972098112106323,0.6050506085157394,0.1507338136434555,0.21830585598945618
nb_s140867_mpnn_3_IL3,0.6075192987918854,0.6068622767925262,0.2536943703889847,0.21827690303325653
nb_s183327_mpnn_2_IL3,0.6203978061676025,0.6230386942625046,0.1632758006453514,0.24612313508987427
nb_s2898_mpnn_1_IL3,0.6095750033855438,0.6070608198642731,0.1345977522432804,0.1663593351840973
nb_s923023_mpnn_1_IL3,0.6220466494560242,0.6340704411268234,0.1466897539794445,0.1745191290974617
nb_s299548_mpnn_5_IL20,0.9144841730594635,0.8984588980674744,0.7397753596305847,0.2853982746601105
nb_s33838_mpnn_1_IL20,0.914709597826004,0.904462456703186,0.6663738787174225,0.35666535794734955
nb_s33838_mpnn_3_IL20,0.9106337428092957,0.898517906665802,0.28409627079963684,0.30635692179203033
nb_s390940_mpnn_2_IL20,0.8770470321178436,0.8758160173892975,0.20582488924264908,0.22857487201690674
nb_s390940_mpnn_4_IL20,0.8758785426616669,0.874252587556839,0.20541446655988693,0.21596422791481018
nb_s403539_mpnn_3_IL20,0.8815108239650726,0.8637975454330444,0.4835505187511444,0.2867628484964371
nb_s410453_mpnn_5_IL20,0.9117781221866608,0.8777207136154175,0.7766897678375244,0.45983871817588806
nb_s410453_mpnn_2_IL20,0.914144903421402,0.8997408151626587,0.7710754573345184,0.7038339674472809
nb_s473012_mpnn_5_IL20,0.9229698777198792,0.9135176241397858,0.8049310147762299,0.7126570343971252
nb_s530943_mpnn_3_IL20,0.9218001365661621,0.897614449262619,0.7359324395656586,0.6229307055473328
nb_s563170_mpnn_3_IL20,0.8954551517963409,0.8843395113945007,0.41370172798633575,0.3414337933063507
nb_s771809_mpnn_3_IL20,0.916203498840332,0.9113244414329529,0.35528627038002014,0.4102032482624054
nb_s785824_mpnn_3_IL20,0.879267156124115,0.8846141993999481,0.22832481563091278,0.4136390686035156
nb_s785824_mpnn_2_IL20,0.8811938464641571,0.880994439125061,0.2318379133939743,0.23044700175523758
nb_s103722_mpnn_4_IL20,0.8816806972026825,0.8733093738555908,0.2495194375514984,0.256044939160347
nb_s148672_mpnn_1_IL20,0.8901068270206451,0.8880925476551056,0.49778902530670166,0.376876562833786
nb_s169413_mpnn_5_IL20,0.9114581346511841,0.8825131952762604,0.7322180569171906,0.24716705828905106
nb_s80385_mpnn_2_IL20,0.9137313067913055,0.8686671555042267,0.758834719657898,0.3071330785751343
nb_s837885_mpnn_1_IL20,0.9234955906867981,0.9233929812908173,0.7450992465019226,0.749963104724884
nb_s874243_mpnn_2_IL20,0.9221485257148743,0.8998191356658936,0.7900535762310028,0.325642928481102
nb_s874243_mpnn_5_IL20,0.9209511578083038,0.8734232485294342,0.7844758033752441,0.6178950667381287
nb_s913468_mpnn_2_IL20,0.9225637912750244,0.8837104141712189,0.7425114512443542,0.26289066672325134
nb_s913468_mpnn_5_IL20,0.9088102281093597,0.8969210982322693,0.6352545022964478,0.26401442289352417
nb_s921313_mpnn_2_IL20,0.9078158438205719,0.8810896277427673,0.6856501698493958,0.2805296927690506
nb_s201653_mpnn_1_IL20,0.9015026390552521,0.9010023772716522,0.315004900097847,0.35773834586143494
nb_s296830_mpnn_3_IL20,0.9167060554027557,0.9027649760246277,0.7519544959068298,0.30284060537815094
nb_s2975_mpnn_1_IL20,0.9175190627574921,0.8790184557437897,0.7395879924297333,0.2355915531516075
nb_s434952_mpnn_1_IL20,0.9162068963050842,0.892293393611908,0.6188184022903442,0.3785831034183502
nb_s566504_mpnn_1_IL20,0.9148084819316864,0.7375554442405701,0.6771086752414703,0.33882106840610504
nb_s566504_mpnn_5_IL20,0.9141355454921722,0.9149549007415771,0.6785211861133575,0.6485927700996399
nb_s607831_mpnn_3_IL20,0.8847090005874634,0.9114966988563538,0.15702949464321136,0.5709293484687805
nb_s607831_mpnn_5_IL20,0.8826827108860016,0.8818551003932953,0.18510311841964722,0.3771035373210907
nb_s64546_mpnn_3_IL20,0.9196074903011322,0.89411860704422,0.7628467082977295,0.3040674775838852
nb_s64546_mpnn_1_IL20,0.9188858866691589,0.9068250060081482,0.7685446441173553,0.4524543732404709
nb_s648479_mpnn_1_IL20,0.9046628475189209,0.8809335827827454,0.618438184261322,0.27569417655467987
nb_s689267_mpnn_1_IL20,0.9258918166160583,0.9007158279418945,0.7940093874931335,0.2519488111138344
nb_s689267_mpnn_2_IL20,0.9274856448173523,0.9272350668907166,0.7949868738651276,0.7981986403465271
nb_s713450_mpnn_2_IL20,0.9210071861743927,0.7765966355800629,0.7917164862155914,0.30321967601776123
nb_s717713_mpnn_4_IL20,0.921861082315445,0.8713706731796265,0.7938745021820068,0.29674752056598663
nb_s717713_mpnn_2_IL20,0.9236096739768982,0.8540881276130676,0.812155157327652,0.24535834789276123
nb_s752383_mpnn_5_IL20,0.9193635880947113,0.7691791355609894,0.8101449310779572,0.28180907666683197
nb_s752383_mpnn_3_IL20,0.9228377938270569,0.7848308980464935,0.8176742494106293,0.3707975298166275
nb_s713450_mpnn_1_IL20,0.9120438992977142,0.8904775381088257,0.7515658140182495,0.33502884209156036
nb_s417721_mpnn_3_BHRF,0.930091142654419,0.9307296872138977,0.8436183631420135,0.8462563157081604
nb_s795450_mpnn_4_BHRF,0.9033131301403046,0.9162312746047974,0.4454410821199417,0.7109466195106506
nb_s55152_mpnn_1_BHRF,0.8891333043575287,0.8842184245586395,0.5298519730567932,0.614437460899353
nb_s802159_mpnn_2_BHRF,0.9251434504985809,0.9279745221138,0.7738056480884552,0.7882504463195801
nb_s506400_mpnn_4_BHRF,0.896859347820282,0.902191549539566,0.30006323754787445,0.3615378141403198
nb_s949322_mpnn_4_BHRF,0.8875571191310883,0.8909737765789032,0.23727531731128693,0.49000459909439087
nb_s453654_mpnn_2_BHRF,0.9321645200252533,0.9317072629928589,0.7996928691864014,0.8162215948104858
nb_s175477_mpnn_2_BHRF,0.8996710777282715,0.900416761636734,0.31499119102954865,0.39932382106781006
nb_s293208_mpnn_4_BHRF,0.9052101075649261,0.9137242436408997,0.18499815464019775,0.7023321986198425
nb_s949322_mpnn_2_BHRF,0.8743689060211182,0.8871453404426575,0.21140152215957642,0.41470247507095337
nb_s664067_mpnn_3_BHRF,0.8923857808113098,0.9183310866355896,0.2814074754714966,0.7559482455253601
nb_s830050_mpnn_4_BHRF,0.9270581007003784,0.9273901283740997,0.8059327006340027,0.8065410852432251
nb_s648756_mpnn_3_BHRF,0.904684454202652,0.9176725149154663,0.29223258793354034,0.6967495977878571
nb_s596199_mpnn_2_BHRF,0.8963738977909088,0.9293666481971741,0.3939126282930374,0.8092915713787079
nb_s596199_mpnn_3_BHRF,0.8981640040874481,0.9309222400188446,0.5150355100631714,0.8127222955226898
nb_s648756_mpnn_1_BHRF,0.9000154733657837,0.9190107583999634,0.21969187259674072,0.6914827227592468
nb_s983700_mpnn_1_BHRF,0.9071270525455475,0.9129078090190887,0.662125438451767,0.7233489453792572
nb_s175477_mpnn_4_BHRF,0.9047902226448059,0.9215665459632874,0.3219418078660965,0.7500047385692596
nb_s877334_mpnn_1_BHRF,0.9021507203578949,0.9049195349216461,0.5812838971614838,0.5123106390237808
nb_s109706_mpnn_2_BHRF,0.9233314692974091,0.9280658066272736,0.8190769553184509,0.8318735957145691
nb_s651199_mpnn_2_BHRF,0.8930821120738983,0.901072770357132,0.2148856669664383,0.46308113634586334
nb_s558025_mpnn_1_BHRF,0.8918299078941345,0.9077081382274628,0.2574368044734001,0.517640084028244
nb_s814263_mpnn_3_BHRF,0.8966302871704102,0.9010320901870728,0.17636938393115997,0.4975346624851227
nb_s983700_mpnn_2_BHRF,0.8893272578716278,0.9161747992038727,0.3348221927881241,0.7324246764183044
nb_s353537_mpnn_1_BHRF,0.8914622962474823,0.9172827005386353,0.17940209805965424,0.761474609375
nb_s849285_mpnn_4_BHRF,0.9142594337463379,0.9196418821811676,0.2909015417098999,0.6863338649272919
nb_s807321_mpnn_2_BHRF,0.9068924784660339,0.9065215587615967,0.6498238444328308,0.6754544973373413
nb_s204617_mpnn_1_BHRF,0.9233143925666809,0.9060289859771729,0.8081924617290497,0.3366052806377411
nb_s877334_mpnn_2_BHRF,0.9076755940914154,0.9250644147396088,0.6356035768985748,0.8068453073501587
nb_s373735_mpnn_2_BHRF,0.9300967156887054,0.9299054145812988,0.7841746509075165,0.7951870560646057
nb_s814263_mpnn_4_BHRF,0.8913507461547852,0.910300999879837,0.18339822441339493,0.661261111497879
nb_s663598_mpnn_2_BHRF,0.917223185300827,0.9340770840644836,0.6419945955276489,0.8401355743408203
nb_s327664_mpnn_4_BHRF,0.9276341795921326,0.9274792671203613,0.8075800538063049,0.8087139427661896
nb_s453654_mpnn_1_BHRF,0.9026156663894653,0.9299837350845337,0.23473726958036423,0.7923896014690399
nb_s39537_mpnn_2_BHRF,0.9243710935115814,0.923436164855957,0.7981077134609222,0.793248325586319
nb_s105306_mpnn_3_BHRF,0.9172516763210297,0.9210876524448395,0.5464265942573547,0.726453423500061
nb_s80543_mpnn_1_BHRF,0.9147299528121948,0.9188234210014343,0.6251161098480225,0.6918811500072479
nb_s544951_mpnn_3_BHRF,0.9079813659191132,0.8992053866386414,0.29331088066101074,0.4139094054698944
nb_s299383_mpnn_3_BHRF,0.9177933037281036,0.919005274772644,0.21974968165159225,0.38709287345409393
nb_s105306_mpnn_2_BHRF,0.919445663690567,0.9192678034305573,0.5604446530342102,0.5436948537826538
nb_s938027_mpnn_3_BHRF,0.9055498242378235,0.9319201111793518,0.2726837024092674,0.8545100390911102
nb_s606821_mpnn_1_BHRF,0.8858456313610077,0.8877532184123993,0.2364298775792122,0.2611522749066353
nb_s664067_mpnn_1_BHRF,0.8950193524360657,0.9172805547714233,0.25722265243530273,0.7304787039756775
nb_s830050_mpnn_2_BHRF,0.9064136445522308,0.924004077911377,0.7360296845436096,0.789098471403122
nb_s558025_mpnn_4_BHRF,0.8937267065048218,0.9117576777935028,0.27425725758075714,0.6445328891277313
nb_s276607_mpnn_4_BHRF,0.8833315968513489,0.8797427713871002,0.17370376735925674,0.32542024552822113
nb_s442197_mpnn_3_BHRF,0.9156016409397125,0.9048993289470673,0.5813878178596497,0.6157533526420593
nb_s776407_mpnn_2_BHRF,0.9032413959503174,0.8962404727935791,0.5562214851379395,0.49134959280490875
nb_s206651_mpnn_1_BHRF,0.8843373954296112,0.8914444148540497,0.18717321753501892,0.41903315484523773
nb_s972445_mpnn_2_BHRF,0.9168173670768738,0.9290997087955475,0.6966589689254761,0.8111458122730255
nb_s413501_mpnn_3_BHRF,0.9102229177951813,0.9076951742172241,0.19713708758354187,0.5889652073383331
nb_s80903_mpnn_4_BHRF,0.9096477627754211,0.9086857438087463,0.30026067793369293,0.3495791256427765
nb_s185784_mpnn_4_BHRF,0.8996924161911011,0.9078729450702667,0.1579565927386284,0.3270008862018585
nb_s465730_mpnn_4_BHRF,0.9047967195510864,0.8908482193946838,0.3442123830318451,0.3766661435365677
nb_s892360_mpnn_4_BHRF,0.8968327641487122,0.8920184075832367,0.24116718769073486,0.3082304000854492
nb_s461534_mpnn_4_BHRF,0.9201939105987549,0.9198914468288422,0.21303781121969223,0.5015877783298492
nb_s1683_mpnn_1_IL3,0.5908449441194534,0.667084276676178,0.10532653704285622,0.4531773179769516
nb_s859190_mpnn_1_IL20,0.9080939888954163,0.879671722650528,0.26140686869621277,0.34468699991703033
nb_s78562_mpnn_1_IL20,0.8900634348392487,0.867830753326416,0.2334931418299675,0.2624494731426239
nb_s351880_mpnn_3_IL20,0.893026739358902,0.8841447830200195,0.22075583785772324,0.2345229536294937
nb_s481672_mpnn_4_IL3,0.6173490136861801,0.6476825922727585,0.12661615014076233,0.40330420434474945
nb_s191527_mpnn_5_IL3,0.6136771887540817,0.6448540687561035,0.12271237373352051,0.42051874101161957
nb_s491148_mpnn_3_IL20,0.9049481451511383,0.8994245827198029,0.5429244339466095,0.3217413127422333
nb_s745346_mpnn_4_BHRF,0.8862069249153137,0.8884734809398651,0.16165217012166977,0.3152085840702057
nb_s878765_mpnn_1_IL20,0.9080963432788849,0.9134961366653442,0.20972535759210587,0.665585994720459
nb_s185784_mpnn_5_BHRF,0.8984764814376831,0.8926877975463867,0.17170506715774536,0.3861715644598007
nb_s166775_mpnn_1_BHRF,0.8941487967967987,0.8969467282295227,0.341553270816803,0.3028471916913986
nb_s887286_mpnn_2_IL20,0.8745198845863342,0.853600025177002,0.21283327043056488,0.32792916893959045
nb_s829439_mpnn_1_IL3,0.6003901362419128,0.7136165201663971,0.12623709067702293,0.584437221288681
nb_s1683_mpnn_2_IL20,0.8703984320163727,0.8481474816799164,0.15058888494968414,0.24842756986618042
nb_s771573_mpnn_5_BHRF,0.903822511434555,0.9062817990779877,0.17592397332191467,0.44847290217876434
nb_s78562_mpnn_2_IL20,0.900321900844574,0.9061226844787598,0.3769121319055557,0.6024046540260315
nb_s885633_mpnn_2_IL3,0.6206122040748596,0.642489418387413,0.16411259025335312,0.3457856774330139
nb_s319551_mpnn_2_BHRF,0.9052784144878387,0.9140342175960541,0.14066541194915771,0.4806986600160599
nb_s416874_mpnn_3_IL20,0.8940182030200958,0.8967291116714478,0.2118925154209137,0.38855689764022827
nb_s286378_mpnn_1_IL3,0.6206242740154266,0.6169931888580322,0.3062644302845001,0.3098803162574768
nb_s378562_mpnn_3_IL20,0.9002524018287659,0.8828421831130981,0.29932381212711334,0.2752554789185524
nb_s878765_mpnn_2_BHRF,0.911428689956665,0.9103325009346008,0.169696643948555,0.23704539239406586
nb_s53820_mpnn_1_IL3,0.6221897304058075,0.6291241496801376,0.15350587666034698,0.23318222165107727
nb_s166775_mpnn_5_IL20,0.8983953595161438,0.9035396575927734,0.5032595992088318,0.35405218601226807
nb_s887286_mpnn_4_BHRF,0.8719819784164429,0.8952255845069885,0.18398700654506683,0.39646100997924805
nb_s829439_mpnn_5_BHRF,0.8967235088348389,0.90230593085289,0.19589710980653763,0.4978778213262558
nb_s202316_mpnn_2_IL3,0.6105496883392334,0.6139975339174271,0.11476026475429535,0.21714948117733002
nb_s850749_mpnn_1_IL3,0.6059330254793167,0.6117649078369141,0.11283363029360771,0.30792899429798126
nb_s494235_mpnn_5_IL20,0.9007649123668671,0.9014860093593597,0.22185640037059784,0.3130103200674057
nb_s731266_mpnn_5_IL3,0.6575075089931488,0.6218009442090988,0.46854035556316376,0.30169908702373505
nb_s908222_mpnn_5_IL3,0.6144155263900757,0.6415048390626907,0.1635972112417221,0.32748739421367645
nb_s893078_mpnn_5_IL20,0.8815102875232697,0.8724402189254761,0.20550128817558289,0.4395456612110138
nb_s286378_mpnn_3_BHRF,0.9121351540088654,0.9035940170288086,0.3477351665496826,0.4890487790107727
nb_s817878_mpnn_1_BHRF,0.9067984521389008,0.9038036167621613,0.2605002745985985,0.3109152466058731
nb_s759449_mpnn_1_IL3,0.6576016247272491,0.6730912923812866,0.5365018099546432,0.43627625703811646
nb_s53820_mpnn_2_BHRF,0.8961026072502136,0.8982900381088257,0.23080598562955856,0.2924746125936508
nb_s919455_mpnn_1_BHRF,0.9122101366519928,0.9159155488014221,0.18945841491222382,0.42399169504642487
nb_s926337_mpnn_1_IL3,0.6091994643211365,0.6493996530771255,0.12403159961104393,0.2595612108707428
nb_s299161_mpnn_2_BHRF,0.9107170403003693,0.9153326749801636,0.23675228655338287,0.30351363122463226
nb_s202316_mpnn_3_IL20,0.8996131420135498,0.9024861752986908,0.15033186972141266,0.3342404365539551
nb_s850749_mpnn_2_IL20,0.9078074991703033,0.9047442078590393,0.3131801337003708,0.26032139360904694
nb_s272990_mpnn_1_BHRF,0.9150514304637909,0.9062746465206146,0.21773861348628998,0.2717490643262863
nb_s731008_mpnn_1_IL20,0.8984589278697968,0.8834152817726135,0.5123043358325958,0.42208749055862427
nb_s37712_mpnn_2_BHRF,0.9051090180873871,0.9076521098613739,0.5413257479667664,0.693154901266098
nb_s171911_mpnn_1_IL20,0.9046831727027893,0.8547351062297821,0.24041877686977386,0.2569127678871155
nb_s7171_mpnn_2_BHRF,0.8958378732204437,0.8927717804908752,0.20405588299036026,0.3189987391233444
nb_s817878_mpnn_2_IL3,0.6129468828439713,0.6123543977737427,0.16570009291172028,0.2657313346862793
nb_s389903_mpnn_5_IL20,0.9031795263290405,0.884936511516571,0.21683818846940994,0.34779250621795654
nb_s618542_mpnn_2_IL3,0.6087472140789032,0.6148452758789062,0.2513587325811386,0.19382819533348083
nb_s919455_mpnn_4_IL3,0.6054462492465973,0.6294673979282379,0.11341451853513718,0.2587036192417145
nb_s926337_mpnn_2_IL3,0.6157635897397995,0.634762704372406,0.1715654730796814,0.275501012802124
nb_s38254_mpnn_5_IL3,0.6124541163444519,0.6328181773424149,0.25911644846200943,0.49050599336624146
nb_s462498_mpnn_2_IL20,0.8989334404468536,0.899019718170166,0.24770864844322205,0.3197825998067856
nb_s718865_mpnn_2_BHRF,0.9052041471004486,0.8979103267192841,0.36231644451618195,0.33268269896507263
nb_s834944_mpnn_1_IL20,0.9012390077114105,0.8111746609210968,0.19987404346466064,0.25617754459381104
nb_s731008_mpnn_2_IL3,0.6081550717353821,0.6149351894855499,0.2637452557682991,0.23121660202741623
nb_s37712_mpnn_5_BHRF,0.902994841337204,0.9111437201499939,0.4892922639846802,0.68671914935112
nb_s826150_mpnn_1_BHRF,0.9122643172740936,0.9133847057819366,0.15715625882148743,0.3274828791618347
nb_s7171_mpnn_3_IL3,0.6105421930551529,0.6258955150842667,0.13132419064641,0.1663793846964836
nb_s302651_mpnn_3_BHRF,0.9100019335746765,0.9199074506759644,0.2095610350370407,0.6333717107772827
nb_s759449_mpnn_4_IL20,0.9048595428466797,0.9059983789920807,0.21731872111558914,0.35105110704898834
nb_s618542_mpnn_3_IL3,0.6052196621894836,0.626050591468811,0.2242274060845375,0.28800739347934723
nb_s467069_mpnn_3_IL3,0.6103572994470596,0.6166657656431198,0.14409524947404861,0.22937943786382675
nb_s216967_mpnn_4_BHRF,0.9021748304367065,0.9003181755542755,0.16504835337400436,0.5423378646373749
nb_s467146_mpnn_5_BHRF,0.8906723856925964,0.9091781973838806,0.15455162525177002,0.5684584081172943
nb_s632243_mpnn_4_IL20,0.8799264430999756,0.8810043632984161,0.3318583220243454,0.32538266479969025
nb_s834944_mpnn_4_BHRF,0.9124972820281982,0.9117525815963745,0.3107862323522568,0.5238263309001923
nb_s282075_mpnn_1_IL20,0.8981068134307861,0.8814377784729004,0.19742868840694427,0.28249961137771606
nb_s916275_mpnn_1_BHRF,0.8953356742858887,0.8958490788936615,0.341690257191658,0.36728914082050323
nb_s975197_mpnn_2_IL3,0.6052382290363312,0.6085189431905746,0.3048528954386711,0.2670309543609619
nb_s499859_mpnn_4_IL3,0.598730742931366,0.6091873645782471,0.29694562405347824,0.28137387335300446
nb_s854077_mpnn_1_IL3,0.6140774190425873,0.6202067285776138,0.1389421448111534,0.20090704411268234
nb_s870186_mpnn_1_IL20,0.8899225890636444,0.8715829849243164,0.26633264869451523,0.3151537775993347
nb_s622643_mpnn_2_IL3,0.6016192734241486,0.6263521611690521,0.10415583476424217,0.212161086499691
nb_s467069_mpnn_5_IL3,0.6161699891090393,0.6192454844713211,0.1391482800245285,0.29579226672649384
nb_s68363_mpnn_1_BHRF,0.9080139696598053,0.9116597175598145,0.20058637112379074,0.3246978372335434
nb_s251319_mpnn_2_IL20,0.8861125111579895,0.7772646248340607,0.13743139058351517,0.249722458422184
nb_s52054_mpnn_3_BHRF,0.900214672088623,0.8836858570575714,0.49240216612815857,0.4403594583272934
nb_s605394_mpnn_5_IL20,0.8829971551895142,0.8695054352283478,0.15368358045816422,0.2575031667947769
nb_s282075_mpnn_3_IL20,0.8975899517536163,0.8766181170940399,0.20365015417337418,0.30470743775367737
nb_s916275_mpnn_4_BHRF,0.8944539427757263,0.8861792385578156,0.29529035091400146,0.3244885504245758
nb_s362656_mpnn_2_IL3,0.6129455864429474,0.6430941373109818,0.12227057665586472,0.3536011278629303
nb_s206217_mpnn_2_IL3,0.6134404838085175,0.6188225150108337,0.13394662737846375,0.34296609461307526
nb_s854077_mpnn_2_IL3,0.6175267845392227,0.6403633952140808,0.13620510697364807,0.21657046675682068
nb_s149825_mpnn_4_IL3,0.6006263196468353,0.6198596954345703,0.14995300024747849,0.2511296942830086
nb_s465730_mpnn_3_BHRF,0.8972388505935669,0.901863157749176,0.26586008071899414,0.1811138093471527
nb_s892360_mpnn_1_IL3,0.6115441620349884,0.6103211045265198,0.21757028251886368,0.16455353051424026
nb_s68363_mpnn_3_BHRF,0.9087960124015808,0.8956926167011261,0.203777477145195,0.30779825150966644
nb_s214428_mpnn_1_IL20,0.8885313868522644,0.888433039188385,0.2006719931960106,0.3630000054836273
nb_s255632_mpnn_3_IL20,0.8983440101146698,0.8883447051048279,0.4684196263551712,0.26885561645030975
nb_s351880_mpnn_1_BHRF,0.9016320407390594,0.8965244889259338,0.281468465924263,0.31361517310142517
nb_s481672_mpnn_2_IL3,0.6175911724567413,0.6149289458990097,0.1256435252726078,0.2504785358905792
nb_s883690_mpnn_4_IL20,0.8720341324806213,0.8625051975250244,0.23192140460014343,0.28999561071395874
nb_s895571_mpnn_3_IL3,0.6113782823085785,0.71102574467659,0.1344936490058899,0.5398532450199127
nb_s206217_mpnn_5_IL20,0.9062587916851044,0.8812258243560791,0.24238713830709457,0.3220675438642502
nb_s72302_mpnn_3_IL20,0.9146988093852997,0.9156078100204468,0.21634599566459656,0.48365460336208344
nb_s652766_mpnn_5_BHRF,0.899340957403183,0.9016097187995911,0.2836104929447174,0.4557258039712906
nb_s133952_mpnn_4_BHRF,0.8956700265407562,0.9078294634819031,0.24141737818717957,0.38284802436828613
nb_s233025_mpnn_1_BHRF,0.9005321562290192,0.8789999186992645,0.20654463022947311,0.3881949633359909
nb_s233025_mpnn_2_BHRF,0.9131997525691986,0.9017392694950104,0.28510841727256775,0.4179009348154068
nb_s666722_mpnn_1_BHRF,0.9217410683631897,0.9169594347476959,0.5930205285549164,0.343129500746727
nb_s666722_mpnn_2_IL20,0.9049187302589417,0.9054151177406311,0.21375294774770737,0.30445466935634613
nb_s645924_mpnn_3_BHRF,0.9221854209899902,0.9233240187168121,0.5846060514450073,0.6299204528331757
nb_s609713_mpnn_4_BHRF,0.9147781431674957,0.9081903696060181,0.16574051976203918,0.34537769854068756
nb_s792926_mpnn_4_BHRF,0.8980987370014191,0.8950506150722504,0.22346734255552292,0.28050340712070465
nb_s792926_mpnn_5_IL20,0.8974553942680359,0.8759806156158447,0.30897706747055054,0.28966011106967926
nb_s807208_mpnn_5_PDL1,0.8864485323429108,0.8798547387123108,0.26158495247364044,0.428041011095047
nb_s358395_mpnn_2_PDL1,0.8951564729213715,0.891973465681076,0.25311390310525894,0.40374933183193207
nb_s556135_mpnn_1_IL20,0.8986114859580994,0.8749565184116364,0.1853122040629387,0.299484446644783
nb_s556135_mpnn_2_IL20,0.8888412415981293,0.8664821088314056,0.18223974853754044,0.36856208741664886
nb_s358395_mpnn_3_PDL1,0.8894912600517273,0.8910005390644073,0.20128057152032852,0.3663981109857559
nb_s604314_mpnn_3_BHRF,0.8968335390090942,0.9022479057312012,0.21026574820280075,0.30170516669750214
nb_s877988_mpnn_3_IL20,0.8987144231796265,0.9016419053077698,0.173213891685009,0.22792916744947433
nb_s283003_mpnn_2_IL20,0.8960751295089722,0.8663120865821838,0.1620125100016594,0.3527043014764786
nb_s283003_mpnn_3_PDL1,0.8981903195381165,0.9020372927188873,0.24446327984333038,0.3539489507675171
nb_s807688_mpnn_3_IL20,0.907385379076004,0.8987860679626465,0.225688599050045,0.3178241550922394
nb_s81839_mpnn_1_BHRF,0.9150679707527161,0.9221141934394836,0.2726799249649048,0.4856605678796768
nb_s81839_mpnn_3_IL20,0.9093791842460632,0.8943481147289276,0.19045871496200562,0.36453360319137573
nb_s206830_mpnn_1_PDL1,0.8839567601680756,0.9280773103237152,0.2554481327533722,0.6349987983703613
nb_s289628_mpnn_1_PDL1,0.8940392136573792,0.8941808938980103,0.25439440459012985,0.4214635491371155
nb_s450006_mpnn_3_IL20,0.9046650528907776,0.8865139484405518,0.30839118361473083,0.25596314668655396
nb_s483532_mpnn_3_BHRF,0.9047701358795166,0.8912289142608643,0.170485720038414,0.3592114895582199
nb_s754136_mpnn_1_IL20,0.9057589471340179,0.8617549538612366,0.1642230600118637,0.26066558063030243
nb_s327251_mpnn_3_PDL1,0.9136545062065125,0.9109626710414886,0.29851751029491425,0.360195130109787
nb_s327251_mpnn_4_IL20,0.9167577624320984,0.9064438045024872,0.7214186489582062,0.2660992965102196
nb_s24110_mpnn_5_BHRF,0.9004520773887634,0.908366471529007,0.3564934879541397,0.5568786859512329
nb_s105046_mpnn_2_PDL1,0.9024441242218018,0.9007312655448914,0.24402488768100739,0.4219132512807846
nb_s141576_mpnn_4_PDL1,0.9032886028289795,0.9096506834030151,0.338759645819664,0.4347340762615204
nb_s614599_mpnn_3_IL20,0.8940459489822388,0.8987043797969818,0.28611496090888977,0.30941881239414215
nb_s182729_mpnn_5_PDL1,0.8995574712753296,0.90224489569664,0.2792207896709442,0.41276921331882477
nb_s310510_mpnn_2_BHRF,0.9075515866279602,0.9152869284152985,0.273552343249321,0.6522692441940308
nb_s870461_mpnn_2_PDL1,0.9018718302249908,0.9037376642227173,0.26767413318157196,0.34196361899375916
nb_s870461_mpnn_4_IL20,0.8941008746623993,0.8865042924880981,0.23553172498941422,0.5489097833633423
nb_s459933_mpnn_3_PDL1,0.9034698009490967,0.9051586389541626,0.2280542179942131,0.36406780779361725
nb_s768471_mpnn_1_BHRF,0.9031292796134949,0.8952963650226593,0.2812836766242981,0.26403937488794327
nb_s1156_mpnn_5_PDL1,0.9028681814670563,0.9240506589412689,0.48412278294563293,0.4724292904138565
nb_s541171_mpnn_1_PDL1,0.8979126811027527,0.887610673904419,0.1825985312461853,0.38734324276447296
nb_s140867_mpnn_3_PDL1,0.8862026929855347,0.8974019885063171,0.29120516777038574,0.5087157487869263
nb_s183327_mpnn_2_PDL1,0.9054962992668152,0.9069137871265411,0.3124787509441376,0.3744838833808899
nb_s2898_mpnn_1_IL20,0.8901530206203461,0.8953902423381805,0.2456364408135414,0.3328624665737152
nb_s923023_mpnn_1_PDL1,0.9058108031749725,0.910183846950531,0.2339206263422966,0.35783490538597107
nb_s299548_mpnn_5_PDL1,0.8995198905467987,0.9028548300266266,0.17877613008022308,0.5366108119487762
nb_s33838_mpnn_1_BHRF,0.9067092835903168,0.9164560735225677,0.2071533054113388,0.41229352355003357
nb_s33838_mpnn_3_BHRF,0.9168731272220612,0.9018442034721375,0.28082582354545593,0.4424571394920349
nb_s390940_mpnn_2_PDL1,0.8664637804031372,0.8594063520431519,0.1710536703467369,0.2315073311328888
nb_s390940_mpnn_4_PDL1,0.8671024739742279,0.8763433396816254,0.1769193932414055,0.38536567986011505
nb_s403539_mpnn_3_BHRF,0.8927256166934967,0.8971745371818542,0.3870701789855957,0.4869058281183243
nb_s410453_mpnn_5_PDL1,0.8811669647693634,0.9028534293174744,0.17797185480594635,0.47851210832595825
nb_s410453_mpnn_2_PDL1,0.8827924132347107,0.8771536350250244,0.1755080595612526,0.3442893475294113
nb_s473012_mpnn_5_PDL1,0.905474990606308,0.9007715582847595,0.16255155205726624,0.44778501987457275
nb_s530943_mpnn_3_BHRF,0.8973022699356079,0.9163175821304321,0.2088567242026329,0.6997460424900055
nb_s563170_mpnn_3_PDL1,0.9025846123695374,0.8842706680297852,0.23785598576068878,0.4299054443836212
nb_s771809_mpnn_3_PDL1,0.9106563329696655,0.9089832603931427,0.18053022772073746,0.37665124237537384
nb_s785824_mpnn_3_PDL1,0.878355860710144,0.896175354719162,0.15820146352052689,0.5542443692684174
nb_s785824_mpnn_2_BHRF,0.8898785412311554,0.8982193171977997,0.16020625084638596,0.463135302066803
nb_s103722_mpnn_4_PDL1,0.87038254737854,0.8750923275947571,0.31988225877285004,0.42975471913814545
nb_s148672_mpnn_1_BHRF,0.8965936005115509,0.907318502664566,0.3908407986164093,0.5812322795391083
nb_s169413_mpnn_5_IL3,0.599131852388382,0.5994437336921692,0.16725437343120575,0.27662377059459686
nb_s80385_mpnn_2_PDL1,0.8701907098293304,0.8695685565471649,0.2589835375547409,0.3963402956724167
nb_s837885_mpnn_1_BHRF,0.914793998003006,0.9050573110580444,0.25768768787384033,0.5448035597801208
nb_s874243_mpnn_2_IL3,0.6087055206298828,0.630457878112793,0.2815135568380356,0.3184834271669388
nb_s874243_mpnn_5_BHRF,0.899571031332016,0.9029029607772827,0.1661524623632431,0.40877580642700195
nb_s913468_mpnn_2_BHRF,0.9123567342758179,0.9055989384651184,0.20446086674928665,0.39155226945877075
nb_s913468_mpnn_5_BHRF,0.9058675467967987,0.9055503904819489,0.24017687141895294,0.3489619642496109
nb_s921313_mpnn_2_PDL1,0.8843513429164886,0.8917531669139862,0.14152982085943222,0.39781321585178375
nb_s201653_mpnn_1_BHRF,0.9099558889865875,0.9029219150543213,0.2646689862012863,0.4083074480295181
nb_s296830_mpnn_3_BHRF,0.8949486315250397,0.900233805179596,0.16129661351442337,0.44917842745780945
nb_s2975_mpnn_1_PDL1,0.8796048760414124,0.9095651805400848,0.13792773336172104,0.46611055731773376
nb_s434952_mpnn_1_BHRF,0.8894033432006836,0.8977978229522705,0.2293066680431366,0.3842507600784302
nb_s566504_mpnn_1_BHRF,0.9079419076442719,0.911948174238205,0.4423001706600189,0.6321114599704742
nb_s566504_mpnn_5_PDL1,0.8967188596725464,0.922963559627533,0.26586540043354034,0.5474263727664948
nb_s607831_mpnn_3_PDL1,0.8929632008075714,0.8842789232730865,0.31231972575187683,0.45273904502391815
nb_s607831_mpnn_5_PDL1,0.8822230100631714,0.8740384876728058,0.3237186670303345,0.3129413574934006
nb_s64546_mpnn_3_PDL1,0.90261510014534,0.9041843116283417,0.2084275782108307,0.3291543871164322
nb_s64546_mpnn_1_IL3,0.6244074702262878,0.6193381994962692,0.12286123260855675,0.15664544701576233
nb_s648479_mpnn_1_BHRF,0.8933150172233582,0.9057528972625732,0.15624915808439255,0.4504532814025879
nb_s689267_mpnn_1_IL3,0.6268832832574844,0.6249037832021713,0.1861407309770584,0.2333720400929451
nb_s689267_mpnn_2_BHRF,0.9128187894821167,0.9127116501331329,0.3641864061355591,0.545965313911438
nb_s713450_mpnn_2_IL3,0.5969948917627335,0.6397374421358109,0.3675447404384613,0.4711090326309204
nb_s717713_mpnn_4_IL3,0.5988505184650421,0.6427433341741562,0.11940127983689308,0.3433147668838501
nb_s717713_mpnn_2_BHRF,0.8987809717655182,0.9074015319347382,0.25182873755693436,0.45604079961776733
nb_s752383_mpnn_5_PDL1,0.8903897404670715,0.8951641917228699,0.1502278819680214,0.5388133823871613
nb_s752383_mpnn_3_IL3,0.6163619309663773,0.6794873028993607,0.31178130954504013,0.5693394094705582
nb_s713450_mpnn_1_PDL1,0.8800406157970428,0.894855260848999,0.1464703232049942,0.5861994624137878
nb_s417721_mpnn_3_PDL1,0.8958633542060852,0.9133588373661041,0.32593482732772827,0.3838193416595459
nb_s795450_mpnn_4_PDL1,0.8913943767547607,0.925330638885498,0.2993786931037903,0.4814557731151581
nb_s55152_mpnn_1_PDL1,0.8545126020908356,0.8763425052165985,0.23112425953149796,0.3885699659585953
nb_s802159_mpnn_2_PDL1,0.9089710712432861,0.897439181804657,0.6788270473480225,0.36403563618659973
nb_s506400_mpnn_4_PDL1,0.8882631361484528,0.8862988948822021,0.21855615824460983,0.34007808566093445
nb_s949322_mpnn_4_IL3,0.5823508948087692,0.6010727733373642,0.10919738560914993,0.15448909252882004
nb_s453654_mpnn_2_IL20,0.8918593227863312,0.8794229626655579,0.1480446420609951,0.27548345923423767
nb_s175477_mpnn_2_IL20,0.8900886476039886,0.8751922249794006,0.27960601449012756,0.24170920997858047
nb_s293208_mpnn_4_PDL1,0.8989096879959106,0.8819197416305542,0.49522918462753296,0.5193212628364563
nb_s949322_mpnn_2_IL3,0.589196652173996,0.6071033179759979,0.11008324474096298,0.3259836435317993
nb_s664067_mpnn_3_IL3,0.602681040763855,0.7705558836460114,0.1508357897400856,0.612065851688385
nb_s830050_mpnn_4_PDL1,0.921925812959671,0.8992809057235718,0.5024884939193726,0.7263679504394531
nb_s648756_mpnn_3_IL20,0.8984401226043701,0.8912716805934906,0.22784708440303802,0.39889785647392273
nb_s596199_mpnn_2_PDL1,0.9019702672958374,0.8945689499378204,0.18787280470132828,0.38148482143878937
nb_s596199_mpnn_3_IL20,0.893697053194046,0.8798640966415405,0.22018232941627502,0.2718283161520958
nb_s648756_mpnn_1_IL20,0.8958703875541687,0.8799138069152832,0.18710865080356598,0.2847341299057007
nb_s983700_mpnn_1_PDL1,0.875476062297821,0.8668181896209717,0.23164204508066177,0.2909354418516159
nb_s175477_mpnn_4_IL3,0.6078111380338669,0.6214331686496735,0.12598340213298798,0.2801622152328491
nb_s877334_mpnn_1_IL20,0.889197826385498,0.8794558346271515,0.2710925042629242,0.2412891536951065
nb_s109706_mpnn_2_IL3,0.6138560473918915,0.6424139142036438,0.16482879221439362,0.22609375417232513
nb_s651199_mpnn_2_PDL1,0.8808219730854034,0.887052059173584,0.2037646397948265,0.3394059091806412
nb_s558025_mpnn_1_IL20,0.8875705003738403,0.8830513954162598,0.28886352479457855,0.23114530742168427
nb_s814263_mpnn_3_PDL1,0.8782065808773041,0.8964203298091888,0.23157668113708496,0.42742808163166046
nb_s983700_mpnn_2_IL3,0.5907305479049683,0.5853212773799896,0.13178445771336555,0.1353292390704155
nb_s353537_mpnn_1_IL20,0.8905873894691467,0.8952454924583435,0.13993238285183907,0.29109616577625275
nb_s849285_mpnn_4_PDL1,0.9052832126617432,0.9248820245265961,0.3991294801235199,0.6946093738079071
nb_s807321_mpnn_2_IL3,0.6229563653469086,0.6453768163919449,0.14758170396089554,0.22676149755716324
nb_s204617_mpnn_1_IL20,0.8852767646312714,0.8952338397502899,0.19224031269550323,0.3972679078578949
nb_s877334_mpnn_2_IL20,0.8946030139923096,0.8557511866092682,0.1929372251033783,0.2578273117542267
nb_s373735_mpnn_2_PDL1,0.9093626737594604,0.9131870269775391,0.5991970002651215,0.44284117221832275
nb_s814263_mpnn_4_PDL1,0.8798815310001373,0.8824092149734497,0.2313808873295784,0.4917164742946625
nb_s663598_mpnn_2_IL3,0.6662757843732834,0.6808758080005646,0.5044532716274261,0.5254534184932709
nb_s327664_mpnn_4_IL3,0.6047656238079071,0.5994928777217865,0.1394265964627266,0.18104898929595947
nb_s453654_mpnn_1_IL3,0.6013746112585068,0.6347614079713821,0.22684938460588455,0.3108585923910141
nb_s39537_mpnn_2_IL20,0.8874622583389282,0.8887957334518433,0.1608123555779457,0.2778788208961487
nb_s105306_mpnn_3_PDL1,0.8997123837471008,0.9040845036506653,0.2619587182998657,0.45164690911769867
nb_s80543_mpnn_1_IL20,0.8979474306106567,0.8890350759029388,0.24429693818092346,0.3782700002193451
nb_s544951_mpnn_3_PDL1,0.908112108707428,0.9096638560295105,0.201423779129982,0.5223645120859146
nb_s299383_mpnn_3_IL3,0.6217999905347824,0.6352560371160507,0.19347701221704483,0.30862700939178467
nb_s105306_mpnn_2_IL3,0.6126456260681152,0.6133924275636673,0.12585239857435226,0.1557713970541954
nb_s938027_mpnn_3_IL3,0.6200636625289917,0.621503621339798,0.13704927265644073,0.18265893310308456
nb_s606821_mpnn_1_IL3,0.6037207245826721,0.6064008623361588,0.22634690254926682,0.22496700286865234
nb_s664067_mpnn_1_IL20,0.8931200802326202,0.8795883655548096,0.34450435638427734,0.30866406857967377
nb_s830050_mpnn_2_PDL1,0.9006786644458771,0.892607718706131,0.3737579882144928,0.6919112205505371
nb_s558025_mpnn_4_PDL1,0.8758803904056549,0.8875714838504791,0.2273486778140068,0.3609088212251663
nb_s276607_mpnn_4_IL20,0.8773457407951355,0.8935232162475586,0.24674997478723526,0.6317620575428009
nb_s442197_mpnn_3_PDL1,0.8866890370845795,0.8883553147315979,0.22176723927259445,0.35856030881404877
nb_s776407_mpnn_2_IL3,0.5961765646934509,0.609163299202919,0.15101929754018784,0.26062679290771484
nb_s206651_mpnn_1_IL3,0.5893800258636475,0.6046894043684006,0.15403538197278976,0.2554466277360916
nb_s972445_mpnn_2_IL20,0.8965803682804108,0.8849002718925476,0.19535469263792038,0.3497423082590103
