sample,chai_unconstrained_per_chain_ptm,chai_unconstrained_per_chain_pair_iptm,chai_constrained_per_chain_ptm,chai_constrained_per_chain_pair_iptm
5ifj_abc_cut,"[[0.9473640322685242, 0.9504183530807495, 0.17824366688728333]]","[[[0.9473640322685242, 0.8909199237823486, 0.07799193263053894], [0.8935471773147583, 0.9504183530807495, 0.13224877417087555], [0.7628569602966309, 0.7801045179367065, 0.17824366688728333]]]","[[0.9346736073493958, 0.941501259803772]]","[[[0.9346736073493958, 0.8659998178482056], [0.8630855679512024, 0.941501259803772]]]"
5ifj_abc_cut_A_D111A,"[[0.9472975134849548, 0.9492976665496826, 0.17880159616470337]]","[[[0.9472975134849548, 0.8904723525047302, 0.07700123637914658], [0.8922404050827026, 0.9492976665496826, 0.1318671703338623], [0.7555780410766602, 0.7818803787231445, 0.17880159616470337]]]","[[0.934756338596344, 0.9413727521896362]]","[[[0.934756338596344, 0.8664464950561523], [0.8619661927223206, 0.9413727521896362]]]"
5ifj_abc_cut_A_K110A,"[[0.9461949467658997, 0.9488812685012817, 0.1689417064189911]]","[[[0.9461949467658997, 0.8897757530212402, 0.07709328085184097], [0.8908476233482361, 0.9488812685012817, 0.1228393167257309], [0.7448469996452332, 0.7557284832000732, 0.1689417064189911]]]","[[0.9350460767745972, 0.9415807127952576]]","[[[0.9350460767745972, 0.8660252094268799], [0.8636246919631958, 0.9415807127952576]]]"
5ifj_abc_cut_A_S64A,"[[0.9445436000823975, 0.9495869874954224, 0.17819629609584808]]","[[[0.9445436000823975, 0.8924098014831543, 0.07508230209350586], [0.891846239566803, 0.9495869874954224, 0.13112235069274902], [0.7495492696762085, 0.7794241309165955, 0.17819629609584808]]]","[[0.9345250129699707, 0.9413044452667236]]","[[[0.9345250129699707, 0.8659787178039551], [0.8611996173858643, 0.9413044452667236]]]"
5ifj_abc_cut_A_W52A,"[[0.9452440142631531, 0.9471760392189026, 0.1603715568780899]]","[[[0.9452440142631531, 0.8792759776115417, 0.05578671768307686], [0.8854678273200989, 0.9471760392189026, 0.10443703085184097], [0.6837978959083557, 0.7389037013053894, 0.1603715568780899]]]","[[0.9345828890800476, 0.9411274194717407]]","[[[0.9345828890800476, 0.8663274645805359], [0.8620924949645996, 0.9411274194717407]]]"
5ifj_abc_cut_A_Y66A,"[[0.9473956227302551, 0.9488828778266907, 0.16426241397857666]]","[[[0.9473956227302551, 0.8850024938583374, 0.061475496739149094], [0.8904725313186646, 0.9488828778266907, 0.1123589500784874], [0.7078394293785095, 0.7540118098258972, 0.16426241397857666]]]","[[0.9346519708633423, 0.9413310289382935]]","[[[0.9346519708633423, 0.8664906620979309], [0.8626577854156494, 0.9413310289382935]]]"
5ifj_abc_cut_B_L116A,"[[0.9485109448432922, 0.9499985575675964, 0.1748652458190918]]","[[[0.9485109448432922, 0.8920019865036011, 0.08038556575775146], [0.8935608863830566, 0.9499985575675964, 0.11326064169406891], [0.7600655555725098, 0.7510064840316772, 0.1748652458190918]]]","[[0.9348855018615723, 0.9416057467460632]]","[[[0.9348855018615723, 0.8666328191757202], [0.8623729944229126, 0.9416057467460632]]]"
5ifj_abc_cut_B_V38A,"[[0.9468277096748352, 0.9472519159317017, 0.1035037562251091]]","[[[0.9468277096748352, 0.8879522085189819, 0.05655771121382713], [0.8887821435928345, 0.9472519159317017, 0.03604418784379959], [0.6562910676002502, 0.5907882452011108, 0.1035037562251091]]]","[[0.9348711967468262, 0.9404247403144836]]","[[[0.9348711967468262, 0.8658405542373657], [0.8633261919021606, 0.9404247403144836]]]"
5ifj_abc_cut_B_W107A,"[[0.9425944089889526, 0.9466992616653442, 0.10095157474279404]]","[[[0.9425944089889526, 0.8834366798400879, 0.047156620770692825], [0.8821309804916382, 0.9466992616653442, 0.02743350714445114], [0.5798059105873108, 0.5060585737228394, 0.10095157474279404]]]","[[0.9346067309379578, 0.9413726925849915]]","[[[0.9346067309379578, 0.8661914467811584], [0.8627642393112183, 0.9413726925849915]]]"
5ifj_abc_cut_B_Y37A,"[[0.940564751625061, 0.9448128938674927, 0.09549940377473831]]","[[[0.940564751625061, 0.8819113969802856, 0.04056860879063606], [0.8798750638961792, 0.9448128938674927, 0.024921204894781113], [0.5629429221153259, 0.49750247597694397, 0.09549940377473831]]]","[[0.9345679879188538, 0.94112229347229]]","[[[0.9345679879188538, 0.8665298819541931], [0.8610990047454834, 0.94112229347229]]]"
5ifj_abc_cut_all_A,"[[0.9467074275016785, 0.9420090913772583, 0.11211360991001129]]","[[[0.9467074275016785, 0.8753525018692017, 0.025961384177207947], [0.882273256778717, 0.9420090913772583, 0.014927907846868038], [0.3627781867980957, 0.2845391631126404, 0.11211360991001129]]]","[[0.9341180324554443, 0.9413625597953796]]","[[[0.9341180324554443, 0.8662437200546265], [0.862891674041748, 0.9413625597953796]]]"
5ig7_abc_cut,"[[0.9454975724220276, 0.9490044116973877, 0.17588774859905243]]","[[[0.9454975724220276, 0.8908762335777283, 0.07365190237760544], [0.8915786743164062, 0.9490044116973877, 0.1246197521686554], [0.7298815846443176, 0.7536866068840027, 0.17588774859905243]]]","[[0.9348973035812378, 0.9414625763893127]]","[[[0.9348973035812378, 0.8661490678787231], [0.8633562922477722, 0.9414625763893127]]]"
5ig7_abc_cut_A_K110A,"[[0.9444799423217773, 0.9482003450393677, 0.09482301026582718]]","[[[0.9444799423217773, 0.8866336941719055, 0.039870236068964005], [0.8858174085617065, 0.9482003450393677, 0.034707605838775635], [0.5866318941116333, 0.5207819938659668, 0.09482301026582718]]]","[[0.9339132308959961, 0.9403352737426758]]","[[[0.9339132308959961, 0.8629684448242188], [0.8592933416366577, 0.9403352737426758]]]"
5ig7_abc_cut_A_W52A,"[[0.9392455220222473, 0.9467980265617371, 0.08842523396015167]]","[[[0.9392455220222473, 0.8777296543121338, 0.012336581014096737], [0.8776098489761353, 0.9467980265617371, 0.012483440339565277], [0.22673159837722778, 0.20028504729270935, 0.08842523396015167]]]","[[0.9339661002159119, 0.9405071139335632]]","[[[0.9339661002159119, 0.863102912902832], [0.8609433174133301, 0.9405071139335632]]]"
5ig7_abc_cut_A_Y66A,"[[0.9482442736625671, 0.9485312104225159, 0.16474778950214386]]","[[[0.9482442736625671, 0.885511040687561, 0.06039733812212944], [0.8914203643798828, 0.9485312104225159, 0.11169134080410004], [0.7109382152557373, 0.7516977787017822, 0.16474778950214386]]]","[[0.933533251285553, 0.9410054087638855]]","[[[0.933533251285553, 0.8630070686340332], [0.8582792282104492, 0.9410054087638855]]]"
5ig7_abc_cut_B_G114A,"[[0.9472417831420898, 0.9477450847625732, 0.09275246411561966]]","[[[0.9472417831420898, 0.8837891817092896, 0.010978958569467068], [0.8816221952438354, 0.9477450847625732, 0.01186446100473404], [0.20581267774105072, 0.20042766630649567, 0.09275246411561966]]]","[[0.9332777261734009, 0.9409425854682922]]","[[[0.9332777261734009, 0.8625840544700623], [0.8601755499839783, 0.9409425854682922]]]"
5ig7_abc_cut_B_L116A,"[[0.9438903331756592, 0.9470524191856384, 0.08973607420921326]]","[[[0.9438903331756592, 0.879470705986023, 0.015244721435010433], [0.8807264566421509, 0.9470524191856384, 0.013791528530418873], [0.2610713839530945, 0.22934682667255402, 0.08973607420921326]]]","[[0.934121310710907, 0.9409371614456177]]","[[[0.934121310710907, 0.8623819947242737], [0.8609708547592163, 0.9409371614456177]]]"
5ig7_abc_cut_B_V38A,"[[0.9432534575462341, 0.9479488134384155, 0.09250660985708237]]","[[[0.9432534575462341, 0.8869456648826599, 0.0380576066672802], [0.8843246698379517, 0.9479488134384155, 0.026598045602440834], [0.5354738235473633, 0.47442662715911865, 0.09250660985708237]]]","[[0.9341434836387634, 0.9406449794769287]]","[[[0.9341434836387634, 0.8628303408622742], [0.8598364591598511, 0.9406449794769287]]]"
5ig7_abc_cut_B_W107A,"[[0.9412914514541626, 0.9472916126251221, 0.09088034927845001]]","[[[0.9412914514541626, 0.8858029842376709, 0.03071868233382702], [0.8836560249328613, 0.9472916126251221, 0.02266443893313408], [0.49696916341781616, 0.4323227107524872, 0.09088034927845001]]]","[[0.9343828558921814, 0.9400894045829773]]","[[[0.9343828558921814, 0.8628431558609009], [0.8608893156051636, 0.9400894045829773]]]"
5ig7_abc_cut_B_Y37A,"[[0.9416530132293701, 0.9461093544960022, 0.09143545478582382]]","[[[0.9416530132293701, 0.8841282725334167, 0.037784408777952194], [0.8816117644309998, 0.9461093544960022, 0.023623475804924965], [0.536925733089447, 0.46942004561424255, 0.09143545478582382]]]","[[0.9334264993667603, 0.9408474564552307]]","[[[0.9334264993667603, 0.8625325560569763], [0.8603800535202026, 0.9408474564552307]]]"
5ig7_abc_cut_all_A,"[[0.9479871988296509, 0.943764865398407, 0.09157244861125946]]","[[[0.9479871988296509, 0.8801519870758057, 0.011123334988951683], [0.8854112029075623, 0.943764865398407, 0.008921707049012184], [0.19056420028209686, 0.16102255880832672, 0.09157244861125946]]]","[[0.9336056709289551, 0.94100022315979]]","[[[0.9336056709289551, 0.8625383377075195], [0.8586568832397461, 0.94100022315979]]]"
5ijk_acx_cut,"[[0.9368650317192078, 0.9511184692382812, 0.10021841526031494]]","[[[0.9368650317192078, 0.886062502861023, 0.019133346155285835], [0.8742876052856445, 0.9511184692382812, 0.028565697371959686], [0.3940650522708893, 0.4279443919658661, 0.10021841526031494]]]","[[0.9387028217315674, 0.9485116600990295]]","[[[0.9387028217315674, 0.8840898871421814], [0.8737497329711914, 0.9485116600990295]]]"
5ijk_acx_cut_A_I112A,"[[0.9419323205947876, 0.9515408277511597, 0.09971582889556885]]","[[[0.9419323205947876, 0.8887308239936829, 0.02054227516055107], [0.880425214767456, 0.9515408277511597, 0.03012958914041519], [0.3992959260940552, 0.4255301356315613, 0.09971582889556885]]]","[[0.9393779635429382, 0.9484520554542542]]","[[[0.9393779635429382, 0.8840246200561523], [0.8735381960868835, 0.9484520554542542]]]"
5ijk_acx_cut_A_I114A,"[[0.9325439929962158, 0.951015830039978, 0.0983857735991478]]","[[[0.9325439929962158, 0.8848593235015869, 0.01738307811319828], [0.8702652454376221, 0.951015830039978, 0.027144670486450195], [0.36754748225212097, 0.40753471851348877, 0.0983857735991478]]]","[[0.9389991164207458, 0.9490326046943665]]","[[[0.9389991164207458, 0.8846485614776611], [0.873323917388916, 0.9490326046943665]]]"
5ijk_acx_cut_A_K57A,"[[0.9351347088813782, 0.9510679841041565, 0.09564715623855591]]","[[[0.9351347088813782, 0.8865579962730408, 0.01231759786605835], [0.8701045513153076, 0.9510679841041565, 0.01815022900700569], [0.28463444113731384, 0.3058620095252991, 0.09564715623855591]]]","[[0.9391107559204102, 0.9484051465988159]]","[[[0.9391107559204102, 0.884272038936615], [0.8734388947486877, 0.9484051465988159]]]"
5ijk_acx_cut_A_R55A,"[[0.9349604845046997, 0.9504574537277222, 0.09446211159229279]]","[[[0.9349604845046997, 0.8808215260505676, 0.010871273465454578], [0.8685306906700134, 0.9504574537277222, 0.014484708197414875], [0.23683111369609833, 0.2525396943092346, 0.09446211159229279]]]","[[0.9393128752708435, 0.9482797384262085]]","[[[0.9393128752708435, 0.884563684463501], [0.8723538517951965, 0.9482797384262085]]]"
5ijk_acx_cut_A_T113A,"[[0.9451172947883606, 0.9515537023544312, 0.09841415286064148]]","[[[0.9451172947883606, 0.8881925940513611, 0.019085025414824486], [0.8834155201911926, 0.9515537023544312, 0.030836911872029305], [0.37446853518486023, 0.39466214179992676, 0.09841415286064148]]]","[[0.9387825131416321, 0.9486415982246399]]","[[[0.9387825131416321, 0.8834017515182495], [0.8728971481323242, 0.9486415982246399]]]"
5ijk_acx_cut_B_K36A,"[[0.9357482194900513, 0.9508245587348938, 0.10925056040287018]]","[[[0.9357482194900513, 0.8863149881362915, 0.02274598553776741], [0.8725109100341797, 0.9508245587348938, 0.03803256154060364], [0.4318329393863678, 0.46059274673461914, 0.10925056040287018]]]","[[0.9396297335624695, 0.9479048252105713]]","[[[0.9396297335624695, 0.883185088634491], [0.8719321489334106, 0.9479048252105713]]]"
5ijk_acx_cut_B_T113A,"[[0.9378942847251892, 0.9510397911071777, 0.11471161991357803]]","[[[0.9378942847251892, 0.8857946395874023, 0.024464713409543037], [0.8753909468650818, 0.9510397911071777, 0.04462004080414772], [0.4483042359352112, 0.4758024215698242, 0.11471161991357803]]]","[[0.9389173984527588, 0.9489221572875977]]","[[[0.9389173984527588, 0.8845291137695312], [0.8735169172286987, 0.9489221572875977]]]"
5ijk_acx_cut_B_W56A,"[[0.9516229033470154, 0.9518455266952515, 0.11901231110095978]]","[[[0.9516229033470154, 0.8881137371063232, 0.029572119936347008], [0.8907985687255859, 0.9518455266952515, 0.04903698340058327], [0.5136300325393677, 0.5190160274505615, 0.11901231110095978]]]","[[0.9388806819915771, 0.9481016397476196]]","[[[0.9388806819915771, 0.8838337659835815], [0.8725369572639465, 0.9481016397476196]]]"
5ijk_acx_cut_B_Y107A,"[[0.9415576457977295, 0.9507483839988708, 0.10159186273813248]]","[[[0.9415576457977295, 0.892025351524353, 0.02098066732287407], [0.8824976682662964, 0.9507483839988708, 0.0319918692111969], [0.42500635981559753, 0.44199931621551514, 0.10159186273813248]]]","[[0.9393523335456848, 0.9482724070549011]]","[[[0.9393523335456848, 0.8832361698150635], [0.8733580112457275, 0.9482724070549011]]]"
5ijk_acx_cut_B_Y108A,"[[0.9349137544631958, 0.950394332408905, 0.09301353245973587]]","[[[0.9349137544631958, 0.8863245248794556, 0.01077058631926775], [0.8705005049705505, 0.950394332408905, 0.011935216374695301], [0.2086193561553955, 0.2038118839263916, 0.09301353245973587]]]","[[0.9389467239379883, 0.9485079050064087]]","[[[0.9389467239379883, 0.8839555978775024], [0.8728551268577576, 0.9485079050064087]]]"
5ijk_acx_cut_B_Y31A,"[[0.9345048069953918, 0.9514862895011902, 0.09764598309993744]]","[[[0.9345048069953918, 0.8868847489356995, 0.008940258994698524], [0.8708974123001099, 0.9514862895011902, 0.009815108962357044], [0.18266569077968597, 0.1902185082435608, 0.09764598309993744]]]","[[0.9390738010406494, 0.9475822448730469]]","[[[0.9390738010406494, 0.8839995265007019], [0.8720983266830444, 0.9475822448730469]]]"
5ijk_acx_cut_B_Y38A,"[[0.9347723126411438, 0.9516543745994568, 0.09660448133945465]]","[[[0.9347723126411438, 0.8869415521621704, 0.008730241097509861], [0.8715677261352539, 0.9516543745994568, 0.008987493813037872], [0.1811678409576416, 0.1775335967540741, 0.09660448133945465]]]","[[0.9397854208946228, 0.9480567574501038]]","[[[0.9397854208946228, 0.8834027647972107], [0.8724870085716248, 0.9480567574501038]]]"
5ijk_acx_cut_all_A,"[[0.935025691986084, 0.944311797618866, 0.09577025473117828]]","[[[0.935025691986084, 0.8839023113250732, 0.022128719836473465], [0.8799028396606445, 0.944311797618866, 0.019340021535754204], [0.36156782507896423, 0.32048365473747253, 0.09577025473117828]]]","[[0.9395022988319397, 0.948574423789978]]","[[[0.9395022988319397, 0.8836830258369446], [0.873627781867981, 0.948574423789978]]]"
