sample,binder,KD[M],af3_pae,af3_plddt,af3_interface_dG,af3_interface_dG_SASA_ratio,af3_ipae,af3_iplddt,af3_ipsae,af3_iptm,af3_ptm,af3_pyros_binder_score,af3_rank,af3_ranking_score,af3_rank0_masif,cf_af3_rmsd,cf_pae,cf_plddt,cf_interface_dG,cf_interface_dG_SASA_ratio,cf_ipae,cf_iplddt,cf_ipsae,cf_iptm,cf_ptm,cf_pyros_binder_score,cf_rank,cf_rank0_masif,pred_ilddt,pred_lddt,esmfold_ipae,esmfold_iplddt,esmfold_plddt,esmfold_pae,esmfold_ptm,chai_unconstrained_score,chai_constrained_score,chai_unconstrained_aggregate_score,chai_unconstrained_ptm,chai_unconstrained_iptm,chai_unconstrained_interface_iptm,chai_constrained_aggregate_score,chai_constrained_ptm,chai_constrained_iptm,chai_constrained_interface_iptm,boltz_free_confidence_score,boltz_free_ptm,boltz_free_iptm,boltz_free_plddt,boltz_free_iplddt,boltz_free_pde,boltz_free_ipde,boltz_free_per_chain_pair_iptm,boltz_template_confidence_score,boltz_template_ptm,boltz_template_iptm,boltz_template_plddt,boltz_template_iplddt,boltz_template_pde,boltz_template_ipde,boltz_template_per_chain_pair_iptm,source,binding,type,interface,chai_unconstrained_per_chain_ptm,chai_unconstrained_per_chain_pair_iptm,chai_constrained_per_chain_ptm,chai_constrained_per_chain_pair_iptm,chai_unconstrained_model_path,chai_constrained_model_path,boltz_free_model_path,boltz_template_model_path
5ifj_abc_cut,1.0,1e-05,2.5938826095578027,95.4046655791191,14.690000000000001,1.855,1.99375,95.03672506671619,0.788184,0.92,0.48,-11.875,0.0,0.96,,0.16,2.6256566858351507,97.35142276422764,,,1.9877543859649125,96.48993518477992,0.730476,0.92,0.94,,1.0,,0.8493262119514429,0.8615162377255612,,,79.12507,12.000676,0.7441933,0.9129493236541748,0.8814582228660583,0.9129493236541748,0.9553803205490112,0.9023414850234984,0.10512035340070719,0.8814582228660583,0.9432916641235352,0.8659998178482056,,0.984170377254486,0.9902440309524536,0.986376404762268,0.9836187958717346,0.981977880001068,0.2558032572269439,0.2842845022678375,0.9408783614635468,0.9854244589805604,0.990513801574707,0.9869011044502258,0.9850552678108216,0.985219955444336,0.2569296061992645,0.2780168354511261,0.9600364863872528,snir_ab,True,original,"A,C","[[0.9473640322685242, 0.9504183530807495, 0.17824366688728333]]","[[[0.9473640322685242, 0.8909199237823486, 0.07799193263053894], [0.8935471773147583, 0.9504183530807495, 0.13224877417087555], [0.7628569602966309, 0.7801045179367065, 0.17824366688728333]]]","[[0.9346736073493958, 0.941501259803772]]","[[[0.9346736073493958, 0.8659998178482056], [0.8630855679512024, 0.941501259803772]]]",/scicore/home/schwede/barta0000/scoring_pipeline/run1/5ifj_abc_cut/chai_no_constraints/seed_2926/pred.model_idx_0.cif,/scicore/home/schwede/barta0000/scoring_pipeline/run1/5ifj_abc_cut/chai_with_constraints/seed_1347/pred.model_idx_0.cif,/scicore/home/schwede/barta0000/scoring_pipeline/run1/5ifj_abc_cut/boltz_free/output/boltz_results_5ifj_abc_cut/predictions/5ifj_abc_cut/5ifj_abc_cut_model_0.cif,/scicore/home/schwede/barta0000/scoring_pipeline/run1/5ifj_abc_cut/boltz_with_template/output/boltz_results_5ifj_abc_cut/predictions/5ifj_abc_cut/5ifj_abc_cut_model_0.cif
5ifj_abc_cut_A_D111A,0.0,,2.815847048714389,95.2828540305011,13.225000000000001,1.7449999999999999,2.1000000000000005,94.73077479381382,0.7652950000000001,0.91,0.4775,-13.63,0.0,0.96,,0.18,2.7665581003371007,97.03947154471544,,,2.2092261904761905,95.82927881876627,0.7105175,0.92,0.94,,1.0,,0.8444454972205169,0.8508947426725764,,,79.15095,12.12591,0.7405139,0.9117957949638368,0.8818255066871643,0.9117957949638368,0.954572856426239,0.901101529598236,0.10443420335650441,0.8818255066871643,0.9433414936065674,0.8664464950561523,,0.9803353548049928,0.9902048707008362,0.9860971570014954,0.9788948893547058,0.9730408787727356,0.2553693652153015,0.2821274995803833,0.942872554063797,0.981483280658722,0.9911813735961914,0.9875634908676147,0.97996324300766,0.9754877686500548,0.256625235080719,0.2898704707622528,0.9438410401344299,snir_ab,False,alanine_scan,"A,C","[[0.9472975134849548, 0.9492976665496826, 0.17880159616470337]]","[[[0.9472975134849548, 0.8904723525047302, 0.07700123637914658], [0.8922404050827026, 0.9492976665496826, 0.1318671703338623], [0.7555780410766602, 0.7818803787231445, 0.17880159616470337]]]","[[0.934756338596344, 0.9413727521896362]]","[[[0.934756338596344, 0.8664464950561523], [0.8619661927223206, 0.9413727521896362]]]",/scicore/home/schwede/barta0000/scoring_pipeline/run1/5ifj_abc_cut_A_D111A/chai_no_constraints/seed_1382/pred.model_idx_0.cif,/scicore/home/schwede/barta0000/scoring_pipeline/run1/5ifj_abc_cut_A_D111A/chai_with_constraints/seed_1237/pred.model_idx_0.cif,/scicore/home/schwede/barta0000/scoring_pipeline/run1/5ifj_abc_cut_A_D111A/boltz_free/output/boltz_results_5ifj_abc_cut_A_D111A/predictions/5ifj_abc_cut_A_D111A/5ifj_abc_cut_A_D111A_model_0.cif,/scicore/home/schwede/barta0000/scoring_pipeline/run1/5ifj_abc_cut_A_D111A/boltz_with_template/output/boltz_results_5ifj_abc_cut_A_D111A/predictions/5ifj_abc_cut_A_D111A/5ifj_abc_cut_A_D111A_model_0.cif
5ifj_abc_cut_A_K110A,0.0,,2.7907280719148653,94.87198365122616,19.975,2.8449999999999998,2.2754166666666666,92.998114099009,0.769552,0.915,0.4775,-7.24,0.0,0.96,,0.15899999999999997,2.625902736466389,97.42918699186993,,,1.9966008771929826,96.22856978065947,0.7088865,0.92,0.94,,1.0,,0.8557161395620179,0.8615162377255612,,,79.19693,12.06748,0.7431278,0.9105361104011536,0.8814143538475037,0.9105361104011536,0.9538710713386536,0.8997023701667786,0.0999662987887859,0.8814143538475037,0.942970871925354,0.8660252094268799,,0.9841046333312988,0.989876389503479,0.9859649538993835,0.9836395978927612,0.9823281764984132,0.2555869519710541,0.2770123183727264,0.9523016512393951,0.9846672415733336,0.9912745356559752,0.9877612590789796,0.983893632888794,0.9831330180168152,0.2549806535243988,0.2753650546073913,0.9613543748855591,snir_ab,False,alanine_scan,"A,C","[[0.9461949467658997, 0.9488812685012817, 0.1689417064189911]]","[[[0.9461949467658997, 0.8897757530212402, 0.07709328085184097], [0.8908476233482361, 0.9488812685012817, 0.1228393167257309], [0.7448469996452332, 0.7557284832000732, 0.1689417064189911]]]","[[0.9350460767745972, 0.9415807127952576]]","[[[0.9350460767745972, 0.8660252094268799], [0.8636246919631958, 0.9415807127952576]]]",/scicore/home/schwede/barta0000/scoring_pipeline/run1/5ifj_abc_cut_A_K110A/chai_no_constraints/seed_1971/pred.model_idx_1.cif,/scicore/home/schwede/barta0000/scoring_pipeline/run1/5ifj_abc_cut_A_K110A/chai_with_constraints/seed_1882/pred.model_idx_4.cif,/scicore/home/schwede/barta0000/scoring_pipeline/run1/5ifj_abc_cut_A_K110A/boltz_free/output/boltz_results_5ifj_abc_cut_A_K110A/predictions/5ifj_abc_cut_A_K110A/5ifj_abc_cut_A_K110A_model_0.cif,/scicore/home/schwede/barta0000/scoring_pipeline/run1/5ifj_abc_cut_A_K110A/boltz_with_template/output/boltz_results_5ifj_abc_cut_A_K110A/predictions/5ifj_abc_cut_A_K110A/5ifj_abc_cut_A_K110A_model_0.cif
5ifj_abc_cut_A_S64A,0.0,,2.539445766408884,95.61323721436344,14.595,1.81,2.0721875,94.81392735782052,0.7789615000000001,0.91,0.48,-9.12,0.0,0.96,,0.16449999999999998,2.8225680811686167,96.92325203252034,,,2.113370535714286,93.92343783378602,0.5734950000000001,0.92,0.94,,1.0,,0.8133614430767113,0.8536806606724814,24.55844593048096,56.5517578125,79.06552,11.9068365,0.74598193,0.9115130305290222,0.8813894987106323,0.9115130305290222,0.9544694423675536,0.9007739424705504,0.1031023263931274,0.8813894987106323,0.9430325031280518,0.8659787178039551,,0.9838612675666808,0.9903714060783386,0.986671507358551,0.9831587076187134,0.9811006784439088,0.2572363018989563,0.2948831617832184,0.9366534948349,0.9848098754882812,0.9895773530006408,0.9854161143302916,0.9846583604812622,0.9838499426841736,0.2586041092872619,0.2951000034809112,0.9389222264289856,snir_ab,False,alanine_scan,"A,C","[[0.9445436000823975, 0.9495869874954224, 0.17819629609584808]]","[[[0.9445436000823975, 0.8924098014831543, 0.07508230209350586], [0.891846239566803, 0.9495869874954224, 0.13112235069274902], [0.7495492696762085, 0.7794241309165955, 0.17819629609584808]]]","[[0.9345250129699707, 0.9413044452667236]]","[[[0.9345250129699707, 0.8659787178039551], [0.8611996173858643, 0.9413044452667236]]]",/scicore/home/schwede/barta0000/scoring_pipeline/run1/5ifj_abc_cut_A_S64A/chai_no_constraints/seed_1165/pred.model_idx_3.cif,/scicore/home/schwede/barta0000/scoring_pipeline/run1/5ifj_abc_cut_A_S64A/chai_with_constraints/seed_2347/pred.model_idx_3.cif,/scicore/home/schwede/barta0000/scoring_pipeline/run1/5ifj_abc_cut_A_S64A/boltz_free/output/boltz_results_5ifj_abc_cut_A_S64A/predictions/5ifj_abc_cut_A_S64A/5ifj_abc_cut_A_S64A_model_0.cif,/scicore/home/schwede/barta0000/scoring_pipeline/run1/5ifj_abc_cut_A_S64A/boltz_with_template/output/boltz_results_5ifj_abc_cut_A_S64A/predictions/5ifj_abc_cut_A_S64A/5ifj_abc_cut_A_S64A_model_0.cif
5ifj_abc_cut_A_W52A,0.0,,3.00532916914535,94.81433333333334,46.435,5.9399999999999995,2.303125,91.4826458039996,0.6959280000000001,0.865,0.475,19.509999999999998,0.0,0.95,,0.16999999999999998,2.9243973494613,96.63174796747968,,,2.056783088235294,93.50144415961373,0.6594024999999999,0.91,0.93,,1.0,,0.838539600204325,0.8646924829431212,,,79.85444,11.983164,0.75173295,0.90519917011261,0.8816409707069397,0.90519917011261,0.9511491656303406,0.8937116861343384,0.08011187426745886,0.8816409707069397,0.942894697189331,0.8663274645805359,,0.9829724431037904,0.9885873198509216,0.9842018485069276,0.9826651215553284,0.980953574180603,0.2572056651115417,0.2905734777450561,0.939389944076538,0.9832154512405396,0.9872246980667114,0.9820780158042908,0.9834997653961182,0.9821141362190248,0.2655282318592071,0.3437054753303528,0.9135197997093201,snir_ab,False,alanine_scan,"A,C","[[0.9452440142631531, 0.9471760392189026, 0.1603715568780899]]","[[[0.9452440142631531, 0.8792759776115417, 0.05578671768307686], [0.8854678273200989, 0.9471760392189026, 0.10443703085184097], [0.6837978959083557, 0.7389037013053894, 0.1603715568780899]]]","[[0.9345828890800476, 0.9411274194717407]]","[[[0.9345828890800476, 0.8663274645805359], [0.8620924949645996, 0.9411274194717407]]]",/scicore/home/schwede/barta0000/scoring_pipeline/run1/5ifj_abc_cut_A_W52A/chai_no_constraints/seed_1080/pred.model_idx_2.cif,/scicore/home/schwede/barta0000/scoring_pipeline/run1/5ifj_abc_cut_A_W52A/chai_with_constraints/seed_2211/pred.model_idx_2.cif,/scicore/home/schwede/barta0000/scoring_pipeline/run1/5ifj_abc_cut_A_W52A/boltz_free/output/boltz_results_5ifj_abc_cut_A_W52A/predictions/5ifj_abc_cut_A_W52A/5ifj_abc_cut_A_W52A_model_0.cif,/scicore/home/schwede/barta0000/scoring_pipeline/run1/5ifj_abc_cut_A_W52A/boltz_with_template/output/boltz_results_5ifj_abc_cut_A_W52A/predictions/5ifj_abc_cut_A_W52A/5ifj_abc_cut_A_W52A_model_0.cif
5ifj_abc_cut_A_Y66A,0.0,,2.701376495472272,95.3378384279476,17.485,2.305,2.2496491228070177,93.42904849904745,0.763715,0.895,0.48,-10.65,0.0,0.96,,0.16599999999999998,2.950894969925309,96.5032113821138,,,2.326604166666667,93.0176473645603,0.553079,0.91,0.94,,1.0,,0.7257083298307716,0.8567127128388234,,,79.95344,11.874058,0.7500093,0.9094586372375488,0.8818020224571228,0.9094586372375488,0.9534780383110046,0.8984537124633789,0.0869172234088182,0.8818020224571228,0.9430474638938904,0.8664906620979309,,0.9835347533226012,0.9894481301307678,0.98507958650589,0.983148455619812,0.9812802672386168,0.2576912343502044,0.2974461019039154,0.9335379004478455,0.9842482805252076,0.9885780811309814,0.9839618802070618,0.984319806098938,0.9835054874420166,0.2600706219673157,0.305202305316925,0.9355911016464233,snir_ab,False,alanine_scan,"A,C","[[0.9473956227302551, 0.9488828778266907, 0.16426241397857666]]","[[[0.9473956227302551, 0.8850024938583374, 0.061475496739149094], [0.8904725313186646, 0.9488828778266907, 0.1123589500784874], [0.7078394293785095, 0.7540118098258972, 0.16426241397857666]]]","[[0.9346519708633423, 0.9413310289382935]]","[[[0.9346519708633423, 0.8664906620979309], [0.8626577854156494, 0.9413310289382935]]]",/scicore/home/schwede/barta0000/scoring_pipeline/run1/5ifj_abc_cut_A_Y66A/chai_no_constraints/seed_1073/pred.model_idx_0.cif,/scicore/home/schwede/barta0000/scoring_pipeline/run1/5ifj_abc_cut_A_Y66A/chai_with_constraints/seed_1541/pred.model_idx_1.cif,/scicore/home/schwede/barta0000/scoring_pipeline/run1/5ifj_abc_cut_A_Y66A/boltz_free/output/boltz_results_5ifj_abc_cut_A_Y66A/predictions/5ifj_abc_cut_A_Y66A/5ifj_abc_cut_A_Y66A_model_0.cif,/scicore/home/schwede/barta0000/scoring_pipeline/run1/5ifj_abc_cut_A_Y66A/boltz_with_template/output/boltz_results_5ifj_abc_cut_A_Y66A/predictions/5ifj_abc_cut_A_Y66A/5ifj_abc_cut_A_Y66A_model_0.cif
5ifj_abc_cut_B_L116A,0.0,,2.806606517284685,95.03299564270154,7.609999999999999,0.9850000000000001,2.205952380952381,93.48447615652199,0.747441,0.895,0.4775,-10.254999999999999,0.0,0.96,,0.16649999999999998,2.5442050036354025,97.67036585365854,,,1.8539889705882353,96.91630747427348,0.742118,0.92,0.94,,1.0,,0.8573485683409895,0.8751463795558615,,,79.59361,11.744957,0.75298953,0.9127676486968994,0.8819286227226257,0.9127676486968994,0.955157458782196,0.902170181274414,0.09682310372591015,0.8819286227226257,0.9431117177009584,0.8666328191757202,,0.9831171035766602,0.9900791645050048,0.9860422611236572,0.982385754585266,0.9802974462509156,0.2571152746677398,0.2921002805233001,0.9329738318920135,0.9842113852500916,0.9903838634490968,0.9865548014640808,0.9836254715919496,0.9823808670043944,0.2574430704116821,0.2906320989131927,0.9419646561145782,snir_ab,False,alanine_scan,"A,C","[[0.9485109448432922, 0.9499985575675964, 0.1748652458190918]]","[[[0.9485109448432922, 0.8920019865036011, 0.08038556575775146], [0.8935608863830566, 0.9499985575675964, 0.11326064169406891], [0.7600655555725098, 0.7510064840316772, 0.1748652458190918]]]","[[0.9348855018615723, 0.9416057467460632]]","[[[0.9348855018615723, 0.8666328191757202], [0.8623729944229126, 0.9416057467460632]]]",/scicore/home/schwede/barta0000/scoring_pipeline/run1/5ifj_abc_cut_B_L116A/chai_no_constraints/seed_1319/pred.model_idx_3.cif,/scicore/home/schwede/barta0000/scoring_pipeline/run1/5ifj_abc_cut_B_L116A/chai_with_constraints/seed_233/pred.model_idx_4.cif,/scicore/home/schwede/barta0000/scoring_pipeline/run1/5ifj_abc_cut_B_L116A/boltz_free/output/boltz_results_5ifj_abc_cut_B_L116A/predictions/5ifj_abc_cut_B_L116A/5ifj_abc_cut_B_L116A_model_0.cif,/scicore/home/schwede/barta0000/scoring_pipeline/run1/5ifj_abc_cut_B_L116A/boltz_with_template/output/boltz_results_5ifj_abc_cut_B_L116A/predictions/5ifj_abc_cut_B_L116A/5ifj_abc_cut_B_L116A_model_0.cif
5ifj_abc_cut_B_V38A,0.0,,2.7149348932513715,95.22094719651606,15.44,2.0,2.2540625,93.46593783614372,0.758796,0.91,0.48,-10.975000000000001,0.0,0.96,,0.156,2.6052582788023,97.45382113821138,,,2.0135681114551085,96.1733047418427,0.7146635,0.92,0.94,,1.0,,0.8600291045535842,0.8615162377255612,,,79.34477,11.9718,0.74486005,0.8957542181015015,0.8813123106956482,0.8957542181015015,0.947545051574707,0.8828064799308777,0.0463009495288133,0.8813123106956482,0.9431993961334229,0.8658405542373657,,0.9826201796531676,0.9902586340904236,0.9862698912620544,0.981707751750946,0.9785112738609314,0.2554013431072235,0.2824444472789764,0.9408812522888184,0.983674705028534,0.9896947741508484,0.9854357242584229,0.9832344651222228,0.9816979765892028,0.2622596621513366,0.3333940207958221,0.912550300359726,snir_ab,False,alanine_scan,"A,C","[[0.9468277096748352, 0.9472519159317017, 0.1035037562251091]]","[[[0.9468277096748352, 0.8879522085189819, 0.05655771121382713], [0.8887821435928345, 0.9472519159317017, 0.03604418784379959], [0.6562910676002502, 0.5907882452011108, 0.1035037562251091]]]","[[0.9348711967468262, 0.9404247403144836]]","[[[0.9348711967468262, 0.8658405542373657], [0.8633261919021606, 0.9404247403144836]]]",/scicore/home/schwede/barta0000/scoring_pipeline/run1/5ifj_abc_cut_B_V38A/chai_no_constraints/seed_1837/pred.model_idx_0.cif,/scicore/home/schwede/barta0000/scoring_pipeline/run1/5ifj_abc_cut_B_V38A/chai_with_constraints/seed_2095/pred.model_idx_1.cif,/scicore/home/schwede/barta0000/scoring_pipeline/run1/5ifj_abc_cut_B_V38A/boltz_free/output/boltz_results_5ifj_abc_cut_B_V38A/predictions/5ifj_abc_cut_B_V38A/5ifj_abc_cut_B_V38A_model_0.cif,/scicore/home/schwede/barta0000/scoring_pipeline/run1/5ifj_abc_cut_B_V38A/boltz_with_template/output/boltz_results_5ifj_abc_cut_B_V38A/predictions/5ifj_abc_cut_B_V38A/5ifj_abc_cut_B_V38A_model_0.cif
5ifj_abc_cut_B_W107A,0.0,,2.8789658933174693,95.08960655737704,17.035,2.335,2.4718750000000003,93.38057587726664,0.6236655,0.87,0.4775,-11.365,0.0,0.95,0.0048,0.183,2.7981918831383434,96.93569105691056,,,2.317738095238095,94.75351025450462,0.6064725,0.92,0.94,,1.0,,0.8345308592046073,0.8615162377255612,,,79.31032,12.215376,0.7379475,0.8875530958175659,0.8815650939941406,0.8875530958175659,0.9435018301010132,0.8735659122467041,0.03729506395757195,0.8815650939941406,0.9430596232414246,0.8661914467811584,,0.9838919043540956,0.9906712174415588,0.9870848655700684,0.983093559741974,0.980291783809662,0.2563395798206329,0.2914012670516968,0.9341752529144287,0.9842411875724792,0.9903132319450378,0.9866054058074952,0.9836501479148864,0.981236696243286,0.2593558132648468,0.3152649700641632,0.9166251122951508,snir_ab,False,alanine_scan,"A,C","[[0.9425944089889526, 0.9466992616653442, 0.10095157474279404]]","[[[0.9425944089889526, 0.8834366798400879, 0.047156620770692825], [0.8821309804916382, 0.9466992616653442, 0.02743350714445114], [0.5798059105873108, 0.5060585737228394, 0.10095157474279404]]]","[[0.9346067309379578, 0.9413726925849915]]","[[[0.9346067309379578, 0.8661914467811584], [0.8627642393112183, 0.9413726925849915]]]",/scicore/home/schwede/barta0000/scoring_pipeline/run1/5ifj_abc_cut_B_W107A/chai_no_constraints/seed_2159/pred.model_idx_3.cif,/scicore/home/schwede/barta0000/scoring_pipeline/run1/5ifj_abc_cut_B_W107A/chai_with_constraints/seed_3671/pred.model_idx_3.cif,/scicore/home/schwede/barta0000/scoring_pipeline/run1/5ifj_abc_cut_B_W107A/boltz_free/output/boltz_results_5ifj_abc_cut_B_W107A/predictions/5ifj_abc_cut_B_W107A/5ifj_abc_cut_B_W107A_model_0.cif,/scicore/home/schwede/barta0000/scoring_pipeline/run1/5ifj_abc_cut_B_W107A/boltz_with_template/output/boltz_results_5ifj_abc_cut_B_W107A/predictions/5ifj_abc_cut_B_W107A/5ifj_abc_cut_B_W107A_model_0.cif
5ifj_abc_cut_B_Y37A,0.0,,3.004750809703219,94.72335152838428,10.755,1.3800000000000001,2.2986111111111107,92.12037691256097,0.6405784999999999,0.875,0.475,-10.18,0.0,0.96,,0.17149999999999999,2.6404656619736926,97.2910569105691,,,1.9925678733031678,95.84796040198381,0.6822745,0.92,0.94,,1.0,,0.850174644454239,0.8508947426725764,,,79.068016,12.098895,0.7439022,0.8861177563667297,0.8818076252937317,0.8861177563667297,0.9424834251403807,0.8720263242721558,0.032744906842708546,0.8818076252937317,0.9429185390472412,0.8665298819541931,,0.9794139862060548,0.9887524247169496,0.9839415550231934,0.97828209400177,0.9711477160453796,0.2594892680644989,0.3119394183158874,0.9044155180454254,0.9804978370666504,0.9902181625366212,0.9859203696250916,0.9791422486305236,0.9718640446662904,0.2603456974029541,0.3217399418354034,0.9043402373790741,snir_ab,False,alanine_scan,"A,C","[[0.940564751625061, 0.9448128938674927, 0.09549940377473831]]","[[[0.940564751625061, 0.8819113969802856, 0.04056860879063606], [0.8798750638961792, 0.9448128938674927, 0.024921204894781113], [0.5629429221153259, 0.49750247597694397, 0.09549940377473831]]]","[[0.9345679879188538, 0.94112229347229]]","[[[0.9345679879188538, 0.8665298819541931], [0.8610990047454834, 0.94112229347229]]]",/scicore/home/schwede/barta0000/scoring_pipeline/run1/5ifj_abc_cut_B_Y37A/chai_no_constraints/seed_2617/pred.model_idx_4.cif,/scicore/home/schwede/barta0000/scoring_pipeline/run1/5ifj_abc_cut_B_Y37A/chai_with_constraints/seed_2584/pred.model_idx_0.cif,/scicore/home/schwede/barta0000/scoring_pipeline/run1/5ifj_abc_cut_B_Y37A/boltz_free/output/boltz_results_5ifj_abc_cut_B_Y37A/predictions/5ifj_abc_cut_B_Y37A/5ifj_abc_cut_B_Y37A_model_0.cif,/scicore/home/schwede/barta0000/scoring_pipeline/run1/5ifj_abc_cut_B_Y37A/boltz_with_template/output/boltz_results_5ifj_abc_cut_B_Y37A/predictions/5ifj_abc_cut_B_Y37A/5ifj_abc_cut_B_Y37A_model_0.cif
5ifj_abc_cut_all_A,0.0,,3.5975427985987176,93.2359977703456,34.575,5.025,2.204440789473684,83.75029436653237,0.189334,0.665,0.465,5.275,0.0,0.93,,0.2535,2.98759253751074,95.8560975609756,,,1.7417016806722687,86.6270129945543,0.2707595,0.91,0.94,,1.0,,0.7058951584647548,0.8767653063276436,,,80.47646,12.044723,0.75196105,0.88234543800354,0.8816142082214355,0.88234543800354,0.9411576390266418,0.867642343044281,0.02044464601203795,0.8816142082214355,0.9430960416793824,0.8662437200546265,,0.9518194198608398,0.9898326992988586,0.985521137714386,0.9433939456939696,0.900080144405365,0.2624773681163788,0.3366142511367798,0.9060119986534119,0.9603199362754822,0.9902639389038086,0.986720621585846,0.9537197351455688,0.9223201274871826,0.2567687332630157,0.2945598363876343,0.9352445006370544,snir_ab,False,alanine_scan,"A,C","[[0.9467074275016785, 0.9420090913772583, 0.11211360991001129]]","[[[0.9467074275016785, 0.8753525018692017, 0.025961384177207947], [0.882273256778717, 0.9420090913772583, 0.014927907846868038], [0.3627781867980957, 0.2845391631126404, 0.11211360991001129]]]","[[0.9341180324554443, 0.9413625597953796]]","[[[0.9341180324554443, 0.8662437200546265], [0.862891674041748, 0.9413625597953796]]]",/scicore/home/schwede/barta0000/scoring_pipeline/run1/5ifj_abc_cut_all_A/chai_no_constraints/seed_2750/pred.model_idx_2.cif,/scicore/home/schwede/barta0000/scoring_pipeline/run1/5ifj_abc_cut_all_A/chai_with_constraints/seed_2282/pred.model_idx_0.cif,/scicore/home/schwede/barta0000/scoring_pipeline/run1/5ifj_abc_cut_all_A/boltz_free/output/boltz_results_5ifj_abc_cut_all_A/predictions/5ifj_abc_cut_all_A/5ifj_abc_cut_all_A_model_0.cif,/scicore/home/schwede/barta0000/scoring_pipeline/run1/5ifj_abc_cut_all_A/boltz_with_template/output/boltz_results_5ifj_abc_cut_all_A/predictions/5ifj_abc_cut_all_A/5ifj_abc_cut_all_A_model_0.cif
5ig7_abc_cut,1.0,0.0001,2.5729691321303454,95.59971723762916,8.05,1.025,2.0209374999999996,94.90996072343529,0.7852445,0.915,0.48,-12.035,0.0,0.96,,0.1665,2.5503722982351773,97.7218699186992,,,1.9139166666666667,97.17659870783487,0.7568245,0.92,0.94,,1.0,,0.8563401673613373,0.8820404051792785,,,79.10461,12.024441,0.7430892,0.9110666513442992,0.8816186785697937,0.9110666513442992,0.9541796445846558,0.9002883434295654,0.09913582727313039,0.8816186785697937,0.9434970617294312,0.8661490678787231,,0.9867954254150392,0.9904710054397584,0.9870842695236206,0.986723244190216,0.9859994053840636,0.2543024718761444,0.2724223732948303,0.9520541727542876,0.9869529604911804,0.9895877838134766,0.9854286909103394,0.9873340129852296,0.987299144268036,0.2587690651416778,0.2847543954849243,0.9527179300785065,snir_ab,True,original,"A,C","[[0.9454975724220276, 0.9490044116973877, 0.17588774859905243]]","[[[0.9454975724220276, 0.8908762335777283, 0.07365190237760544], [0.8915786743164062, 0.9490044116973877, 0.1246197521686554], [0.7298815846443176, 0.7536866068840027, 0.17588774859905243]]]","[[0.9348973035812378, 0.9414625763893127]]","[[[0.9348973035812378, 0.8661490678787231], [0.8633562922477722, 0.9414625763893127]]]",/scicore/home/schwede/barta0000/scoring_pipeline/run1/5ig7_abc_cut/chai_no_constraints/seed_2151/pred.model_idx_2.cif,/scicore/home/schwede/barta0000/scoring_pipeline/run1/5ig7_abc_cut/chai_with_constraints/seed_1564/pred.model_idx_0.cif,/scicore/home/schwede/barta0000/scoring_pipeline/run1/5ig7_abc_cut/boltz_free/output/boltz_results_5ig7_abc_cut/predictions/5ig7_abc_cut/5ig7_abc_cut_model_0.cif,/scicore/home/schwede/barta0000/scoring_pipeline/run1/5ig7_abc_cut/boltz_with_template/output/boltz_results_5ig7_abc_cut/predictions/5ig7_abc_cut/5ig7_abc_cut_model_0.cif
5ig7_abc_cut_A_K110A,0.0,,2.806122347808844,94.95046321525886,16.75,2.34,2.2199999999999998,93.35581466583645,0.756785,0.905,0.4775,-7.385,0.0,0.96,,0.189,2.713984566065173,97.07455284552849,,,2.245798076923077,94.94530144311432,0.691283,0.92,0.94,,1.0,0.0,0.8366405436752812,0.8615162377255612,25.7784686088562,56.39296722412109,78.99162,12.065299,0.741923,0.8946512937545776,0.8787254691123962,0.8946512937545776,0.9463280439376832,0.8817321062088013,0.0372889209538698,0.8787254691123962,0.9417532682418824,0.8629684448242188,,0.9864270091056824,0.9895429611206056,0.9855627417564392,0.9866430759429932,0.985873520374298,0.2549749314785003,0.2713783383369446,0.9571292698383331,0.9867284893989564,0.9894475936889648,0.9854393005371094,0.9870507717132568,0.9864850640296936,0.2570367455482483,0.2789932787418365,0.9551136493682861,snir_ab,False,alanine_scan,"A,C","[[0.9444799423217773, 0.9482003450393677, 0.09482301026582718]]","[[[0.9444799423217773, 0.8866336941719055, 0.039870236068964005], [0.8858174085617065, 0.9482003450393677, 0.034707605838775635], [0.5866318941116333, 0.5207819938659668, 0.09482301026582718]]]","[[0.9339132308959961, 0.9403352737426758]]","[[[0.9339132308959961, 0.8629684448242188], [0.8592933416366577, 0.9403352737426758]]]",/scicore/home/schwede/barta0000/scoring_pipeline/run1/5ig7_abc_cut_A_K110A/chai_no_constraints/seed_2951/pred.model_idx_0.cif,/scicore/home/schwede/barta0000/scoring_pipeline/run1/5ig7_abc_cut_A_K110A/chai_with_constraints/seed_1204/pred.model_idx_4.cif,/scicore/home/schwede/barta0000/scoring_pipeline/run1/5ig7_abc_cut_A_K110A/boltz_free/output/boltz_results_5ig7_abc_cut_A_K110A/predictions/5ig7_abc_cut_A_K110A/5ig7_abc_cut_A_K110A_model_0.cif,/scicore/home/schwede/barta0000/scoring_pipeline/run1/5ig7_abc_cut_A_K110A/boltz_with_template/output/boltz_results_5ig7_abc_cut_A_K110A/predictions/5ig7_abc_cut_A_K110A/5ig7_abc_cut_A_K110A_model_0.cif
5ig7_abc_cut_A_W52A,0.0,,2.731340471941305,95.45778142076502,11.955,1.5150000000000001,2.111607142857143,93.97496247488354,0.749117,0.895,0.4775,-7.1899999999999995,0.0,0.95,,0.138,2.50174846321634,97.7978455284553,,,1.8742083333333333,96.96493242013509,0.73929,0.92,0.94,,1.0,,0.8530356033494232,0.8698152578481009,,,79.68282,11.996226,0.75012976,0.8740580677986145,0.8788630962371826,0.8740580677986145,0.9350603222846984,0.8588074445724487,0.012410010676830951,0.8788630962371826,0.9419037103652954,0.863102912902832,,0.9852938652038574,0.9892565608024596,0.9848862290382384,0.9853957295417786,0.9836214780807496,0.2573195695877075,0.294726699590683,0.9344284236431122,0.9854225516319276,0.9882014393806458,0.9835335612297058,0.985894739627838,0.9843596816062928,0.2602119147777557,0.310701310634613,0.9298293590545654,snir_ab,False,alanine_scan,"A,C","[[0.9392455220222473, 0.9467980265617371, 0.08842523396015167]]","[[[0.9392455220222473, 0.8777296543121338, 0.012336581014096737], [0.8776098489761353, 0.9467980265617371, 0.012483440339565277], [0.22673159837722778, 0.20028504729270935, 0.08842523396015167]]]","[[0.9339661002159119, 0.9405071139335632]]","[[[0.9339661002159119, 0.863102912902832], [0.8609433174133301, 0.9405071139335632]]]",/scicore/home/schwede/barta0000/scoring_pipeline/run1/5ig7_abc_cut_A_W52A/chai_no_constraints/seed_1507/pred.model_idx_1.cif,/scicore/home/schwede/barta0000/scoring_pipeline/run1/5ig7_abc_cut_A_W52A/chai_with_constraints/seed_11/pred.model_idx_2.cif,/scicore/home/schwede/barta0000/scoring_pipeline/run1/5ig7_abc_cut_A_W52A/boltz_free/output/boltz_results_5ig7_abc_cut_A_W52A/predictions/5ig7_abc_cut_A_W52A/5ig7_abc_cut_A_W52A_model_0.cif,/scicore/home/schwede/barta0000/scoring_pipeline/run1/5ig7_abc_cut_A_W52A/boltz_with_template/output/boltz_results_5ig7_abc_cut_A_W52A/predictions/5ig7_abc_cut_A_W52A/5ig7_abc_cut_A_W52A_model_0.cif
5ig7_abc_cut_A_Y66A,0.0,,2.572737788353493,95.76798580786028,9.105,1.215,1.9596153846153848,95.06366700019251,0.7862845,0.91,0.48,-11.07,0.0,0.96,,0.173,2.576861491175888,97.66243902439024,,,1.9680448717948718,96.88750139872232,0.7450955,0.92,0.94,,1.0,,0.8536391769430092,0.8563369367603941,,,79.86379,11.953039,0.747391,0.9101043939590454,0.8787265419960022,0.9101043939590454,0.9536369442939758,0.8992211818695068,0.0860443394631147,0.8787265419960022,0.9416042566299438,0.8630070686340332,,0.9867200255393982,0.990605354309082,0.9867914319038392,0.9867020845413208,0.9859682321548462,0.2553566396236419,0.2794528901576996,0.9495479762554169,0.9864099621772766,0.9896162152290344,0.9855257868766784,0.9866309762001038,0.985548734664917,0.2576338648796081,0.2914656102657318,0.9405582249164581,snir_ab,False,alanine_scan,"A,C","[[0.9482442736625671, 0.9485312104225159, 0.16474778950214386]]","[[[0.9482442736625671, 0.885511040687561, 0.06039733812212944], [0.8914203643798828, 0.9485312104225159, 0.11169134080410004], [0.7109382152557373, 0.7516977787017822, 0.16474778950214386]]]","[[0.933533251285553, 0.9410054087638855]]","[[[0.933533251285553, 0.8630070686340332], [0.8582792282104492, 0.9410054087638855]]]",/scicore/home/schwede/barta0000/scoring_pipeline/run1/5ig7_abc_cut_A_Y66A/chai_no_constraints/seed_1772/pred.model_idx_0.cif,/scicore/home/schwede/barta0000/scoring_pipeline/run1/5ig7_abc_cut_A_Y66A/chai_with_constraints/seed_1661/pred.model_idx_1.cif,/scicore/home/schwede/barta0000/scoring_pipeline/run1/5ig7_abc_cut_A_Y66A/boltz_free/output/boltz_results_5ig7_abc_cut_A_Y66A/predictions/5ig7_abc_cut_A_Y66A/5ig7_abc_cut_A_Y66A_model_0.cif,/scicore/home/schwede/barta0000/scoring_pipeline/run1/5ig7_abc_cut_A_Y66A/boltz_with_template/output/boltz_results_5ig7_abc_cut_A_Y66A/predictions/5ig7_abc_cut_A_Y66A/5ig7_abc_cut_A_Y66A_model_0.cif
5ig7_abc_cut_B_G114A,0.0,,2.4366729459977527,95.86908695652174,12.2,1.5099999999999998,1.8843750000000001,95.53179226281276,0.810392,0.92,0.485,-7.09,0.0,0.97,,0.183,2.5664019432877256,97.62613821138213,,,1.9159191176470587,96.89250034756131,0.7611905,0.92,0.94,,1.0,,0.8542252895300497,0.8732335707154854,,,79.15855,11.900293,0.7462901,0.8767755031585693,0.8783543705940247,0.8767755031585693,0.9374703764915466,0.8616017699241638,0.0114217097871005,0.8783543705940247,0.9414356350898744,0.8625840544700623,,0.9861679077148438,0.9896113276481628,0.9854296445846558,0.9863525032997132,0.9855170249938964,0.2548731863498688,0.2725313305854797,0.9552995562553406,0.986093044281006,0.9888780117034912,0.9845165014266968,0.9864872097969056,0.9860811233520508,0.256535530090332,0.2781525254249573,0.9530220329761504,snir_ab,False,alanine_scan,"A,C","[[0.9472417831420898, 0.9477450847625732, 0.09275246411561966]]","[[[0.9472417831420898, 0.8837891817092896, 0.010978958569467068], [0.8816221952438354, 0.9477450847625732, 0.01186446100473404], [0.20581267774105072, 0.20042766630649567, 0.09275246411561966]]]","[[0.9332777261734009, 0.9409425854682922]]","[[[0.9332777261734009, 0.8625840544700623], [0.8601755499839783, 0.9409425854682922]]]",/scicore/home/schwede/barta0000/scoring_pipeline/run1/5ig7_abc_cut_B_G114A/chai_no_constraints/seed_107/pred.model_idx_1.cif,/scicore/home/schwede/barta0000/scoring_pipeline/run1/5ig7_abc_cut_B_G114A/chai_with_constraints/seed_2282/pred.model_idx_0.cif,/scicore/home/schwede/barta0000/scoring_pipeline/run1/5ig7_abc_cut_B_G114A/boltz_free/output/boltz_results_5ig7_abc_cut_B_G114A/predictions/5ig7_abc_cut_B_G114A/5ig7_abc_cut_B_G114A_model_0.cif,/scicore/home/schwede/barta0000/scoring_pipeline/run1/5ig7_abc_cut_B_G114A/boltz_with_template/output/boltz_results_5ig7_abc_cut_B_G114A/predictions/5ig7_abc_cut_B_G114A/5ig7_abc_cut_B_G114A_model_0.cif
5ig7_abc_cut_B_L116A,0.0,,2.697161081366912,95.29842047930283,13.32,1.6099999999999999,2.129575163398693,93.730327953764,0.756877,0.905,0.48,-6.595,0.0,0.96,,0.151,2.594814098750744,97.49215447154472,,,1.9417892156862742,96.6083321041531,0.7393419999999999,0.92,0.94,,1.0,,0.850334612931095,0.8525442938365088,,,79.7375,11.603752,0.7548578,0.8776073455810547,0.8782186508178711,0.8776073455810547,0.9376389384269714,0.8625994324684143,0.014518124982714601,0.8782186508178711,0.9415651559829712,0.8623819947242737,,0.9853842854499816,0.9908755421638488,0.9870702624320984,0.9849628210067748,0.9822766184806824,0.2550898790359497,0.2827728688716888,0.9342955052852631,0.9856074452400208,0.990330457687378,0.9862121343612672,0.9854562282562256,0.98335063457489,0.2578755021095276,0.3022042512893677,0.9219740033149719,snir_ab,False,alanine_scan,"A,C","[[0.9438903331756592, 0.9470524191856384, 0.08973607420921326]]","[[[0.9438903331756592, 0.879470705986023, 0.015244721435010433], [0.8807264566421509, 0.9470524191856384, 0.013791528530418873], [0.2610713839530945, 0.22934682667255402, 0.08973607420921326]]]","[[0.934121310710907, 0.9409371614456177]]","[[[0.934121310710907, 0.8623819947242737], [0.8609708547592163, 0.9409371614456177]]]",/scicore/home/schwede/barta0000/scoring_pipeline/run1/5ig7_abc_cut_B_L116A/chai_no_constraints/seed_2674/pred.model_idx_4.cif,/scicore/home/schwede/barta0000/scoring_pipeline/run1/5ig7_abc_cut_B_L116A/chai_with_constraints/seed_1119/pred.model_idx_0.cif,/scicore/home/schwede/barta0000/scoring_pipeline/run1/5ig7_abc_cut_B_L116A/boltz_free/output/boltz_results_5ig7_abc_cut_B_L116A/predictions/5ig7_abc_cut_B_L116A/5ig7_abc_cut_B_L116A_model_0.cif,/scicore/home/schwede/barta0000/scoring_pipeline/run1/5ig7_abc_cut_B_L116A/boltz_with_template/output/boltz_results_5ig7_abc_cut_B_L116A/predictions/5ig7_abc_cut_B_L116A/5ig7_abc_cut_B_L116A_model_0.cif
5ig7_abc_cut_B_V38A,0.0,,2.5409379337695817,95.79346216657594,10.8,1.405,2.050535714285714,94.75684398010407,0.7769955,0.91,0.48,-10.754999999999999,0.0,0.96,,0.1635,2.571711943948708,97.64711382113822,,,1.9099062500000001,96.95312547683716,0.7450855,0.92,0.94,,1.0,,0.8563401673613373,0.8601749943675394,,,79.28264,11.963028,0.7448997,0.8897017240524292,0.8785697817802429,0.8897017240524292,0.944841206073761,0.8759168386459351,0.0323278261348605,0.8785697817802429,0.9415273666381836,0.8628303408622742,,0.9846965670585632,0.9900841116905212,0.9860972762107848,0.9843464493751526,0.98152494430542,0.2556359469890594,0.2853051424026489,0.9291346967220306,0.9854320883750916,0.9904015064239502,0.9864802360534668,0.9851700663566588,0.9826376438140868,0.258463054895401,0.3068337440490722,0.9146331548690796,snir_ab,False,alanine_scan,"A,C","[[0.9432534575462341, 0.9479488134384155, 0.09250660985708237]]","[[[0.9432534575462341, 0.8869456648826599, 0.0380576066672802], [0.8843246698379517, 0.9479488134384155, 0.026598045602440834], [0.5354738235473633, 0.47442662715911865, 0.09250660985708237]]]","[[0.9341434836387634, 0.9406449794769287]]","[[[0.9341434836387634, 0.8628303408622742], [0.8598364591598511, 0.9406449794769287]]]",/scicore/home/schwede/barta0000/scoring_pipeline/run1/5ig7_abc_cut_B_V38A/chai_no_constraints/seed_2244/pred.model_idx_2.cif,/scicore/home/schwede/barta0000/scoring_pipeline/run1/5ig7_abc_cut_B_V38A/chai_with_constraints/seed_1280/pred.model_idx_3.cif,/scicore/home/schwede/barta0000/scoring_pipeline/run1/5ig7_abc_cut_B_V38A/boltz_free/output/boltz_results_5ig7_abc_cut_B_V38A/predictions/5ig7_abc_cut_B_V38A/5ig7_abc_cut_B_V38A_model_0.cif,/scicore/home/schwede/barta0000/scoring_pipeline/run1/5ig7_abc_cut_B_V38A/boltz_with_template/output/boltz_results_5ig7_abc_cut_B_V38A/predictions/5ig7_abc_cut_B_V38A/5ig7_abc_cut_B_V38A_model_0.cif
5ig7_abc_cut_B_W107A,0.0,,3.5619951748297973,92.83057923497267,128.475,19.54,2.146590909090909,82.97727829503464,0.155861,0.6,0.4675,97.59,0.0,0.93,,0.29600000000000004,3.226327417542468,95.015162601626,,,1.7952901785714286,82.14250077141656,0.12811250000000002,0.89,0.93,,1.0,,0.6780101831161919,0.8276668325795726,,,79.458374,12.1848135,0.7387713,0.8870657682418823,0.8786615133285522,0.8870657682418823,0.9419724941253662,0.873339056968689,0.0266915606334805,0.8786615133285522,0.9419348835945128,0.8628431558609009,,0.984982430934906,0.9894617199897766,0.985191822052002,0.9849300384521484,0.982032060623169,0.2567239105701446,0.289090096950531,0.927547425031662,0.985792338848114,0.990227997303009,0.9860599040985109,0.985725462436676,0.983331859111786,0.2581857740879059,0.3031907677650451,0.9150537550449371,snir_ab,False,alanine_scan,"A,C","[[0.9412914514541626, 0.9472916126251221, 0.09088034927845001]]","[[[0.9412914514541626, 0.8858029842376709, 0.03071868233382702], [0.8836560249328613, 0.9472916126251221, 0.02266443893313408], [0.49696916341781616, 0.4323227107524872, 0.09088034927845001]]]","[[0.9343828558921814, 0.9400894045829773]]","[[[0.9343828558921814, 0.8628431558609009], [0.8608893156051636, 0.9400894045829773]]]",/scicore/home/schwede/barta0000/scoring_pipeline/run1/5ig7_abc_cut_B_W107A/chai_no_constraints/seed_1696/pred.model_idx_4.cif,/scicore/home/schwede/barta0000/scoring_pipeline/run1/5ig7_abc_cut_B_W107A/chai_with_constraints/seed_1083/pred.model_idx_0.cif,/scicore/home/schwede/barta0000/scoring_pipeline/run1/5ig7_abc_cut_B_W107A/boltz_free/output/boltz_results_5ig7_abc_cut_B_W107A/predictions/5ig7_abc_cut_B_W107A/5ig7_abc_cut_B_W107A_model_0.cif,/scicore/home/schwede/barta0000/scoring_pipeline/run1/5ig7_abc_cut_B_W107A/boltz_with_template/output/boltz_results_5ig7_abc_cut_B_W107A/predictions/5ig7_abc_cut_B_W107A/5ig7_abc_cut_B_W107A_model_0.cif
5ig7_abc_cut_B_Y37A,0.0,,2.644075946857029,95.63105895196507,15.83,1.9849999999999999,1.979166666666667,94.59411109510553,0.7203820000000001,0.895,0.48,-4.395,0.0,0.96,,0.1565,2.539087348800317,97.68337398373984,,,1.8007142857142862,96.67840015186982,0.7109030000000001,0.92,0.94,,1.0,,0.8429697191240112,0.8607397957211577,,,79.07036,12.172714,0.7418809,0.8867647647857666,0.8783337473869324,0.8867647647857666,0.9432177543640136,0.8726514577865601,0.030703942291438496,0.8783337473869324,0.941538393497467,0.8625325560569763,,0.9841607213020324,0.9893732070922852,0.9849428534507751,0.9839651584625244,0.9806895852088928,0.2582967579364776,0.3037095963954925,0.9178875684738159,0.98330557346344,0.9875091910362244,0.9819741249084472,0.9836384654045104,0.979459583759308,0.2658567428588867,0.3563339412212372,0.8782845437526703,snir_ab,False,alanine_scan,"A,C","[[0.9416530132293701, 0.9461093544960022, 0.09143545478582382]]","[[[0.9416530132293701, 0.8841282725334167, 0.037784408777952194], [0.8816117644309998, 0.9461093544960022, 0.023623475804924965], [0.536925733089447, 0.46942004561424255, 0.09143545478582382]]]","[[0.9334264993667603, 0.9408474564552307]]","[[[0.9334264993667603, 0.8625325560569763], [0.8603800535202026, 0.9408474564552307]]]",/scicore/home/schwede/barta0000/scoring_pipeline/run1/5ig7_abc_cut_B_Y37A/chai_no_constraints/seed_1549/pred.model_idx_0.cif,/scicore/home/schwede/barta0000/scoring_pipeline/run1/5ig7_abc_cut_B_Y37A/chai_with_constraints/seed_1300/pred.model_idx_4.cif,/scicore/home/schwede/barta0000/scoring_pipeline/run1/5ig7_abc_cut_B_Y37A/boltz_free/output/boltz_results_5ig7_abc_cut_B_Y37A/predictions/5ig7_abc_cut_B_Y37A/5ig7_abc_cut_B_Y37A_model_0.cif,/scicore/home/schwede/barta0000/scoring_pipeline/run1/5ig7_abc_cut_B_Y37A/boltz_with_template/output/boltz_results_5ig7_abc_cut_B_Y37A/predictions/5ig7_abc_cut_B_Y37A/5ig7_abc_cut_B_Y37A_model_0.cif
5ig7_abc_cut_all_A,0.0,,3.80598684645383,92.21050583657588,56.12,10.05,2.444927536231884,76.57655044269097,0.0615025,0.53,0.4625,7.36,0.0,0.92,,0.241,3.058024819882345,95.74418699186992,,,1.9298214285714286,85.87709104364569,0.2394795,0.91,0.93,,1.0,,0.39843300815149907,0.8603669045401341,,,80.211266,12.025735,0.74533355,0.8709697723388672,0.8783736228942871,0.8709697723388672,0.9320775270462036,0.8556928038597107,0.01002252101898185,0.8783736228942871,0.941714644432068,0.8625383377075195,,0.9809295535087584,0.9896323084831238,0.985184371471405,0.9798659086227416,0.97208970785141,0.2607897520065307,0.3143182396888733,0.9075171053409576,0.979258954524994,0.9885576367378236,0.983807384967804,0.978121817111969,0.969478726387024,0.2589049041271209,0.3015550076961517,0.9148912727832794,snir_ab,False,alanine_scan,"A,C","[[0.9479871988296509, 0.943764865398407, 0.09157244861125946]]","[[[0.9479871988296509, 0.8801519870758057, 0.011123334988951683], [0.8854112029075623, 0.943764865398407, 0.008921707049012184], [0.19056420028209686, 0.16102255880832672, 0.09157244861125946]]]","[[0.9336056709289551, 0.94100022315979]]","[[[0.9336056709289551, 0.8625383377075195], [0.8586568832397461, 0.94100022315979]]]",/scicore/home/schwede/barta0000/scoring_pipeline/run1/5ig7_abc_cut_all_A/chai_no_constraints/seed_1765/pred.model_idx_0.cif,/scicore/home/schwede/barta0000/scoring_pipeline/run1/5ig7_abc_cut_all_A/chai_with_constraints/seed_3925/pred.model_idx_2.cif,/scicore/home/schwede/barta0000/scoring_pipeline/run1/5ig7_abc_cut_all_A/boltz_free/output/boltz_results_5ig7_abc_cut_all_A/predictions/5ig7_abc_cut_all_A/5ig7_abc_cut_all_A_model_0.cif,/scicore/home/schwede/barta0000/scoring_pipeline/run1/5ig7_abc_cut_all_A/boltz_with_template/output/boltz_results_5ig7_abc_cut_all_A/predictions/5ig7_abc_cut_all_A/5ig7_abc_cut_all_A_model_0.cif
5ijk_acx_cut,1.0,1e-06,3.486348607280527,92.4391632016632,26.435,4.765,5.111071428571429,69.14418219170406,0.0883815,0.5700000000000001,0.47,3.5300000000000002,0.0,0.93,,0.1825,3.115915711036918,96.40301204819276,,,2.8885,86.07809511820474,0.289222,0.91,0.93,,1.0,,0.3993165949708049,0.8551064330173427,,,80.08763,11.448295,0.7654945,0.8888254165649414,0.8970193862915039,0.8888254165649414,0.942484736442566,0.8754105567932129,0.0238495217636227,0.8970193862915039,0.9487372636795044,0.8840898871421814,,0.9790279269218444,0.9897540211677552,0.9854592084884644,0.9774200916290284,0.9743817448616028,0.2545120418071747,0.2736864387989044,0.9495794773101807,0.9832159280776978,0.9905480742454528,0.9868348240852356,0.9823111295700072,0.9797598719596864,0.255679577589035,0.2831887304782867,0.9435573816299438,snir_ab,True,original,"A,C","[[0.9368650317192078, 0.9511184692382812, 0.10021841526031494]]","[[[0.9368650317192078, 0.886062502861023, 0.019133346155285835], [0.8742876052856445, 0.9511184692382812, 0.028565697371959686], [0.3940650522708893, 0.4279443919658661, 0.10021841526031494]]]","[[0.9387028217315674, 0.9485116600990295]]","[[[0.9387028217315674, 0.8840898871421814], [0.8737497329711914, 0.9485116600990295]]]",/scicore/home/schwede/barta0000/scoring_pipeline/run1/5ijk_acx_cut/chai_no_constraints/seed_1905/pred.model_idx_2.cif,/scicore/home/schwede/barta0000/scoring_pipeline/run1/5ijk_acx_cut/chai_with_constraints/seed_2874/pred.model_idx_3.cif,/scicore/home/schwede/barta0000/scoring_pipeline/run1/5ijk_acx_cut/boltz_free/output/boltz_results_5ijk_acx_cut/predictions/5ijk_acx_cut/5ijk_acx_cut_model_0.cif,/scicore/home/schwede/barta0000/scoring_pipeline/run1/5ijk_acx_cut/boltz_with_template/output/boltz_results_5ijk_acx_cut/predictions/5ijk_acx_cut/5ijk_acx_cut_model_0.cif
5ijk_acx_cut_A_I112A,0.0,,2.9578039063886066,94.0940135346174,95.96000000000001,16.7,2.7861607142857148,76.5585830903207,0.1122435,0.615,0.475,38.035,0.0,0.94,,0.2725,2.833948162126417,96.74791164658636,,,1.8513636363636363,79.11475981198825,0.146703,0.91,0.94,,1.0,,0.38882917444253307,0.8547831999166371,,,79.8307,11.503963,0.7636743,0.8924027681350708,0.8969265222549438,0.8924027681350708,0.9457562565803528,0.8790644407272339,0.025335932150483048,0.8969265222549438,0.94853413105011,0.8840246200561523,,0.9753721356391908,0.9883843660354614,0.9836899638175964,0.9732927083969116,0.9638454914093018,0.2574920654296875,0.2903586030006408,0.9295762479305267,0.9748482704162598,0.9851660132408142,0.978791117668152,0.9738625288009644,0.9649631381034852,0.2674559950828552,0.3544127345085144,0.8884751200675964,snir_ab,False,alanine_scan,"A,C","[[0.9419323205947876, 0.9515408277511597, 0.09971582889556885]]","[[[0.9419323205947876, 0.8887308239936829, 0.02054227516055107], [0.880425214767456, 0.9515408277511597, 0.03012958914041519], [0.3992959260940552, 0.4255301356315613, 0.09971582889556885]]]","[[0.9393779635429382, 0.9484520554542542]]","[[[0.9393779635429382, 0.8840246200561523], [0.8735381960868835, 0.9484520554542542]]]",/scicore/home/schwede/barta0000/scoring_pipeline/run1/5ijk_acx_cut_A_I112A/chai_no_constraints/seed_1871/pred.model_idx_0.cif,/scicore/home/schwede/barta0000/scoring_pipeline/run1/5ijk_acx_cut_A_I112A/chai_with_constraints/seed_123/pred.model_idx_2.cif,/scicore/home/schwede/barta0000/scoring_pipeline/run1/5ijk_acx_cut_A_I112A/boltz_free/output/boltz_results_5ijk_acx_cut_A_I112A/predictions/5ijk_acx_cut_A_I112A/5ijk_acx_cut_A_I112A_model_0.cif,/scicore/home/schwede/barta0000/scoring_pipeline/run1/5ijk_acx_cut_A_I112A/boltz_with_template/output/boltz_results_5ijk_acx_cut_A_I112A/predictions/5ijk_acx_cut_A_I112A/5ijk_acx_cut_A_I112A_model_0.cif
5ijk_acx_cut_A_I114A,0.0,,3.581103530588216,91.14284226965124,68.07,10.49,3.0395299145299144,67.75372104934013,0.024187,0.42,0.46499999999999997,10.18,0.0,0.93,,0.2575,3.4564227996322643,94.7981124497992,,,2.8859375,76.38958390553793,0.064486,0.9,0.93,,1.0,0.0,0.3817557358007121,0.8600780765005616,,,79.76796,11.557929,0.76231724,0.8861697316169739,0.8974890112876892,0.8861697316169739,0.9401605129241944,0.8726720213890076,0.02226387429982415,0.8974890112876892,0.9488507509231568,0.8846485614776611,,0.9720413088798524,0.9865517616271972,0.9812868237495422,0.9697299599647522,0.9608619809150696,0.2647646963596344,0.3363285958766937,0.8915384113788605,0.973698079586029,0.9881535172462464,0.9832813739776612,0.9713022708892822,0.9646120071411132,0.2632526457309723,0.3347534239292145,0.8901964724063873,snir_ab,False,alanine_scan,"A,C","[[0.9325439929962158, 0.951015830039978, 0.0983857735991478]]","[[[0.9325439929962158, 0.8848593235015869, 0.01738307811319828], [0.8702652454376221, 0.951015830039978, 0.027144670486450195], [0.36754748225212097, 0.40753471851348877, 0.0983857735991478]]]","[[0.9389991164207458, 0.9490326046943665]]","[[[0.9389991164207458, 0.8846485614776611], [0.873323917388916, 0.9490326046943665]]]",/scicore/home/schwede/barta0000/scoring_pipeline/run1/5ijk_acx_cut_A_I114A/chai_no_constraints/seed_1267/pred.model_idx_4.cif,/scicore/home/schwede/barta0000/scoring_pipeline/run1/5ijk_acx_cut_A_I114A/chai_with_constraints/seed_2184/pred.model_idx_1.cif,/scicore/home/schwede/barta0000/scoring_pipeline/run1/5ijk_acx_cut_A_I114A/boltz_free/output/boltz_results_5ijk_acx_cut_A_I114A/predictions/5ijk_acx_cut_A_I114A/5ijk_acx_cut_A_I114A_model_0.cif,/scicore/home/schwede/barta0000/scoring_pipeline/run1/5ijk_acx_cut_A_I114A/boltz_with_template/output/boltz_results_5ijk_acx_cut_A_I114A/predictions/5ijk_acx_cut_A_I114A/5ijk_acx_cut_A_I114A_model_0.cif
5ijk_acx_cut_A_K57A,0.0,,3.333152691085628,92.23121354166668,84.57,13.91,3.7388636363636367,66.90144055644998,0.023776,0.4,0.4675,33.6,0.0,0.93,,0.3005,3.312562700601604,95.32493975903613,,,3.025643939393939,77.10058266321818,0.0896985,0.9,0.93,,1.0,,0.3869264480043717,0.8351977063727253,,,80.13481,11.526983,0.7632619,0.8812797665596008,0.8972131609916687,0.8812797665596008,0.9376341104507446,0.8671911954879761,0.015233913436531951,0.8972131609916687,0.9489774107933044,0.884272038936615,,0.9765031933784484,0.9879060387611388,0.9828841090202332,0.97490793466568,0.9707897901535034,0.260529488325119,0.3146072328090668,0.9186994433403015,0.9762941598892212,0.9865804314613342,0.9810451865196228,0.975106418132782,0.9706087708473206,0.2620803415775299,0.3208878934383392,0.9146744906902313,snir_ab,False,alanine_scan,"A,C","[[0.9351347088813782, 0.9510679841041565, 0.09564715623855591]]","[[[0.9351347088813782, 0.8865579962730408, 0.01231759786605835], [0.8701045513153076, 0.9510679841041565, 0.01815022900700569], [0.28463444113731384, 0.3058620095252991, 0.09564715623855591]]]","[[0.9391107559204102, 0.9484051465988159]]","[[[0.9391107559204102, 0.884272038936615], [0.8734388947486877, 0.9484051465988159]]]",/scicore/home/schwede/barta0000/scoring_pipeline/run1/5ijk_acx_cut_A_K57A/chai_no_constraints/seed_1373/pred.model_idx_2.cif,/scicore/home/schwede/barta0000/scoring_pipeline/run1/5ijk_acx_cut_A_K57A/chai_with_constraints/seed_1739/pred.model_idx_0.cif,/scicore/home/schwede/barta0000/scoring_pipeline/run1/5ijk_acx_cut_A_K57A/boltz_free/output/boltz_results_5ijk_acx_cut_A_K57A/predictions/5ijk_acx_cut_A_K57A/5ijk_acx_cut_A_K57A_model_0.cif,/scicore/home/schwede/barta0000/scoring_pipeline/run1/5ijk_acx_cut_A_K57A/boltz_with_template/output/boltz_results_5ijk_acx_cut_A_K57A/predictions/5ijk_acx_cut_A_K57A/5ijk_acx_cut_A_K57A_model_0.cif
5ijk_acx_cut_A_R55A,0.0,,3.411107885356688,91.77039624608967,58.025000000000006,9.175,3.270138888888889,64.29400096937349,0.0242425,0.42,0.4675,23.174999999999997,0.0,0.93,,0.275,3.339877260044193,95.35385542168676,,,2.8577232142857145,78.70451301998563,0.1627425,0.9,0.93,,1.0,,0.3813112014628904,0.8570053586600828,,,79.718895,11.56345,0.761672,0.8751603364944458,0.8974699378013611,0.8751603364944458,0.9350325465202332,0.8601922392845154,0.01267799083143465,0.8974699378013611,0.9490947723388672,0.884563684463501,,0.9744084477424622,0.987605094909668,0.9826029539108276,0.9723597764968872,0.9660120606422424,0.2636556327342987,0.3415999114513397,0.9012015461921692,0.973423182964325,0.9857747554779052,0.980188012123108,0.9717320203781128,0.9647549986839294,0.2675584852695465,0.3627538383007049,0.88527911901474,snir_ab,False,alanine_scan,"A,C","[[0.9349604845046997, 0.9504574537277222, 0.09446211159229279]]","[[[0.9349604845046997, 0.8808215260505676, 0.010871273465454578], [0.8685306906700134, 0.9504574537277222, 0.014484708197414875], [0.23683111369609833, 0.2525396943092346, 0.09446211159229279]]]","[[0.9393128752708435, 0.9482797384262085]]","[[[0.9393128752708435, 0.884563684463501], [0.8723538517951965, 0.9482797384262085]]]",/scicore/home/schwede/barta0000/scoring_pipeline/run1/5ijk_acx_cut_A_R55A/chai_no_constraints/seed_1696/pred.model_idx_1.cif,/scicore/home/schwede/barta0000/scoring_pipeline/run1/5ijk_acx_cut_A_R55A/chai_with_constraints/seed_1704/pred.model_idx_1.cif,/scicore/home/schwede/barta0000/scoring_pipeline/run1/5ijk_acx_cut_A_R55A/boltz_free/output/boltz_results_5ijk_acx_cut_A_R55A/predictions/5ijk_acx_cut_A_R55A/5ijk_acx_cut_A_R55A_model_0.cif,/scicore/home/schwede/barta0000/scoring_pipeline/run1/5ijk_acx_cut_A_R55A/boltz_with_template/output/boltz_results_5ijk_acx_cut_A_R55A/predictions/5ijk_acx_cut_A_R55A/5ijk_acx_cut_A_R55A_model_0.cif
5ijk_acx_cut_A_T113A,0.0,,2.042686408283737,97.31984911550468,-2.8049999999999997,-0.835,1.4739583333333335,97.58303516949607,0.7605565000000001,0.92,0.49,-6.645,0.0,0.97,,0.175,2.450524668956952,98.06020080321284,,,1.6441666666666666,97.19845235915412,0.808197,0.94,0.95,,1.0,,0.8612831990505418,0.869703510114519,,,79.7059,11.587476,0.7601826,0.8915206789970398,0.8964135050773621,0.8915206789970398,0.9466193914413452,0.8777459859848022,0.02496096864342685,0.8964135050773621,0.9484602808952332,0.8834017515182495,,0.975850522518158,0.987174928188324,0.9821773171424866,0.9742687940597534,0.9680973887443542,0.2620547711849212,0.3188561797142029,0.9102492034435272,0.9779251217842102,0.9891918897628784,0.984652042388916,0.9762433767318726,0.9712721705436708,0.2576339244842529,0.2958988547325134,0.9244146049022675,snir_ab,False,alanine_scan,"A,C","[[0.9451172947883606, 0.9515537023544312, 0.09841415286064148]]","[[[0.9451172947883606, 0.8881925940513611, 0.019085025414824486], [0.8834155201911926, 0.9515537023544312, 0.030836911872029305], [0.37446853518486023, 0.39466214179992676, 0.09841415286064148]]]","[[0.9387825131416321, 0.9486415982246399]]","[[[0.9387825131416321, 0.8834017515182495], [0.8728971481323242, 0.9486415982246399]]]",/scicore/home/schwede/barta0000/scoring_pipeline/run1/5ijk_acx_cut_A_T113A/chai_no_constraints/seed_2403/pred.model_idx_2.cif,/scicore/home/schwede/barta0000/scoring_pipeline/run1/5ijk_acx_cut_A_T113A/chai_with_constraints/seed_2349/pred.model_idx_2.cif,/scicore/home/schwede/barta0000/scoring_pipeline/run1/5ijk_acx_cut_A_T113A/boltz_free/output/boltz_results_5ijk_acx_cut_A_T113A/predictions/5ijk_acx_cut_A_T113A/5ijk_acx_cut_A_T113A_model_0.cif,/scicore/home/schwede/barta0000/scoring_pipeline/run1/5ijk_acx_cut_A_T113A/boltz_with_template/output/boltz_results_5ijk_acx_cut_A_T113A/predictions/5ijk_acx_cut_A_T113A/5ijk_acx_cut_A_T113A_model_0.cif
5ijk_acx_cut_B_K36A,0.0,,3.2200141933194626,93.155359375,30.1,7.16,3.395,72.26629454621187,0.06741799999999999,0.55,0.4725,15.525,0.0,0.93,,0.167,2.9013699779035824,96.83200803212851,,,2.7100833333333334,88.61657278878349,0.3680725,0.92,0.94,,1.0,,0.3993165949708049,0.8678105787348406,,,79.46377,11.499666,0.76505154,0.8929494619369507,0.8963197469711304,0.8929494619369507,0.9440355896949768,0.880177915096283,0.030389273539185503,0.8963197469711304,0.9488582015037536,0.883185088634491,,0.9808771014213562,0.9889374375343324,0.9844663739204408,0.9799797534942628,0.974695086479187,0.2561057209968567,0.2812279164791107,0.9437083303928375,0.9843561053276062,0.9900429844856262,0.9859442114830016,0.983959138393402,0.9822778701782228,0.255137026309967,0.2734575867652893,0.9538933038711548,snir_ab,False,alanine_scan,"A,C","[[0.9357482194900513, 0.9508245587348938, 0.10925056040287018]]","[[[0.9357482194900513, 0.8863149881362915, 0.02274598553776741], [0.8725109100341797, 0.9508245587348938, 0.03803256154060364], [0.4318329393863678, 0.46059274673461914, 0.10925056040287018]]]","[[0.9396297335624695, 0.9479048252105713]]","[[[0.9396297335624695, 0.883185088634491], [0.8719321489334106, 0.9479048252105713]]]",/scicore/home/schwede/barta0000/scoring_pipeline/run1/5ijk_acx_cut_B_K36A/chai_no_constraints/seed_2681/pred.model_idx_3.cif,/scicore/home/schwede/barta0000/scoring_pipeline/run1/5ijk_acx_cut_B_K36A/chai_with_constraints/seed_1235/pred.model_idx_3.cif,/scicore/home/schwede/barta0000/scoring_pipeline/run1/5ijk_acx_cut_B_K36A/boltz_free/output/boltz_results_5ijk_acx_cut_B_K36A/predictions/5ijk_acx_cut_B_K36A/5ijk_acx_cut_B_K36A_model_0.cif,/scicore/home/schwede/barta0000/scoring_pipeline/run1/5ijk_acx_cut_B_K36A/boltz_with_template/output/boltz_results_5ijk_acx_cut_B_K36A/predictions/5ijk_acx_cut_B_K36A/5ijk_acx_cut_B_K36A_model_0.cif
5ijk_acx_cut_B_T113A,0.0,,3.117051337881648,92.44480749219564,30.825,4.279999999999999,2.7484375,74.34152217103366,0.075896,0.535,0.4725,7.47,0.0,0.94,,0.272,3.3107396654892662,95.24718875502008,,,2.5332692307692306,80.25425026416778,0.106184,0.9,0.93,,1.0,,0.39494189415871306,0.8542603391815151,,,79.82508,11.518708,0.7639055,0.8939468264579773,0.897383987903595,0.8939468264579773,0.945764660835266,0.8809922933578491,0.03454237710684535,0.897383987903595,0.9488034248352052,0.8845291137695312,,0.9777551889419556,0.9895592331886292,0.9854019284248352,0.9758434295654296,0.9699931144714355,0.2556042969226837,0.2795100212097168,0.944919764995575,0.9810418486595154,0.9898574948310852,0.9859354496002196,0.9798184037208556,0.9764986634254456,0.255878746509552,0.2813635766506195,0.9414641857147216,snir_ab,False,alanine_scan,"A,C","[[0.9378942847251892, 0.9510397911071777, 0.11471161991357803]]","[[[0.9378942847251892, 0.8857946395874023, 0.024464713409543037], [0.8753909468650818, 0.9510397911071777, 0.04462004080414772], [0.4483042359352112, 0.4758024215698242, 0.11471161991357803]]]","[[0.9389173984527588, 0.9489221572875977]]","[[[0.9389173984527588, 0.8845291137695312], [0.8735169172286987, 0.9489221572875977]]]",/scicore/home/schwede/barta0000/scoring_pipeline/run1/5ijk_acx_cut_B_T113A/chai_no_constraints/seed_1696/pred.model_idx_2.cif,/scicore/home/schwede/barta0000/scoring_pipeline/run1/5ijk_acx_cut_B_T113A/chai_with_constraints/seed_1144/pred.model_idx_4.cif,/scicore/home/schwede/barta0000/scoring_pipeline/run1/5ijk_acx_cut_B_T113A/boltz_free/output/boltz_results_5ijk_acx_cut_B_T113A/predictions/5ijk_acx_cut_B_T113A/5ijk_acx_cut_B_T113A_model_0.cif,/scicore/home/schwede/barta0000/scoring_pipeline/run1/5ijk_acx_cut_B_T113A/boltz_with_template/output/boltz_results_5ijk_acx_cut_B_T113A/predictions/5ijk_acx_cut_B_T113A/5ijk_acx_cut_B_T113A_model_0.cif
5ijk_acx_cut_B_W56A,0.0,,2.3825502814470734,96.6786631853786,6.989999999999999,0.8500000000000001,1.7013888888888888,95.56170301013326,0.6069705,0.855,0.4825,3.9499999999999997,0.0,0.96,,0.163,2.468081482556733,97.97807228915664,,,1.6593181818181817,95.47625064849854,0.7841024999999999,0.93,0.95,,1.0,,0.8834916210291255,0.8528129214996589,,,79.48419,11.563391,0.76299715,0.9018335938453674,0.8967767953872681,0.9018335938453674,0.9527294635772704,0.8891096115112305,0.039304551668465096,0.8967767953872681,0.9485487341880798,0.8838337659835815,,0.9763798117637634,0.9893583059310912,0.9851069450378418,0.9741979241371156,0.9665659070014954,0.2561832666397095,0.2810215055942535,0.9449348747730255,0.979604184627533,0.989648699760437,0.9851880669593812,0.9782081842422484,0.9737287163734436,0.2560265064239502,0.2796295285224914,0.9466046392917633,snir_ab,False,alanine_scan,"A,C","[[0.9516229033470154, 0.9518455266952515, 0.11901231110095978]]","[[[0.9516229033470154, 0.8881137371063232, 0.029572119936347008], [0.8907985687255859, 0.9518455266952515, 0.04903698340058327], [0.5136300325393677, 0.5190160274505615, 0.11901231110095978]]]","[[0.9388806819915771, 0.9481016397476196]]","[[[0.9388806819915771, 0.8838337659835815], [0.8725369572639465, 0.9481016397476196]]]",/scicore/home/schwede/barta0000/scoring_pipeline/run1/5ijk_acx_cut_B_W56A/chai_no_constraints/seed_1320/pred.model_idx_3.cif,/scicore/home/schwede/barta0000/scoring_pipeline/run1/5ijk_acx_cut_B_W56A/chai_with_constraints/seed_1695/pred.model_idx_4.cif,/scicore/home/schwede/barta0000/scoring_pipeline/run1/5ijk_acx_cut_B_W56A/boltz_free/output/boltz_results_5ijk_acx_cut_B_W56A/predictions/5ijk_acx_cut_B_W56A/5ijk_acx_cut_B_W56A_model_0.cif,/scicore/home/schwede/barta0000/scoring_pipeline/run1/5ijk_acx_cut_B_W56A/boltz_with_template/output/boltz_results_5ijk_acx_cut_B_W56A/predictions/5ijk_acx_cut_B_W56A/5ijk_acx_cut_B_W56A_model_0.cif
5ijk_acx_cut_B_Y107A,0.0,,3.1631199496782307,93.55384976525822,41.519999999999996,7.365,2.2145833333333336,72.90536106222234,0.026279999999999998,0.415,0.47,40.620000000000005,0.0,0.93,,0.2985,2.834351542717053,96.92506024096384,,,1.937857142857143,85.59699948628744,0.21040799999999998,0.91,0.94,,1.0,,0.34652219247345145,0.8728410341833939,,,79.72325,11.503156,0.7641337,0.8945642113685608,0.8962979316711426,0.8945642113685608,0.9463183879852296,0.8816256523132324,0.02648626826703545,0.8962979316711426,0.948544979095459,0.8832361698150635,,0.9782114028930664,0.9897363781929016,0.9854767322540284,0.976395070552826,0.9689451456069946,0.2565238177776336,0.2882432043552398,0.9410736262798309,0.9804556965827942,0.988467276096344,0.9837485551834106,0.9796324968338012,0.975231945514679,0.2585203051567077,0.2961010038852691,0.9338965117931366,snir_ab,False,alanine_scan,"A,C","[[0.9415576457977295, 0.9507483839988708, 0.10159186273813248]]","[[[0.9415576457977295, 0.892025351524353, 0.02098066732287407], [0.8824976682662964, 0.9507483839988708, 0.0319918692111969], [0.42500635981559753, 0.44199931621551514, 0.10159186273813248]]]","[[0.9393523335456848, 0.9482724070549011]]","[[[0.9393523335456848, 0.8832361698150635], [0.8733580112457275, 0.9482724070549011]]]",/scicore/home/schwede/barta0000/scoring_pipeline/run1/5ijk_acx_cut_B_Y107A/chai_no_constraints/seed_1211/pred.model_idx_2.cif,/scicore/home/schwede/barta0000/scoring_pipeline/run1/5ijk_acx_cut_B_Y107A/chai_with_constraints/seed_1769/pred.model_idx_3.cif,/scicore/home/schwede/barta0000/scoring_pipeline/run1/5ijk_acx_cut_B_Y107A/boltz_free/output/boltz_results_5ijk_acx_cut_B_Y107A/predictions/5ijk_acx_cut_B_Y107A/5ijk_acx_cut_B_Y107A_model_0.cif,/scicore/home/schwede/barta0000/scoring_pipeline/run1/5ijk_acx_cut_B_Y107A/boltz_with_template/output/boltz_results_5ijk_acx_cut_B_Y107A/predictions/5ijk_acx_cut_B_Y107A/5ijk_acx_cut_B_Y107A_model_0.cif
5ijk_acx_cut_B_Y108A,0.0,,3.341984806696666,91.6418257694314,41.775000000000006,7.04,3.9027777777777777,65.01685892361755,0.024165,0.425,0.4675,14.54,0.0,0.93,,0.247,3.2369126304414446,95.69875502008033,,,3.7259821428571422,82.42483329772949,0.2351975,0.91,0.93,,1.0,,0.38264610825048073,0.8584958387730857,,,79.700134,11.491639,0.76238704,0.8779662847518921,0.8969205021858215,0.8779662847518921,0.9355632662773132,0.863567054271698,0.0113529013469815,0.8969205021858215,0.9487802386283876,0.8839555978775024,,0.9780659675598145,0.987413763999939,0.982272207736969,0.977014422416687,0.9714811444282532,0.2586254775524139,0.2936596870422363,0.9320082664489746,0.9797651171684264,0.9889808893203736,0.984449863433838,0.9785939455032348,0.9743019938468932,0.2567090392112732,0.2864778339862823,0.9395732879638672,snir_ab,False,alanine_scan,"A,C","[[0.9349137544631958, 0.950394332408905, 0.09301353245973587]]","[[[0.9349137544631958, 0.8863245248794556, 0.01077058631926775], [0.8705005049705505, 0.950394332408905, 0.011935216374695301], [0.2086193561553955, 0.2038118839263916, 0.09301353245973587]]]","[[0.9389467239379883, 0.9485079050064087]]","[[[0.9389467239379883, 0.8839555978775024], [0.8728551268577576, 0.9485079050064087]]]",/scicore/home/schwede/barta0000/scoring_pipeline/run1/5ijk_acx_cut_B_Y108A/chai_no_constraints/seed_1075/pred.model_idx_1.cif,/scicore/home/schwede/barta0000/scoring_pipeline/run1/5ijk_acx_cut_B_Y108A/chai_with_constraints/seed_1718/pred.model_idx_2.cif,/scicore/home/schwede/barta0000/scoring_pipeline/run1/5ijk_acx_cut_B_Y108A/boltz_free/output/boltz_results_5ijk_acx_cut_B_Y108A/predictions/5ijk_acx_cut_B_Y108A/5ijk_acx_cut_B_Y108A_model_0.cif,/scicore/home/schwede/barta0000/scoring_pipeline/run1/5ijk_acx_cut_B_Y108A/boltz_with_template/output/boltz_results_5ijk_acx_cut_B_Y108A/predictions/5ijk_acx_cut_B_Y108A/5ijk_acx_cut_B_Y108A_model_0.cif
5ijk_acx_cut_B_Y31A,0.0,,3.093042047708908,94.54632237871674,49.185,7.655,2.3549342105263156,80.44761951699058,0.054125999999999994,0.545,0.475,34.625,0.0,0.94,,0.4015,3.0472182706730533,96.02,,,2.015625,78.14371455056326,0.0947765,0.91,0.93,,1.0,,0.5954739762217378,0.8530827284019853,,,80.138664,11.434405,0.7642455,0.8757623434066772,0.8969705104827881,0.8757623434066772,0.9336868524551392,0.8612812161445618,0.00937768397852775,0.8969705104827881,0.9488543272018432,0.8839995265007019,,0.9786375164985656,0.9898690581321716,0.9857210516929626,0.9768666625022888,0.97004497051239,0.2550587952136993,0.2793523371219635,0.9445659816265106,0.9808077812194824,0.989554524421692,0.9852134585380554,0.979706346988678,0.9751611351966858,0.256096601486206,0.2839860022068023,0.9438000023365021,snir_ab,False,alanine_scan,"A,C","[[0.9345048069953918, 0.9514862895011902, 0.09764598309993744]]","[[[0.9345048069953918, 0.8868847489356995, 0.008940258994698524], [0.8708974123001099, 0.9514862895011902, 0.009815108962357044], [0.18266569077968597, 0.1902185082435608, 0.09764598309993744]]]","[[0.9390738010406494, 0.9475822448730469]]","[[[0.9390738010406494, 0.8839995265007019], [0.8720983266830444, 0.9475822448730469]]]",/scicore/home/schwede/barta0000/scoring_pipeline/run1/5ijk_acx_cut_B_Y31A/chai_no_constraints/seed_2407/pred.model_idx_1.cif,/scicore/home/schwede/barta0000/scoring_pipeline/run1/5ijk_acx_cut_B_Y31A/chai_with_constraints/seed_3006/pred.model_idx_1.cif,/scicore/home/schwede/barta0000/scoring_pipeline/run1/5ijk_acx_cut_B_Y31A/boltz_free/output/boltz_results_5ijk_acx_cut_B_Y31A/predictions/5ijk_acx_cut_B_Y31A/5ijk_acx_cut_B_Y31A_model_0.cif,/scicore/home/schwede/barta0000/scoring_pipeline/run1/5ijk_acx_cut_B_Y31A/boltz_with_template/output/boltz_results_5ijk_acx_cut_B_Y31A/predictions/5ijk_acx_cut_B_Y31A/5ijk_acx_cut_B_Y31A_model_0.cif
5ijk_acx_cut_B_Y38A,0.0,,3.4551539491298526,91.80864893062076,84.05,13.855,4.2665178571428575,68.72738650327923,0.047625,0.5549999999999999,0.4675,47.115,0.0,0.93,,0.3155,3.2528328575345555,95.51257028112448,,,2.98125,75.43909078077837,0.071623,0.9,0.93,,1.0,,0.24986857637309734,0.8365374298433494,,,80.05418,11.326717,0.7673031,0.8769315481185913,0.8965091109275818,0.8769315481185913,0.9345978498458862,0.8625149726867676,0.0088588674552738,0.8965091109275818,0.9489346146583556,0.8834027647972107,,0.978641152381897,0.9898067116737366,0.9855931401252748,0.9769031405448914,0.9706941843032836,0.2551367580890655,0.2782084941864013,0.9511983394622802,0.979851245880127,0.9906911849975586,0.986766278743744,0.9781225323677064,0.9730619192123412,0.2556997537612915,0.2850200235843658,0.9488005042076111,snir_ab,False,alanine_scan,"A,C","[[0.9347723126411438, 0.9516543745994568, 0.09660448133945465]]","[[[0.9347723126411438, 0.8869415521621704, 0.008730241097509861], [0.8715677261352539, 0.9516543745994568, 0.008987493813037872], [0.1811678409576416, 0.1775335967540741, 0.09660448133945465]]]","[[0.9397854208946228, 0.9480567574501038]]","[[[0.9397854208946228, 0.8834027647972107], [0.8724870085716248, 0.9480567574501038]]]",/scicore/home/schwede/barta0000/scoring_pipeline/run1/5ijk_acx_cut_B_Y38A/chai_no_constraints/seed_1128/pred.model_idx_3.cif,/scicore/home/schwede/barta0000/scoring_pipeline/run1/5ijk_acx_cut_B_Y38A/chai_with_constraints/seed_1319/pred.model_idx_1.cif,/scicore/home/schwede/barta0000/scoring_pipeline/run1/5ijk_acx_cut_B_Y38A/boltz_free/output/boltz_results_5ijk_acx_cut_B_Y38A/predictions/5ijk_acx_cut_B_Y38A/5ijk_acx_cut_B_Y38A_model_0.cif,/scicore/home/schwede/barta0000/scoring_pipeline/run1/5ijk_acx_cut_B_Y38A/boltz_with_template/output/boltz_results_5ijk_acx_cut_B_Y38A/predictions/5ijk_acx_cut_B_Y38A/5ijk_acx_cut_B_Y38A_model_0.cif
5ijk_acx_cut_all_A,0.0,,4.27697295204916,90.39243692968331,55.26,7.055,4.580952380952381,71.83043811229274,0.05825,0.45499999999999996,0.455,7.6899999999999995,0.0,0.9,,0.202,2.806175868131159,96.6449799196787,,,2.0203863636363635,88.77632117952619,0.2906955,0.92,0.94,,1.0,,0.36012607633010996,0.8527880960818393,,,77.665565,12.6226635,0.7347355,0.8852161169052124,0.8966989517211914,0.8852161169052124,0.9400789737701416,0.8715003728866577,0.0207343706861138,0.8966989517211914,0.9487625360488892,0.8836830258369446,,0.9413785934448242,0.986333668231964,0.980986714363098,0.9314765334129332,0.8820992112159729,0.2888233959674835,0.5453720688819885,0.8316439390182495,0.9411673545837402,0.9807392954826356,0.9739915728569032,0.9329613447189332,0.8875592350959778,0.2992370128631592,0.5406189560890198,0.8397501707077026,snir_ab,False,alanine_scan,"A,C","[[0.935025691986084, 0.944311797618866, 0.09577025473117828]]","[[[0.935025691986084, 0.8839023113250732, 0.022128719836473465], [0.8799028396606445, 0.944311797618866, 0.019340021535754204], [0.36156782507896423, 0.32048365473747253, 0.09577025473117828]]]","[[0.9395022988319397, 0.948574423789978]]","[[[0.9395022988319397, 0.8836830258369446], [0.873627781867981, 0.948574423789978]]]",/scicore/home/schwede/barta0000/scoring_pipeline/run1/5ijk_acx_cut_all_A/chai_no_constraints/seed_1649/pred.model_idx_0.cif,/scicore/home/schwede/barta0000/scoring_pipeline/run1/5ijk_acx_cut_all_A/chai_with_constraints/seed_2759/pred.model_idx_4.cif,/scicore/home/schwede/barta0000/scoring_pipeline/run1/5ijk_acx_cut_all_A/boltz_free/output/boltz_results_5ijk_acx_cut_all_A/predictions/5ijk_acx_cut_all_A/5ijk_acx_cut_all_A_model_0.cif,/scicore/home/schwede/barta0000/scoring_pipeline/run1/5ijk_acx_cut_all_A/boltz_with_template/output/boltz_results_5ijk_acx_cut_all_A/predictions/5ijk_acx_cut_all_A/5ijk_acx_cut_all_A_model_0.cif
