sample,binding,interface,af3_global_pae,af3_global_plddt,af3_interface_dG,af3_interface_dG_SASA_ratio,af3_interface_pae,af3_interface_plddt,af3_ipsae,af3_iptm,af3_ptm,af3_pyros_binder_score,af3_rank,af3_rank0_masif,af3_raw_global_pae,af3_raw_global_plddt,af3_raw_interface_dG,af3_raw_interface_dG_SASA_ratio,af3_raw_interface_pae,af3_raw_interface_plddt,af3_raw_ipsae,af3_raw_iptm,af3_raw_ptm,af3_raw_pyros_binder_score,af3_raw_rank,af3_raw_rank0_masif,af3_raw_ranking_score,cf_af3_rmsd,cf_global_pae,cf_global_plddt,cf_interface_dG,cf_interface_dG_SASA_ratio,cf_interface_pae,cf_interface_plddt,cf_ipsae,cf_iptm,cf_ptm,cf_pyros_binder_score,cf_rank,cf_rank0_masif,cf_raw_af3_rmsd,cf_raw_global_pae,cf_raw_global_plddt,cf_raw_interface_dG,cf_raw_interface_dG_SASA_ratio,cf_raw_interface_pae,cf_raw_interface_plddt,cf_raw_ipsae,cf_raw_iptm,cf_raw_ptm,cf_raw_pyros_binder_score,cf_raw_rank,cf_raw_rank0_masif,pred_ilddt,pred_lddt,esmfold_interface_pae,esmfold_interface_plddt,esmfold_mean_plddt,esmfold_pae,esmfold_ptm,af3_notpl_raw_global_pae,af3_notpl_raw_global_plddt,af3_notpl_raw_iptm,af3_notpl_raw_ptm,af3_notpl_raw_rank,af3_notpl_raw_ranking_score,cf_custom_raw_af3_rmsd,cf_custom_raw_global_pae,cf_custom_raw_global_plddt,cf_custom_raw_iptm,cf_custom_raw_ptm,cf_custom_raw_rank,cf_notpl_raw_af3_rmsd,cf_notpl_raw_global_pae,cf_notpl_raw_global_plddt,cf_notpl_raw_iptm,cf_notpl_raw_ptm,cf_notpl_raw_rank
5ig7_abc_cut_WT,False,"A,B",2.5729691321303454,95.59971723762915,99.02,5.91,1.7203125,96.20327491433645,0.895199,0.94,0.93,-113.77,0.0,0.996,2.5729691321303454,95.59971723762915,99.02,5.91,1.7203125,96.20327491433645,0.895199,0.94,0.93,-113.77,0.0,0.996,0.96,0.188,2.5503722982351773,97.7218699186992,323.45,18.98,1.4477941176470588,97.99125027656555,0.859718,0.92,0.94,240.52,1.0,0.9966,0.188,2.5503722982351773,97.7218699186992,323.45,18.98,1.4477941176470588,97.99125027656555,0.859718,0.92,0.94,240.52,1.0,0.9966,0.8896225803751514,0.9405919259872781,3.454892787066373,77.99909973144531,79.10282,12.022171,0.74312484,2.5202392755634873,95.72613920609027,0.94,0.93,0.0,0.96,0.188,2.959042236763831,96.46471544715446,0.92,0.94,1.0,0.188,17.497883369687354,51.0089430894309,0.17,0.43,1.0
5ig7_abc_cut_WT,False,"A,C",2.5729691321303454,95.59971723762915,10.97,1.38,2.321875,94.63025165917604,0.780104,0.91,0.48000000000000004,-10.01,0.0,0.0006,2.5729691321303454,95.59971723762915,10.97,1.38,2.321875,94.63025165917604,0.780104,0.91,0.48000000000000004,-10.01,0.0,0.0006,0.96,0.163,2.5503722982351773,97.7218699186992,14.52,1.92,2.0820000000000003,97.06375217437744,0.75258,0.92,0.94,1.29,1.0,0.0,0.163,2.5503722982351773,97.7218699186992,14.52,1.92,2.0820000000000003,97.06375217437744,0.75258,0.92,0.94,1.29,1.0,,0.8616042105428703,0.8851894861038695,,,79.10282,12.022171,0.74312484,2.5202392755634873,95.72613920609027,0.91,0.48000000000000004,0.0,0.96,0.163,2.959042236763831,96.46471544715446,0.92,0.94,1.0,0.163,17.497883369687354,51.0089430894309,0.17,0.43,1.0
5ig7_abc_cut_WT,False,"B,C",2.5729691321303454,95.59971723762915,5.13,0.67,1.7200000000000002,95.18966978769454,0.790385,0.92,0.48000000000000004,-14.06,0.0,0.0,2.5729691321303454,95.59971723762915,5.13,0.67,1.7200000000000002,95.18966978769454,0.790385,0.92,0.48000000000000004,-14.06,0.0,,0.96,0.17,2.5503722982351773,97.7218699186992,16.55,2.2,1.7458333333333333,97.28944524129231,0.761069,0.92,0.94,-1.71,1.0,0.0,0.17,2.5503722982351773,97.7218699186992,16.55,2.2,1.7458333333333333,97.28944524129231,0.761069,0.92,0.94,-1.71,1.0,,0.8670061913795266,0.894692439721442,,,79.10282,12.022171,0.74312484,2.5202392755634873,95.72613920609027,0.93,0.48000000000000004,0.0,0.96,0.17,2.959042236763831,96.46471544715446,0.92,0.94,1.0,0.17,17.497883369687354,51.0089430894309,0.17,0.43,1.0
5ijk_acx_cut_WT,False,"A,B",3.502304801535459,92.4181496881497,49.57,3.23,3.2064516129032263,93.16338182941736,0.874656,0.93,0.92,-106.97,0.0,0.9974,3.502304801535459,92.4181496881497,49.57,3.23,3.2064516129032263,93.16338182941736,0.874656,0.93,0.92,-106.97,0.0,0.9974,0.93,0.168,3.045090079192271,96.61566265060242,64.96,4.37,2.2348076923076925,96.98185221354167,0.84102,0.91,0.93,33.19,1.0,0.9963,0.168,3.045090079192271,96.61566265060242,64.96,4.37,2.2348076923076925,96.98185221354167,0.84102,0.91,0.93,33.19,1.0,0.9963,0.9284627659025564,0.9334420323544791,3.7616381891842545,77.67080688476562,80.08763,11.448295,0.7654945,3.397953258818406,92.17026507276508,0.93,0.925,0.0,0.93,0.168,2.536984242189642,97.93562248995983,0.93,0.95,1.0,0.168,23.134914920727084,34.79429718875502,0.07,0.26,1.0
5ijk_acx_cut_WT,False,"A,C",3.502304801535459,92.4181496881497,29.32,6.02,8.42,60.30249139932818,0.068171,0.54,0.465,4.01,0.0,0.0,3.502304801535459,92.4181496881497,29.32,6.02,8.42,60.30249139932818,0.068171,0.54,0.465,4.01,0.0,,0.93,0.16,3.045090079192271,96.61566265060242,25.45,5.55,3.7099999999999995,85.42000143868583,0.319343,0.91,0.93,14.82,1.0,0.0,0.16,3.045090079192271,96.61566265060242,25.45,5.55,3.7099999999999995,85.42000143868583,0.319343,0.91,0.93,14.82,1.0,,0.29953189554494086,0.8373240292133917,,,80.08763,11.448295,0.7654945,3.397953258818406,92.17026507276508,0.41,0.465,0.0,0.93,0.16,2.536984242189642,97.93562248995983,0.93,0.95,1.0,0.16,23.134914920727084,34.79429718875502,0.07,0.26,1.0
5ijk_acx_cut_WT,False,"B,C",3.502304801535459,92.4181496881497,19.25,2.84,1.780769230769231,76.51521379466803,0.099239,0.6,0.47500000000000003,1.63,0.0,0.0,3.502304801535459,92.4181496881497,19.25,2.84,1.780769230769231,76.51521379466803,0.099239,0.6,0.47500000000000003,1.63,0.0,,0.93,0.198,3.045090079192271,96.61566265060242,26.75,4.07,1.7479999999999998,89.4791653951009,0.334329,0.91,0.93,10.65,1.0,0.0,0.198,3.045090079192271,96.61566265060242,26.75,4.07,1.7479999999999998,89.4791653951009,0.334329,0.91,0.93,10.65,1.0,,0.555040603234272,0.8524816461299812,,,80.08763,11.448295,0.7654945,3.397953258818406,92.17026507276508,0.42,0.47000000000000003,0.0,0.93,0.198,2.536984242189642,97.93562248995983,0.93,0.95,1.0,0.198,23.134914920727084,34.79429718875502,0.07,0.26,1.0
5ifj_abc_cut_WT,False,"A,B",2.4979079912750346,95.61237629146277,78.6,4.6,1.7258064516129037,96.15015490290337,0.897753,0.94,0.93,-119.56,0.0,0.9956,2.4979079912750346,95.61237629146277,78.6,4.6,1.7258064516129037,96.15015490290337,0.897753,0.94,0.93,-119.56,0.0,0.9956,0.96,0.194,2.6856418137352107,97.29191056910568,426.77,24.67,1.6548529411764703,97.34281253814697,0.849315,0.92,0.94,290.12,1.0,0.9947,0.194,2.6856418137352107,97.29191056910568,426.77,24.67,1.6548529411764703,97.34281253814697,0.849315,0.92,0.94,290.12,1.0,0.9947,0.8896225803751514,0.9377551372264794,3.456295688947042,78.05522155761719,79.12507,12.000676,0.7441933,2.7382460836803486,95.15019032082654,0.94,0.925,0.0,0.96,0.194,2.984787494216405,96.18678861788618,0.92,0.94,1.0,0.194,16.564017284685043,55.790325203252024,0.17,0.45,1.0
5ifj_abc_cut_WT,False,"A,C",2.4979079912750346,95.61237629146277,26.14,3.18,2.41875,94.29879078267234,0.788984,0.91,0.48000000000000004,-4.08,0.0,0.0,2.4979079912750346,95.61237629146277,26.14,3.18,2.41875,94.29879078267234,0.788984,0.91,0.48000000000000004,-4.08,0.0,,0.96,0.174,2.6856418137352107,97.29191056910568,95.28,12.14,2.433666666666667,95.4375,0.699787,0.92,0.94,39.8,1.0,0.0,0.174,2.6856418137352107,97.29191056910568,95.28,12.14,2.433666666666667,95.4375,0.699787,0.92,0.94,39.8,1.0,,0.8397831486607474,0.8615939225210747,,,79.12507,12.000676,0.7441933,2.7382460836803486,95.15019032082654,0.9,0.47500000000000003,0.0,0.96,0.174,2.984787494216405,96.18678861788618,0.92,0.94,1.0,0.174,16.564017284685043,55.790325203252024,0.17,0.45,1.0
5ifj_abc_cut_WT,False,"B,C",2.4979079912750346,95.61237629146277,8.93,1.17,1.7100000000000002,95.51963581033925,0.792271,0.93,0.48000000000000004,-14.5,0.0,0.0,2.4979079912750346,95.61237629146277,8.93,1.17,1.7100000000000002,95.51963581033925,0.792271,0.93,0.48000000000000004,-14.5,0.0,,0.96,0.176,2.6856418137352107,97.29191056910568,19.05,2.54,1.9063888888888887,96.63888804117839,0.726077,0.92,0.94,-1.85,1.0,0.0,0.176,2.6856418137352107,97.29191056910568,19.05,2.54,1.9063888888888887,96.63888804117839,0.726077,0.92,0.94,-1.85,1.0,,0.8529782805597377,0.8340444005953271,,,79.12507,12.000676,0.7441933,2.7382460836803486,95.15019032082654,0.91,0.48000000000000004,0.0,0.96,0.176,2.984787494216405,96.18678861788618,0.92,0.94,1.0,0.176,16.564017284685043,55.790325203252024,0.17,0.45,1.0
