sample,binding,interface,af3_global_pae,af3_global_plddt,af3_interface_dG,af3_interface_dG_SASA_ratio,af3_interface_pae,af3_interface_plddt,af3_ipsae,af3_iptm,af3_ptm,af3_pyros_binder_score,af3_rank,af3_ranking_score,af3_rank0_masif,af3_raw_global_pae,af3_raw_global_plddt,af3_raw_interface_dG,af3_raw_interface_dG_SASA_ratio,af3_raw_interface_pae,af3_raw_interface_plddt,af3_raw_ipsae,af3_raw_iptm,af3_raw_ptm,af3_raw_pyros_binder_score,af3_raw_rank,af3_raw_rank0_masif,af3_raw_ranking_score,cf_af3_rmsd,cf_global_pae,cf_global_plddt,cf_interface_dG,cf_interface_dG_SASA_ratio,cf_interface_pae,cf_interface_plddt,cf_ipsae,cf_iptm,cf_ptm,cf_pyros_binder_score,cf_rank,cf_rank0_masif,cf_raw_af3_rmsd,cf_raw_global_pae,cf_raw_global_plddt,cf_raw_interface_dG,cf_raw_interface_dG_SASA_ratio,cf_raw_interface_pae,cf_raw_interface_plddt,cf_raw_ipsae,cf_raw_iptm,cf_raw_ptm,cf_raw_pyros_binder_score,cf_raw_rank,cf_raw_rank0_masif,pred_ilddt,pred_lddt,esmfold_interface_pae,esmfold_interface_plddt,esmfold_mean_plddt,esmfold_pae,esmfold_ptm,chai_unconstrained_score,chai_unconstrained_model_path,chai_constrained_score,chai_constrained_model_path,chai_unconstrained_aggregate_score,chai_unconstrained_ptm,chai_unconstrained_iptm,chai_unconstrained_per_chain_ptm,chai_unconstrained_per_chain_pair_iptm,chai_unconstrained_interface_iptm,chai_constrained_aggregate_score,chai_constrained_ptm,chai_constrained_iptm,chai_constrained_per_chain_ptm,chai_constrained_per_chain_pair_iptm,chai_constrained_interface_iptm,boltz_free_confidence_score,boltz_free_ptm,boltz_free_iptm,boltz_free_complex_plddt,boltz_free_complex_iplddt,boltz_free_complex_pde,boltz_free_complex_ipde,boltz_free_interface_iptm,boltz_free_model_path,boltz_template_confidence_score,boltz_template_ptm,boltz_template_iptm,boltz_template_complex_plddt,boltz_template_complex_iplddt,boltz_template_complex_pde,boltz_template_complex_ipde,boltz_template_interface_iptm,boltz_template_model_path,af3_notpl_raw_global_pae,af3_notpl_raw_global_plddt,af3_notpl_raw_interface_dG,af3_notpl_raw_interface_dG_SASA_ratio,af3_notpl_raw_interface_pae,af3_notpl_raw_interface_plddt,af3_notpl_raw_ipsae,af3_notpl_raw_iptm,af3_notpl_raw_ptm,af3_notpl_raw_pyros_binder_score,af3_notpl_raw_rank,af3_notpl_raw_rank0_masif,af3_notpl_raw_ranking_score,cf_custom_raw_af3_rmsd,cf_custom_raw_global_pae,cf_custom_raw_global_plddt,cf_custom_raw_interface_pae,cf_custom_raw_interface_plddt,cf_custom_raw_ipsae,cf_custom_raw_iptm,cf_custom_raw_ptm,cf_custom_raw_rank,cf_custom_raw_rank0_masif,cf_notpl_raw_af3_rmsd,cf_notpl_raw_global_pae,cf_notpl_raw_global_plddt,cf_notpl_raw_interface_pae,cf_notpl_raw_interface_plddt,cf_notpl_raw_ipsae,cf_notpl_raw_iptm,cf_notpl_raw_ptm,cf_notpl_raw_rank,cf_notpl_raw_rank0_masif
5ig7_abc_cut_WT,False,"A,B",2.5729691321303454,95.59971723762915,99.02,5.91,1.7203125,96.20327491433645,0.895199,0.94,0.93,-113.77,0.0,0.96,0.996,2.5729691321303454,95.59971723762915,99.02,5.91,1.7203125,96.20327491433645,0.895199,0.94,0.93,-113.77,0.0,0.996,0.96,0.188,2.5503722982351773,97.7218699186992,323.45,18.98,1.4477941176470588,97.99125027656555,0.859718,0.92,0.94,240.52,1.0,0.9966,0.188,2.5503722982351773,97.7218699186992,323.45,18.98,1.4477941176470588,97.99125027656555,0.859718,0.92,0.94,240.52,1.0,0.9966,0.8896225803751514,0.9405919259872781,3.454892787066373,77.99909973144531,79.10282,12.022171,0.74312484,0.9107500910758972,/scicore/home/schwede/barta0000/scoring_pipeline_test/pipeline_output/5ig7_abc_cut_WT/chai_no_constraints/seed_1246/pred.model_idx_3.cif,0.8787054419517517,/scicore/home/schwede/barta0000/scoring_pipeline_test/pipeline_output/5ig7_abc_cut_WT/chai_with_constraints/seed_1032/pred.model_idx_0.cif,0.9107500910758972,0.9539985656738281,0.8999379277229309,"[[0.9452279210090637, 0.9488519430160522, 0.17665137350559235]]","[[[0.9452279210090637, 0.8898398280143738, 0.07298029214143753], [0.8911980986595154, 0.9488519430160522, 0.12362145632505417], [0.7287672162055969, 0.7524622082710266, 0.17665137350559235]]]",0.8898398280143738,0.8787054419517517,0.94160395860672,0.8629807829856873,"[[0.9342000484466553, 0.9407422542572021]]","[[[0.9342000484466553, 0.8629807829856873], [0.8604590892791748, 0.9407422542572021]]]",0.8629807829856873,0.986547589302063,0.9897804856300354,0.9861577749252319,0.986644983291626,0.9858570098876953,0.25536781549453735,0.2775285243988037,0.9846339821815491,/scicore/home/schwede/barta0000/scoring_pipeline_test/pipeline_output/5ig7_abc_cut_WT/boltz_free/output/boltz_results_5ig7_abc_cut_WT/predictions/5ig7_abc_cut_WT/5ig7_abc_cut_WT_model_0.cif,,,,,,,,,,2.5202392755634873,95.72613920609027,99.02,5.91,1.740909090909091,96.1604062438849,0.897509,0.94,0.93,-113.77,0.0,0.9977,0.96,0.188,2.959042236763831,96.46471544715446,1.8400000000000003,95.61342078761051,0.850554,0.92,0.94,1.0,0.9949,0.188,17.497883369687354,51.0089430894309,13.976724137931033,40.96843737363815,0.006333,0.17,0.43,1.0,
5ig7_abc_cut_WT,False,"A,C",2.5729691321303454,95.59971723762915,10.97,1.38,2.321875,94.63025165917604,0.780104,0.91,0.48000000000000004,-10.01,0.0,0.96,0.0006,2.5729691321303454,95.59971723762915,10.97,1.38,2.321875,94.63025165917604,0.780104,0.91,0.48000000000000004,-10.01,0.0,0.0006,0.96,0.163,2.5503722982351773,97.7218699186992,14.52,1.92,2.0820000000000003,97.06375217437744,0.75258,0.92,0.94,1.29,1.0,0.0,0.163,2.5503722982351773,97.7218699186992,14.52,1.92,2.0820000000000003,97.06375217437744,0.75258,0.92,0.94,1.29,1.0,,0.8616042105428703,0.8851894861038695,,,79.10282,12.022171,0.74312484,0.9107500910758972,/scicore/home/schwede/barta0000/scoring_pipeline_test/pipeline_output/5ig7_abc_cut_WT/chai_no_constraints/seed_1246/pred.model_idx_3.cif,0.8787054419517517,/scicore/home/schwede/barta0000/scoring_pipeline_test/pipeline_output/5ig7_abc_cut_WT/chai_with_constraints/seed_1032/pred.model_idx_0.cif,0.9107500910758972,0.9539985656738281,0.8999379277229309,"[[0.9452279210090637, 0.9488519430160522, 0.17665137350559235]]","[[[0.9452279210090637, 0.8898398280143738, 0.07298029214143753], [0.8911980986595154, 0.9488519430160522, 0.12362145632505417], [0.7287672162055969, 0.7524622082710266, 0.17665137350559235]]]",0.07298029214143753,0.8787054419517517,0.94160395860672,0.8629807829856873,"[[0.9342000484466553, 0.9407422542572021]]","[[[0.9342000484466553, 0.8629807829856873], [0.8604590892791748, 0.9407422542572021]]]",,0.986547589302063,0.9897804856300354,0.9861577749252319,0.986644983291626,0.9858570098876953,0.25536781549453735,0.2775285243988037,0.9467963576316833,/scicore/home/schwede/barta0000/scoring_pipeline_test/pipeline_output/5ig7_abc_cut_WT/boltz_free/output/boltz_results_5ig7_abc_cut_WT/predictions/5ig7_abc_cut_WT/5ig7_abc_cut_WT_model_0.cif,,,,,,,,,,2.5202392755634873,95.72613920609027,10.97,1.38,2.30625,94.67872507974295,0.78492,0.91,0.48000000000000004,-10.01,0.0,,0.96,0.163,2.959042236763831,96.46471544715446,2.5375,95.47200063069661,0.682263,0.92,0.94,1.0,,0.163,17.497883369687354,51.0089430894309,,,0.0,0.17,0.43,1.0,
5ig7_abc_cut_WT,False,"B,C",2.5729691321303454,95.59971723762915,5.13,0.67,1.7200000000000002,95.18966978769454,0.790385,0.92,0.48000000000000004,-14.06,0.0,0.96,0.0,2.5729691321303454,95.59971723762915,5.13,0.67,1.7200000000000002,95.18966978769454,0.790385,0.92,0.48000000000000004,-14.06,0.0,,0.96,0.17,2.5503722982351773,97.7218699186992,16.55,2.2,1.7458333333333333,97.28944524129231,0.761069,0.92,0.94,-1.71,1.0,0.0,0.17,2.5503722982351773,97.7218699186992,16.55,2.2,1.7458333333333333,97.28944524129231,0.761069,0.92,0.94,-1.71,1.0,,0.8670061913795266,0.894692439721442,,,79.10282,12.022171,0.74312484,0.9107500910758972,/scicore/home/schwede/barta0000/scoring_pipeline_test/pipeline_output/5ig7_abc_cut_WT/chai_no_constraints/seed_1246/pred.model_idx_3.cif,0.8787054419517517,/scicore/home/schwede/barta0000/scoring_pipeline_test/pipeline_output/5ig7_abc_cut_WT/chai_with_constraints/seed_1032/pred.model_idx_0.cif,0.9107500910758972,0.9539985656738281,0.8999379277229309,"[[0.9452279210090637, 0.9488519430160522, 0.17665137350559235]]","[[[0.9452279210090637, 0.8898398280143738, 0.07298029214143753], [0.8911980986595154, 0.9488519430160522, 0.12362145632505417], [0.7287672162055969, 0.7524622082710266, 0.17665137350559235]]]",0.12362145632505417,0.8787054419517517,0.94160395860672,0.8629807829856873,"[[0.9342000484466553, 0.9407422542572021]]","[[[0.9342000484466553, 0.8629807829856873], [0.8604590892791748, 0.9407422542572021]]]",,0.986547589302063,0.9897804856300354,0.9861577749252319,0.986644983291626,0.9858570098876953,0.25536781549453735,0.2775285243988037,0.9497600793838501,/scicore/home/schwede/barta0000/scoring_pipeline_test/pipeline_output/5ig7_abc_cut_WT/boltz_free/output/boltz_results_5ig7_abc_cut_WT/predictions/5ig7_abc_cut_WT/5ig7_abc_cut_WT_model_0.cif,,,,,,,,,,2.5202392755634873,95.72613920609027,5.13,0.67,1.7125,95.28628218888313,0.797949,0.93,0.48000000000000004,-14.06,0.0,,0.96,0.17,2.959042236763831,96.46471544715446,1.823888888888889,94.58499956130981,0.663828,0.92,0.94,1.0,,0.17,17.497883369687354,51.0089430894309,,,0.0,0.17,0.43,1.0,
5ijk_acx_cut_WT,False,"A,B",3.502304801535459,92.4181496881497,49.57,3.23,3.2064516129032263,93.16338182941736,0.874656,0.93,0.92,-106.97,0.0,0.93,0.9974,3.502304801535459,92.4181496881497,49.57,3.23,3.2064516129032263,93.16338182941736,0.874656,0.93,0.92,-106.97,0.0,0.9974,0.93,0.168,3.045090079192271,96.61566265060242,64.96,4.37,2.2348076923076925,96.98185221354167,0.84102,0.91,0.93,33.19,1.0,0.9963,0.168,3.045090079192271,96.61566265060242,64.96,4.37,2.2348076923076925,96.98185221354167,0.84102,0.91,0.93,33.19,1.0,0.9963,0.9284627659025564,0.9334420323544791,3.7616381891842545,77.67080688476562,80.08763,11.448295,0.7654945,0.890263557434082,/scicore/home/schwede/barta0000/scoring_pipeline_test/pipeline_output/5ijk_acx_cut_WT/chai_no_constraints/seed_1003/pred.model_idx_0.cif,0.8971881866455078,/scicore/home/schwede/barta0000/scoring_pipeline_test/pipeline_output/5ijk_acx_cut_WT/chai_with_constraints/seed_1128/pred.model_idx_3.cif,0.890263557434082,0.94398033618927,0.8768343925476074,"[[0.9386805295944214, 0.9511910676956177, 0.0986698642373085]]","[[[0.9386805295944214, 0.8869276642799377, 0.0200478695333004], [0.8758342266082764, 0.9511910676956177, 0.031423941254615784], [0.3955281972885132, 0.42370641231536865, 0.0986698642373085]]]",0.8869276642799377,0.8971881866455078,0.9488508701324463,0.8842725157737732,"[[0.939047634601593, 0.9487031698226929]]","[[[0.939047634601593, 0.8842725157737732], [0.8732261657714844, 0.9487031698226929]]]",0.8842725157737732,0.9788174033164978,0.9886747598648071,0.984039306640625,0.9775118827819824,0.9744734764099121,0.2585887610912323,0.29995694756507874,0.9841006994247437,/scicore/home/schwede/barta0000/scoring_pipeline_test/pipeline_output/5ijk_acx_cut_WT/boltz_free/output/boltz_results_5ijk_acx_cut_WT/predictions/5ijk_acx_cut_WT/5ijk_acx_cut_WT_model_0.cif,,,,,,,,,,3.397953258818406,92.17026507276508,49.57,3.23,2.659090909090909,92.59182720154303,0.875482,0.93,0.925,-106.97,0.0,0.9967,0.93,0.168,2.536984242189642,97.93562248995983,1.42125,98.51827766155374,0.876491,0.93,0.95,1.0,0.9977,0.168,23.134914920727084,34.79429718875502,19.644062499999997,31.418787696144797,0.0,0.07,0.26,1.0,
5ijk_acx_cut_WT,False,"A,C",3.502304801535459,92.4181496881497,29.32,6.02,8.42,60.30249139932818,0.068171,0.54,0.465,4.01,0.0,0.93,0.0,3.502304801535459,92.4181496881497,29.32,6.02,8.42,60.30249139932818,0.068171,0.54,0.465,4.01,0.0,,0.93,0.16,3.045090079192271,96.61566265060242,25.45,5.55,3.7099999999999995,85.42000143868583,0.319343,0.91,0.93,14.82,1.0,0.0,0.16,3.045090079192271,96.61566265060242,25.45,5.55,3.7099999999999995,85.42000143868583,0.319343,0.91,0.93,14.82,1.0,,0.29953189554494086,0.8373240292133917,,,80.08763,11.448295,0.7654945,0.890263557434082,/scicore/home/schwede/barta0000/scoring_pipeline_test/pipeline_output/5ijk_acx_cut_WT/chai_no_constraints/seed_1003/pred.model_idx_0.cif,0.8971881866455078,/scicore/home/schwede/barta0000/scoring_pipeline_test/pipeline_output/5ijk_acx_cut_WT/chai_with_constraints/seed_1128/pred.model_idx_3.cif,0.890263557434082,0.94398033618927,0.8768343925476074,"[[0.9386805295944214, 0.9511910676956177, 0.0986698642373085]]","[[[0.9386805295944214, 0.8869276642799377, 0.0200478695333004], [0.8758342266082764, 0.9511910676956177, 0.031423941254615784], [0.3955281972885132, 0.42370641231536865, 0.0986698642373085]]]",0.0200478695333004,0.8971881866455078,0.9488508701324463,0.8842725157737732,"[[0.939047634601593, 0.9487031698226929]]","[[[0.939047634601593, 0.8842725157737732], [0.8732261657714844, 0.9487031698226929]]]",,0.9788174033164978,0.9886747598648071,0.984039306640625,0.9775118827819824,0.9744734764099121,0.2585887610912323,0.29995694756507874,0.9262052774429321,/scicore/home/schwede/barta0000/scoring_pipeline_test/pipeline_output/5ijk_acx_cut_WT/boltz_free/output/boltz_results_5ijk_acx_cut_WT/predictions/5ijk_acx_cut_WT/5ijk_acx_cut_WT_model_0.cif,,,,,,,,,,3.397953258818406,92.17026507276508,28.4,5.83,4.324999999999999,64.87859537715003,0.025884,0.41,0.465,4.01,0.0,,0.93,0.16,2.536984242189642,97.93562248995983,1.829,97.75000076293945,0.805739,0.93,0.95,1.0,,0.16,23.134914920727084,34.79429718875502,,,0.0,0.07,0.26,1.0,0.0136
5ijk_acx_cut_WT,False,"B,C",3.502304801535459,92.4181496881497,19.25,2.84,1.780769230769231,76.51521379466803,0.099239,0.6,0.47500000000000003,1.63,0.0,0.93,0.0,3.502304801535459,92.4181496881497,19.25,2.84,1.780769230769231,76.51521379466803,0.099239,0.6,0.47500000000000003,1.63,0.0,,0.93,0.198,3.045090079192271,96.61566265060242,26.75,4.07,1.7479999999999998,89.4791653951009,0.334329,0.91,0.93,10.65,1.0,0.0,0.198,3.045090079192271,96.61566265060242,26.75,4.07,1.7479999999999998,89.4791653951009,0.334329,0.91,0.93,10.65,1.0,,0.555040603234272,0.8524816461299812,,,80.08763,11.448295,0.7654945,0.890263557434082,/scicore/home/schwede/barta0000/scoring_pipeline_test/pipeline_output/5ijk_acx_cut_WT/chai_no_constraints/seed_1003/pred.model_idx_0.cif,0.8971881866455078,/scicore/home/schwede/barta0000/scoring_pipeline_test/pipeline_output/5ijk_acx_cut_WT/chai_with_constraints/seed_1128/pred.model_idx_3.cif,0.890263557434082,0.94398033618927,0.8768343925476074,"[[0.9386805295944214, 0.9511910676956177, 0.0986698642373085]]","[[[0.9386805295944214, 0.8869276642799377, 0.0200478695333004], [0.8758342266082764, 0.9511910676956177, 0.031423941254615784], [0.3955281972885132, 0.42370641231536865, 0.0986698642373085]]]",0.031423941254615784,0.8971881866455078,0.9488508701324463,0.8842725157737732,"[[0.939047634601593, 0.9487031698226929]]","[[[0.939047634601593, 0.8842725157737732], [0.8732261657714844, 0.9487031698226929]]]",,0.9788174033164978,0.9886747598648071,0.984039306640625,0.9775118827819824,0.9744734764099121,0.2585887610912323,0.29995694756507874,0.9264848232269287,/scicore/home/schwede/barta0000/scoring_pipeline_test/pipeline_output/5ijk_acx_cut_WT/boltz_free/output/boltz_results_5ijk_acx_cut_WT/predictions/5ijk_acx_cut_WT/5ijk_acx_cut_WT_model_0.cif,,,,,,,,,,3.397953258818406,92.17026507276508,19.25,2.84,1.4124999999999999,69.7602398815265,0.027951,0.42,0.47000000000000003,1.63,0.0,,0.93,0.198,2.536984242189642,97.93562248995983,1.6300000000000001,95.9914300101144,0.811051,0.93,0.95,1.0,,0.198,23.134914920727084,34.79429718875502,,,0.0,0.07,0.26,1.0,
5ifj_abc_cut_WT,False,"A,B",2.4979079912750346,95.61237629146277,78.6,4.6,1.7258064516129037,96.15015490290337,0.897753,0.94,0.93,-119.56,0.0,0.96,0.9956,2.4979079912750346,95.61237629146277,78.6,4.6,1.7258064516129037,96.15015490290337,0.897753,0.94,0.93,-119.56,0.0,0.9956,0.96,0.194,2.6856418137352107,97.29191056910568,426.77,24.67,1.6548529411764703,97.34281253814697,0.849315,0.92,0.94,290.12,1.0,0.9947,0.194,2.6856418137352107,97.29191056910568,426.77,24.67,1.6548529411764703,97.34281253814697,0.849315,0.92,0.94,290.12,1.0,0.9947,0.8896225803751514,0.9377551372264794,3.456295688947042,78.05522155761719,79.12507,12.000676,0.7441933,0.9126088619232178,/scicore/home/schwede/barta0000/scoring_pipeline_test/pipeline_output/5ifj_abc_cut_WT/chai_no_constraints/seed_1331/pred.model_idx_2.cif,0.8809639811515808,/scicore/home/schwede/barta0000/scoring_pipeline_test/pipeline_output/5ifj_abc_cut_WT/chai_with_constraints/seed_1080/pred.model_idx_2.cif,0.9126088619232178,0.9552275538444519,0.901954174041748,"[[0.9480168223381042, 0.9504314661026001, 0.17917828261852264]]","[[[0.9480168223381042, 0.8925080299377441, 0.07940744608640671], [0.89304518699646, 0.9504314661026001, 0.13366606831550598], [0.7625077366828918, 0.7782171964645386, 0.17917828261852264]]]",0.8925080299377441,0.8809639811515808,0.9433460831642151,0.8653684854507446,"[[0.9349063634872437, 0.9414905309677124]]","[[[0.9349063634872437, 0.8653684854507446], [0.8644987940788269, 0.9414905309677124]]]",0.8653684854507446,0.9838356375694275,0.9892503619194031,0.9848392009735107,0.9835847020149231,0.9823331832885742,0.25716012716293335,0.2899148762226105,0.9837243556976318,/scicore/home/schwede/barta0000/scoring_pipeline_test/pipeline_output/5ifj_abc_cut_WT/boltz_free/output/boltz_results_5ifj_abc_cut_WT/predictions/5ifj_abc_cut_WT/5ifj_abc_cut_WT_model_0.cif,,,,,,,,,,2.7382460836803486,95.15019032082654,78.6,4.6,2.0300000000000002,95.35186149139368,0.888474,0.94,0.925,-119.56,0.0,0.9979,0.96,0.194,2.984787494216405,96.18678861788618,2.47925,94.55108147698479,0.845335,0.92,0.94,1.0,0.9949,0.194,16.564017284685043,55.790325203252024,12.891875,47.43758642262426,0.006607,0.17,0.45,1.0,
5ifj_abc_cut_WT,False,"A,C",2.4979079912750346,95.61237629146277,26.14,3.18,2.41875,94.29879078267234,0.788984,0.91,0.48000000000000004,-4.08,0.0,0.96,0.0,2.4979079912750346,95.61237629146277,26.14,3.18,2.41875,94.29879078267234,0.788984,0.91,0.48000000000000004,-4.08,0.0,,0.96,0.174,2.6856418137352107,97.29191056910568,95.28,12.14,2.433666666666667,95.4375,0.699787,0.92,0.94,39.8,1.0,0.0,0.174,2.6856418137352107,97.29191056910568,95.28,12.14,2.433666666666667,95.4375,0.699787,0.92,0.94,39.8,1.0,,0.8397831486607474,0.8615939225210747,,,79.12507,12.000676,0.7441933,0.9126088619232178,/scicore/home/schwede/barta0000/scoring_pipeline_test/pipeline_output/5ifj_abc_cut_WT/chai_no_constraints/seed_1331/pred.model_idx_2.cif,0.8809639811515808,/scicore/home/schwede/barta0000/scoring_pipeline_test/pipeline_output/5ifj_abc_cut_WT/chai_with_constraints/seed_1080/pred.model_idx_2.cif,0.9126088619232178,0.9552275538444519,0.901954174041748,"[[0.9480168223381042, 0.9504314661026001, 0.17917828261852264]]","[[[0.9480168223381042, 0.8925080299377441, 0.07940744608640671], [0.89304518699646, 0.9504314661026001, 0.13366606831550598], [0.7625077366828918, 0.7782171964645386, 0.17917828261852264]]]",0.07940744608640671,0.8809639811515808,0.9433460831642151,0.8653684854507446,"[[0.9349063634872437, 0.9414905309677124]]","[[[0.9349063634872437, 0.8653684854507446], [0.8644987940788269, 0.9414905309677124]]]",,0.9838356375694275,0.9892503619194031,0.9848392009735107,0.9835847020149231,0.9823331832885742,0.25716012716293335,0.2899148762226105,0.9320589303970337,/scicore/home/schwede/barta0000/scoring_pipeline_test/pipeline_output/5ifj_abc_cut_WT/boltz_free/output/boltz_results_5ifj_abc_cut_WT/predictions/5ifj_abc_cut_WT/5ifj_abc_cut_WT_model_0.cif,,,,,,,,,,2.7382460836803486,95.15019032082654,26.14,3.18,2.8178571428571426,92.29330946473218,0.75881,0.9,0.47500000000000003,-4.08,0.0,0.0094,0.96,0.174,2.984787494216405,96.18678861788618,2.4552941176470586,95.27353039909812,0.695481,0.92,0.94,1.0,,0.174,16.564017284685043,55.790325203252024,26.419999999999998,31.369999408721924,0.0,0.17,0.45,1.0,0.8652
5ifj_abc_cut_WT,False,"B,C",2.4979079912750346,95.61237629146277,8.93,1.17,1.7100000000000002,95.51963581033925,0.792271,0.93,0.48000000000000004,-14.5,0.0,0.96,0.0,2.4979079912750346,95.61237629146277,8.93,1.17,1.7100000000000002,95.51963581033925,0.792271,0.93,0.48000000000000004,-14.5,0.0,,0.96,0.176,2.6856418137352107,97.29191056910568,19.05,2.54,1.9063888888888887,96.63888804117839,0.726077,0.92,0.94,-1.85,1.0,0.0,0.176,2.6856418137352107,97.29191056910568,19.05,2.54,1.9063888888888887,96.63888804117839,0.726077,0.92,0.94,-1.85,1.0,,0.8529782805597377,0.8340444005953271,,,79.12507,12.000676,0.7441933,0.9126088619232178,/scicore/home/schwede/barta0000/scoring_pipeline_test/pipeline_output/5ifj_abc_cut_WT/chai_no_constraints/seed_1331/pred.model_idx_2.cif,0.8809639811515808,/scicore/home/schwede/barta0000/scoring_pipeline_test/pipeline_output/5ifj_abc_cut_WT/chai_with_constraints/seed_1080/pred.model_idx_2.cif,0.9126088619232178,0.9552275538444519,0.901954174041748,"[[0.9480168223381042, 0.9504314661026001, 0.17917828261852264]]","[[[0.9480168223381042, 0.8925080299377441, 0.07940744608640671], [0.89304518699646, 0.9504314661026001, 0.13366606831550598], [0.7625077366828918, 0.7782171964645386, 0.17917828261852264]]]",0.13366606831550598,0.8809639811515808,0.9433460831642151,0.8653684854507446,"[[0.9349063634872437, 0.9414905309677124]]","[[[0.9349063634872437, 0.8653684854507446], [0.8644987940788269, 0.9414905309677124]]]",,0.9838356375694275,0.9892503619194031,0.9848392009735107,0.9835847020149231,0.9823331832885742,0.25716012716293335,0.2899148762226105,0.9421436786651611,/scicore/home/schwede/barta0000/scoring_pipeline_test/pipeline_output/5ifj_abc_cut_WT/boltz_free/output/boltz_results_5ifj_abc_cut_WT/predictions/5ifj_abc_cut_WT/5ifj_abc_cut_WT_model_0.cif,,,,,,,,,,2.7382460836803486,95.15019032082654,8.93,1.17,1.7449999999999999,94.28874642476501,0.775743,0.91,0.48000000000000004,-14.5,0.0,,0.96,0.176,2.984787494216405,96.18678861788618,1.9413888888888893,95.8474988937378,0.678117,0.92,0.94,1.0,,0.176,16.564017284685043,55.790325203252024,,,0.0,0.17,0.45,1.0,
