metric,raw_roc,aligned_roc,pr_auc,f1,precision,recall,opt_threshold,direction
af3_iplddt,0.9043,0.9043,0.8749,0.8,0.7,0.9333,66.97133542387002,1
cf_iplddt,0.8841,0.8841,0.8594,0.7895,0.6522,1.0,84.73391358748727,1
af3_ipsae,0.8232,0.8232,0.8146,0.8,0.8,0.8,0.187621,1
af3_pae,0.1652,0.8348,0.8049,0.7742,0.75,0.8,11.615447062918443,-1
af3_iptm,0.8087,0.8087,0.8003,0.8,0.8,0.8,0.54,1
cf_ipae,0.2754,0.7246,0.7821,0.72,0.9,0.6,4.37531914893617,-1
af3_interface_dG_SASA_ratio,0.1739,0.8261,0.7539,0.7368,0.6087,0.9333,13.36,-1
chai_constrained_per_chain_iptm,0.7652,0.7652,0.7447,0.6875,0.6471,0.7333,0.5243181586265564,1
boltz_template_per_chain_pair_iptm,0.742,0.742,0.7214,0.6154,0.5455,0.8,0.8042224645614624,1
boltz_template_iptm,0.7391,0.7391,0.7198,0.6154,0.5217,0.8,0.8042224645614624,1
chai_unconstrained_score,0.7594,0.7594,0.7168,0.7097,0.6875,0.7333,0.3597488105297088,1
chai_unconstrained_aggregate_score,0.7594,0.7594,0.7168,0.7097,0.6875,0.7333,0.3597488105297088,1
chai_constrained_score,0.7623,0.7623,0.7165,0.6875,0.6471,0.7333,0.5888773202896118,1
chai_constrained_aggregate_score,0.7623,0.7623,0.7165,0.6875,0.6471,0.7333,0.5888773202896118,1
chai_unconstrained_per_chain_iptm,0.7623,0.7623,0.7108,0.6667,0.6,0.8,0.21834925562143326,1
chai_unconstrained_ptm,0.7681,0.7681,0.7104,0.6923,0.8182,0.6,0.7335255146026611,1
chai_constrained_iptm,0.7565,0.7565,0.7076,0.6875,0.6471,0.7333,0.5286535620689392,1
chai_unconstrained_iptm,0.7507,0.7507,0.7062,0.7097,0.6875,0.7333,0.2689006924629211,1
af3_interface_dG,0.2116,0.7884,0.6991,0.7647,0.6842,0.8667,205.51,-1
cf_plddt,0.8029,0.8029,0.6976,0.7895,0.6522,1.0,92.7061568627451,1
boltz_free_per_chain_pair_iptm,0.7565,0.7565,0.6882,0.7059,0.6316,0.8,0.7175999879837036,1
af3_ipae,0.2986,0.7014,0.6787,0.6667,0.5185,0.9333,12.38625,-1
boltz_free_iptm,0.7449,0.7449,0.6782,0.6857,0.6,0.8,0.7175999879837036,1
pred_ilddt,0.7333,0.7333,0.6769,0.7059,0.6316,0.8,0.1903862350991788,1
boltz_template_iplddt,0.7014,0.7014,0.6737,0.6207,0.4545,1.0,0.7701038718223572,1
chai_constrained_ptm,0.7478,0.7478,0.6568,0.7097,0.6875,0.7333,0.8246555924415588,1
chai_unconstrained_interface_iptm,0.7449,0.7449,0.6506,0.7097,0.6875,0.7333,0.2689006924629211,1
boltz_free_iplddt,0.6928,0.6928,0.646,0.6667,0.5417,0.8667,0.7150148749351501,1
cf_af3_rmsd,0.3043,0.6957,0.6258,0.7222,0.619,0.8667,0.334,-1
af3_plddt,0.6638,0.6638,0.6257,0.6667,0.5,1.0,79.12451768033948,1
boltz_free_ptm,0.6957,0.6957,0.6252,0.6452,0.625,0.6667,0.8895425200462341,1
esmfold_iplddt,0.697,0.697,0.6238,0.6,0.5,0.9091,50.079833984375,1
boltz_free_ipde,0.3333,0.6667,0.6221,0.6061,0.5238,0.7333,3.920082092285156,-1
cf_ipsae,0.7594,0.7594,0.6088,0.6897,0.5909,0.8667,0.529186,1
boltz_template_plddt,0.658,0.658,0.6049,0.6667,0.5,1.0,0.8466933369636536,1
boltz_template_confidence_score,0.6696,0.6696,0.5984,0.65,0.4839,1.0,0.7998393177986145,1
cf_iptm,0.7667,0.7667,0.5981,0.7059,0.6316,0.8,0.81,1
chai_constrained_interface_iptm,0.7304,0.7304,0.5808,0.6875,0.6471,0.7333,0.5286535620689392,1
cf_ptm,0.7072,0.7072,0.5636,0.6818,0.5172,1.0,0.79,1
boltz_free_confidence_score,0.6986,0.6986,0.5575,0.65,0.4839,1.0,0.6074455976486206,1
cf_pae,0.3188,0.6812,0.4968,0.6857,0.6,0.8,5.292925361570247,-1
boltz_free_pde,0.3913,0.6087,0.4846,0.6316,0.5217,0.8,0.6259243488311768,-1
boltz_template_ptm,0.5942,0.5942,0.478,0.6364,0.4828,0.9333,0.7553316950798035,1
boltz_template_ipde,0.3826,0.6174,0.4658,0.6471,0.5789,0.7333,2.4659323692321777,-1
boltz_free_plddt,0.6145,0.6145,0.4446,0.6667,0.5,1.0,0.6612842082977295,1
esmfold_ptm,0.5391,0.5391,0.4423,0.65,0.5,0.9333,0.5018766,1
af3_pyros_binder_score,0.5014,0.5014,0.4233,0.6667,0.5,1.0,116.33,-1
af3_ptm,0.5203,0.5203,0.409,0.6818,0.5172,1.0,0.795,1
boltz_template_pde,0.4493,0.5507,0.4038,0.65,0.52,0.8667,0.7226955890655518,-1
esmfold_pae,0.4725,0.5275,0.3891,0.65,0.52,0.8667,15.593741,-1
esmfold_plddt,0.2696,0.7304,0.3884,0.2222,0.3947,1.0,73.2075,1
pred_lddt,0.4841,0.5159,0.367,0.6383,0.4688,1.0,0.8197378611702416,1
esmfold_ipae,0.5808,0.5808,0.3564,0.5185,0.3793,1.0,25.50298500061035,-1
chai_constrained_per_chain_ptm,0.3652,0.6348,0.3444,0.1176,0.3947,1.0,0.850194662809372,1
chai_unconstrained_per_chain_ptm,0.3855,0.6145,0.3383,0.5714,0.4118,0.9333,0.8540477156639099,1
