col,raw_roc,aligned_roc,pr_auc,max_f1,precision,direction,note
af3_pae,0.4062,0.5938,0.1643,0.3636,0.25,-1,flipped
af3_plddt,0.5833,0.5833,0.144,0.3077,0.2,1,kept
af3_interface_dG,0.3568,0.6432,0.1339,0.24,0.1579,-1,flipped
af3_interface_dG_SASA_ratio,0.3385,0.6615,0.1451,0.2759,0.1739,-1,flipped
af3_ipae,0.4896,0.5104,0.1006,0.2222,0.1282,-1,flipped
af3_iplddt,0.6328,0.6328,0.1773,0.381,0.2667,1,kept
af3_ipsae,0.737,0.737,0.3031,0.5333,0.4444,1,kept
af3_iptm,0.7005,0.7005,0.2247,0.3333,0.2222,1,kept
af3_ptm,0.6042,0.6042,0.1218,0.2222,0.1333,1,kept
af3_pyros_binder_score,0.2656,0.7344,0.2062,0.3478,0.2353,-1,flipped
cf_af3_rmsd,0.3125,0.6875,0.1464,0.2857,0.1724,-1,flipped
cf_pae,0.4167,0.5833,0.1468,0.2667,0.1667,-1,flipped
cf_plddt,0.625,0.625,0.1746,0.2857,0.25,1,kept
cf_interface_dG,,,,,,1,insufficient_data
cf_interface_dG_SASA_ratio,,,,,,1,insufficient_data
cf_ipae,0.5495,0.5495,0.1194,0.2105,0.1176,1,kept
cf_iplddt,0.6875,0.6875,0.2438,0.3333,0.3333,1,kept
cf_ipsae,0.6875,0.6875,0.1698,0.32,0.2105,1,kept
cf_iptm,0.5625,0.5625,0.1011,0.1875,0.1034,1,kept
cf_ptm,0.4687,0.5312,0.0909,0.1667,0.0909,-1,flipped
cf_pyros_binder_score,,,,,,1,insufficient_data
pred_ilddt,0.5859,0.5859,0.1205,0.2353,0.1429,1,kept
pred_lddt,0.6211,0.6211,0.1541,0.2667,0.2222,1,kept
esmfold_ipae,,,,,,1,insufficient_data
esmfold_iplddt,,,,,,1,insufficient_data
esmfold_plddt,0.3958,0.6042,0.1831,0.4,0.2857,-1,flipped
esmfold_pae,0.4792,0.5208,0.1789,0.3333,0.3333,-1,flipped
esmfold_ptm,0.4688,0.5312,0.1437,0.3077,0.2,-1,flipped
chai_unconstrained_score,0.8021,0.8021,0.5193,0.5,1.0,1,kept
chai_constrained_score,0.5625,0.5625,0.1435,0.25,0.2,1,kept
chai_unconstrained_aggregate_score,0.8021,0.8021,0.5193,0.5,1.0,1,kept
chai_unconstrained_ptm,0.7812,0.7812,0.5143,0.5,1.0,1,kept
chai_unconstrained_iptm,0.8021,0.8021,0.5193,0.5,1.0,1,kept
chai_unconstrained_interface_iptm,0.7552,0.7552,0.3841,0.4,0.5,1,kept
chai_constrained_aggregate_score,0.5625,0.5625,0.1435,0.25,0.2,1,kept
chai_constrained_ptm,0.625,0.625,0.1366,0.3,0.1765,1,kept
chai_constrained_iptm,0.5312,0.5312,0.1386,0.25,0.2,1,kept
chai_constrained_interface_iptm,,,,,,1,insufficient_data
boltz_free_confidence_score,0.7292,0.7292,0.4529,0.5,1.0,1,kept
boltz_free_ptm,0.7917,0.7917,0.2452,0.4,0.2857,1,kept
boltz_free_iptm,0.8021,0.8021,0.3366,0.4444,0.3333,1,kept
boltz_free_plddt,0.7083,0.7083,0.4394,0.5,1.0,1,kept
boltz_free_iplddt,0.7604,0.7604,0.46,0.5,1.0,1,kept
boltz_free_pde,0.1146,0.8854,0.7381,0.8,1.0,-1,flipped
boltz_free_ipde,0.1562,0.8438,0.4,0.5714,0.5,-1,flipped
boltz_free_per_chain_pair_iptm,0.8047,0.8047,0.2277,0.4545,0.3125,1,kept
boltz_template_confidence_score,0.7812,0.7812,0.4722,0.5,1.0,1,kept
boltz_template_ptm,0.7812,0.7812,0.2722,0.5,0.4,1,kept
boltz_template_iptm,0.8021,0.8021,0.3333,0.5714,0.5,1,kept
boltz_template_plddt,0.7604,0.7604,0.46,0.5,1.0,1,kept
boltz_template_iplddt,0.8125,0.8125,0.5222,0.5,1.0,1,kept
boltz_template_pde,0.3229,0.6771,0.2121,0.3333,0.3333,-1,flipped
boltz_template_ipde,0.1562,0.8438,0.2944,0.4615,0.3,-1,flipped
boltz_template_per_chain_pair_iptm,0.8672,0.8672,0.4591,0.5,0.5,1,kept
