metric,roc_auc,pr_auc,best_f1,best_threshold,top10_precision,n
boltz_free_pde,0.8854,0.7381,0.8,-0.2545,0.4,70
boltz_template_per_chain_pair_iptm,0.8672,0.4591,0.5,0.9567,0.3,70
boltz_template_ipde,0.8438,0.2944,0.4615,-0.2848,0.2,70
boltz_free_ipde,0.8438,0.4,0.5714,-0.2737,0.4,70
boltz_template_iplddt,0.8125,0.5222,0.5,0.9873,0.4,70
boltz_free_per_chain_pair_iptm,0.8047,0.2277,0.4545,0.9456,0.2,70
chai_unconstrained_aggregate_score,0.8021,0.5193,0.5,0.9129,0.4,70
chai_unconstrained_score,0.8021,0.5193,0.5,0.9129,0.4,70
boltz_template_iptm,0.8021,0.3333,0.5714,0.9868,0.4,70
chai_unconstrained_iptm,0.8021,0.5193,0.5,0.9023,0.4,70
boltz_free_iptm,0.8021,0.3366,0.4444,0.9864,0.2,70
boltz_free_ptm,0.7917,0.2452,0.4,0.9902,0.2,70
boltz_template_ptm,0.7812,0.2722,0.5,0.9905,0.4,70
chai_unconstrained_ptm,0.7812,0.5143,0.5,0.9554,0.4,70
boltz_template_confidence_score,0.7812,0.4722,0.5,0.987,0.2,70
boltz_free_iplddt,0.7604,0.46,0.5,0.986,0.2,70
boltz_template_plddt,0.7604,0.46,0.5,0.9873,0.2,70
chai_unconstrained_interface_iptm,0.7552,0.3841,0.4,0.1246,0.2,70
af3_ipsae,0.737,0.3031,0.5333,0.7801,0.4,70
af3_pyros_binder_score,0.7344,0.2062,0.3478,10.01,0.2,70
boltz_free_confidence_score,0.7292,0.4529,0.5,0.9868,0.2,70
boltz_free_plddt,0.7083,0.4394,0.5,0.9867,0.2,70
af3_iptm,0.7005,0.2247,0.3333,0.91,0.2,70
cf_af3_rmsd,0.6875,0.1464,0.2857,-0.171,0.1,70
cf_iplddt,0.6875,0.2438,0.3333,97.0638,0.2,70
cf_ipsae,0.6875,0.1698,0.32,0.7252,0.2,70
boltz_template_pde,0.6771,0.2121,0.3333,-0.2557,0.2,70
af3_interface_dG_SASA_ratio,0.6615,0.1451,0.2759,-1.98,0.1,70
af3_interface_dG,0.6432,0.1339,0.24,-12.88,0.1,70
af3_iplddt,0.6328,0.1773,0.381,94.6303,0.2,70
cf_plddt,0.625,0.1746,0.2857,97.7219,0.2,70
chai_constrained_ptm,0.625,0.1366,0.3,0.9433,0.0,70
pred_lddt,0.6211,0.1541,0.2667,0.8773,0.2,70
af3_ptm,0.6042,0.1218,0.2222,0.48,0.2,70
esmfold_plddt,0.6042,0.1831,0.4,-79.1251,0.0,70
af3_pae,0.5938,0.1643,0.3636,-2.5939,0.0,70
pred_ilddt,0.5859,0.1205,0.2353,0.845,0.1,70
cf_pae,0.5833,0.1468,0.2667,-2.6257,0.0,70
af3_plddt,0.5833,0.144,0.3077,95.4047,0.0,70
cf_iptm,0.5625,0.1011,0.1875,0.91,0.2,70
chai_constrained_score,0.5625,0.1435,0.25,0.897,0.2,70
chai_constrained_aggregate_score,0.5625,0.1435,0.25,0.897,0.2,70
cf_ipae,0.5495,0.1194,0.2105,1.6768,0.1,70
esmfold_ptm,0.5312,0.1437,0.3077,-0.7442,0.0,70
cf_ptm,0.5312,0.0909,0.1667,-0.94,0.0,70
chai_constrained_iptm,0.5312,0.1386,0.25,0.8841,0.2,70
esmfold_pae,0.5208,0.1789,0.3333,-11.4483,0.2,70
af3_ipae,0.5104,0.1006,0.2222,-2.3219,0.0,70
