sample,interface,base,mutation,mut_chain,binding,af3_pae,af3_plddt,af3_interface_dG,af3_interface_dG_SASA_ratio,af3_ipae,af3_iplddt,af3_ipsae,af3_iptm,af3_ptm,af3_pyros_binder_score,cf_af3_rmsd,cf_pae,cf_plddt,cf_interface_dG,cf_interface_dG_SASA_ratio,cf_ipae,cf_iplddt,cf_ipsae,cf_iptm,cf_ptm,cf_pyros_binder_score,pred_ilddt,pred_lddt,esmfold_ipae,esmfold_iplddt,esmfold_plddt,esmfold_pae,esmfold_ptm,chai_unconstrained_score,chai_constrained_score,chai_unconstrained_aggregate_score,chai_unconstrained_ptm,chai_unconstrained_iptm,chai_unconstrained_interface_iptm,chai_constrained_aggregate_score,chai_constrained_ptm,chai_constrained_iptm,chai_constrained_interface_iptm,boltz_free_confidence_score,boltz_free_ptm,boltz_free_iptm,boltz_free_plddt,boltz_free_iplddt,boltz_free_pde,boltz_free_ipde,boltz_free_per_chain_pair_iptm,boltz_template_confidence_score,boltz_template_ptm,boltz_template_iptm,boltz_template_plddt,boltz_template_iplddt,boltz_template_pde,boltz_template_ipde,boltz_template_per_chain_pair_iptm,expected_affected
5ig7_abc_cut_B_G114A,"A,C",5ig7_abc_cut,B_G114A,B,False,0.13629618613259264,0.26936971889257677,-13.339999999999998,-1.63,0.1843749999999993,0.9498220226131622,0.023760000000000003,0.0,0.0050000000000000044,-8.629999999999999,-0.01899999999999999,-0.016029645052548336,-0.09573170731707137,,,-0.02641176470588258,-0.08097426096600202,-0.006952000000000069,0.0,0.0,,0.0011722251740811096,0.019690106097162485,,,-0.05394000000001142,0.12414799999999993,-0.003200899999999951,-0.03429114818572987,-0.003264307975769043,-0.03429114818572987,-0.01670926809310913,-0.03868657350540161,-0.0626729438081384,-0.003264307975769043,-0.0020614266395567737,-0.0035650134086608887,,-0.0006275177001954235,-0.00085967779159557,-0.0016546249389648438,-0.00037074089050270764,-0.00048238039016723633,-0.0005707144737243652,-0.00010895729064935855,0.002402007579803578,-0.0008599162101744495,-0.0007097721099853516,-0.0009121894836425781,-0.0008468031883239746,-0.0012180209159852184,0.002233535051345825,0.006601870059967041,0.0016075372695921741,False
5ig7_abc_cut_B_G114A,"B,C",5ig7_abc_cut,B_G114A,B,False,0.13629618613259264,0.26936971889257677,5.04,0.66,0.08874999999999988,0.2938410561417726,0.026534999999999975,0.010000000000000009,0.0050000000000000044,-1.2599999999999998,-0.013999999999999985,-0.016029645052548336,-0.09573170731707137,,,0.03041666666666676,-0.4872224595811474,0.01568400000000003,0.0,0.0,,-0.005401980836656328,-0.03730377502474869,,,-0.05394000000001142,0.12414799999999993,-0.003200899999999951,-0.03429114818572987,-0.003264307975769043,-0.03429114818572987,-0.01670926809310913,-0.03868657350540161,-0.1127552911639214,-0.003264307975769043,-0.0020614266395567737,-0.0035650134086608887,,-0.0006275177001954235,-0.00085967779159557,-0.0016546249389648438,-0.00037074089050270764,-0.00048238039016723633,-0.0005707144737243652,-0.00010895729064935855,0.004088759422302357,-0.0008599162101744495,-0.0007097721099853516,-0.0009121894836425781,-0.0008468031883239746,-0.0012180209159852184,0.002233535051345825,0.006601870059967041,-0.0009993314743044213,True
5ig7_abc_cut_A_K110A,"A,C",5ig7_abc_cut,A_K110A,A,False,-0.23315321567849878,-0.6492540223703003,-4.949999999999999,-0.9300000000000002,-0.20312500000000044,-1.999991525247495,-0.027615999999999974,-0.010000000000000009,-0.0050000000000000044,-2.8499999999999996,-0.043999999999999984,-0.1636122678299956,-0.6473170731707114,,,0.6918461538461536,-3.3394648688179984,-0.08338200000000007,0.0,0.0,,-0.025371336552323376,-0.01577269064493103,,,0.11298999999999637,-0.04085800000000006,0.0011662000000000061,-0.01641535758972157,-0.002893209457397461,-0.01641535758972157,-0.007851600646972545,-0.01855623722076416,-0.0337816663086414,-0.002893209457397461,-0.001743793487548717,-0.0031806230545043945,,-0.0003684163093568005,-0.000928044319152832,-0.0015215277671813965,-8.016824722278937e-05,-0.000125885009765625,-0.0006724596023559015,0.0010440349578857422,0.006142377853393555,-0.00022447109222401007,-0.00014019012451171875,1.0609626770019531e-05,-0.00028324127197276727,-0.0008140802383423962,0.00173231959342951,0.005761116743087824,0.004970967769622803,True
5ig7_abc_cut_A_K110A,"B,C",5ig7_abc_cut,A_K110A,A,False,-0.23315321567849878,-0.6492540223703003,-12.45,-1.7000000000000002,-0.19500000000000006,-1.1083005899501757,-0.029302999999999968,-0.010000000000000009,0.0,-6.45,-0.0010000000000000009,-0.1636122678299956,-0.6473170731707114,,,-0.028083333333332794,-1.123129660623107,-0.04770099999999999,0.0,0.0,,-0.014027910819788936,-0.025275644262503505,,,0.11298999999999637,-0.04085800000000006,0.0011662000000000061,-0.01641535758972157,-0.002893209457397461,-0.01641535758972157,-0.007851600646972545,-0.01855623722076416,-0.08991214632987979,-0.002893209457397461,-0.001743793487548717,-0.0031806230545043945,,-0.0003684163093568005,-0.000928044319152832,-0.0015215277671813965,-8.016824722278937e-05,-0.000125885009765625,-0.0006724596023559015,0.0010440349578857422,0.004007816314697377,-0.00022447109222401007,-0.00014019012451171875,1.0609626770019531e-05,-0.00028324127197276727,-0.0008140802383423962,0.00173231959342951,0.005761116743087824,-0.00017952919006358758,False
5ijk_acx_cut_A_I112A,"A,C",5ijk_acx_cut,A_I112A,A,False,0.5285447008919206,1.6548503329541973,-68.93,-16.22,4.861428571428571,14.971895021041668,0.033473,0.05999999999999994,0.009999999999999953,-40.54,-0.11000000000000001,0.2819675489105009,0.34489959839359585,,,-1.951,-4.364107131958008,-0.13155400000000003,0.0,-0.009999999999999898,,-0.04013798940303681,-0.018526825251159895,,,0.2569300000000112,-0.05566800000000072,0.0018201999999999385,0.0035773515701293945,-9.28640365600586e-05,0.0035773515701293945,0.003271520137786754,0.003653883934020996,0.0014089290052651977,-9.28640365600586e-05,-0.00020313262939442023,-6.526708602905273e-05,,-0.0036557912826535865,-0.0013696551322938122,-0.00176924467086792,-0.00412738323211681,-0.010536253452301025,-0.0029800236225128174,-0.016672164201736395,-0.021884799003601074,-0.008367657661437988,-0.005382061004638561,-0.00804370641708363,-0.008448600769042858,-0.014796733856201172,-0.011776417493820246,-0.07122400403022772,-0.05718350410461426,True
5ijk_acx_cut_A_I112A,"B,C",5ijk_acx_cut,A_I112A,A,False,0.5285447008919206,1.6548503329541973,-70.12,-7.65,-0.21160714285714288,-0.14309322380839262,0.014251,0.030000000000000027,0.0,-28.47,-0.07,0.2819675489105009,0.34489959839359585,,,-0.12327272727272742,-9.562563480475006,-0.15348399999999998,0.0,-0.009999999999999898,,0.01916314834649313,0.017880359049748717,,,0.2569300000000112,-0.05566800000000072,0.0018201999999999385,0.0035773515701293945,-9.28640365600586e-05,0.0035773515701293945,0.003271520137786754,0.003653883934020996,0.001563891768455502,-9.28640365600586e-05,-0.00020313262939442023,-6.526708602905273e-05,,-0.0036557912826535865,-0.0013696551322938122,-0.00176924467086792,-0.00412738323211681,-0.010536253452301025,-0.0029800236225128174,-0.016672164201736395,-0.018121659755706787,-0.008367657661437988,-0.005382061004638561,-0.00804370641708363,-0.008448600769042858,-0.014796733856201172,-0.011776417493820246,-0.07122400403022772,-0.052981019020080455,False
5ijk_acx_cut_B_Y107A,"A,C",5ijk_acx_cut,B_Y107A,B,False,0.32322865760229647,1.114686563595015,1.8699999999999974,0.4500000000000002,5.5275,9.383775113985926,-0.047819,-0.12000000000000005,0.004999999999999949,-31.82,-0.10900000000000001,0.2815641683198651,0.5220481927710807,,,-1.646,1.6121431986490933,-0.06794100000000003,0.0,-0.009999999999999898,,-0.027406811296079303,0.014756230373172197,,,0.36438000000001125,-0.054861000000000715,0.0013607999999999398,0.005738794803619385,-0.0007214546203613281,0.005738794803619385,0.0038336515426635742,0.006215095520019531,0.0018473211675881993,-0.0007214546203613281,-0.00019228458404541016,-0.0008537173271179199,,-0.0008165240287779651,-1.7642974853626647e-05,1.7523765564075866e-05,-0.0010250210762023926,-0.005436599254608154,-0.002011775970458929,-0.014556765556335394,-0.0095289945602417,-0.0027602314949035645,-0.0020807981491087757,-0.003086268901824951,-0.0026786327362060547,-0.004527926445007435,-0.0028407275676727295,-0.012912273406982422,-0.010657012462616078,False
5ijk_acx_cut_B_Y107A,"B,C",5ijk_acx_cut,B_Y107A,B,False,0.32322865760229647,1.114686563595015,-32.04,-5.65,0.2654761904761904,-1.8614173729493615,-0.076384,-0.19,-0.0050000000000000044,-42.36,-0.123,0.2815641683198651,0.5220481927710807,,,-0.25528571428571434,-2.574334462483719,-0.08968699999999999,0.0,-0.009999999999999898,,-0.0781819936986276,0.02071297195893007,,,0.36438000000001125,-0.054861000000000715,0.0013607999999999398,0.005738794803619385,-0.0007214546203613281,0.005738794803619385,0.0038336515426635742,0.006215095520019531,0.0034261718392373,-0.0007214546203613281,-0.00019228458404541016,-0.0008537173271179199,,-0.0008165240287779651,-1.7642974853626647e-05,1.7523765564075866e-05,-0.0010250210762023926,-0.005436599254608154,-0.002011775970458929,-0.014556765556335394,-0.007482707500457542,-0.0027602314949035645,-0.0020807981491087757,-0.003086268901824951,-0.0026786327362060547,-0.004527926445007435,-0.0028407275676727295,-0.012912273406982422,-0.008664727210998313,True
5ifj_abc_cut_A_D111A,"A,C",5ifj_abc_cut,A_D111A,A,False,-0.22196443915658648,-0.12181154861799826,0.5999999999999996,-0.10999999999999988,-0.20000000000000018,-0.27629024783401235,-0.034380999999999995,-0.010000000000000009,-0.0050000000000000044,0.8900000000000006,-0.037000000000000005,-0.14090141450195004,-0.3119512195121956,,,0.2956190476190472,-0.7278325716654592,-0.020225999999999966,0.0,0.0,,-0.0011354994787193817,0.0,,,-0.02588000000000079,-0.12523399999999896,0.0036793999999999993,-0.0011535286903380237,0.00036728382110595703,-0.0011535286903380237,-0.0008074641227722168,-0.0012399554252624512,-0.0009906962513923923,0.00036728382110595703,4.982948303222656e-05,0.00044667720794677734,,-0.003835022449493186,-3.916025161743164e-05,-0.00027924776077259406,-0.004723906517028809,-0.008937001228332409,0.00043389201164240054,0.0021570026874542236,0.003426074981689564,-0.003941178321838379,0.000667572021484375,0.000662386417388916,-0.005092024803161621,-0.009732186794281228,0.0003043711185455322,-0.011853635311126709,-0.01825702190399181,True
5ifj_abc_cut_A_D111A,"B,C",5ifj_abc_cut,A_D111A,A,False,-0.22196443915658648,-0.12181154861799826,2.33,0.33000000000000007,-0.012500000000000844,-0.3356102979707316,-0.01139699999999999,-0.010000000000000009,0.0,2.620000000000001,-0.002999999999999975,-0.14090141450195004,-0.3119512195121956,,,0.1473245614035088,-0.5934801603618496,-0.019691000000000014,0.0,0.0,,-0.008625929983132608,-0.021242990105969528,,,-0.02588000000000079,-0.12523399999999896,0.0036793999999999993,-0.0011535286903380237,0.00036728382110595703,-0.0011535286903380237,-0.0008074641227722168,-0.0012399554252624512,-0.0003816038370131891,0.00036728382110595703,4.982948303222656e-05,0.00044667720794677734,,-0.003835022449493186,-3.916025161743164e-05,-0.00027924776077259406,-0.004723906517028809,-0.008937001228332409,0.00043389201164240054,0.0021570026874542236,0.0005623102188110352,-0.003941178321838379,0.000667572021484375,0.000662386417388916,-0.005092024803161621,-0.009732186794281228,0.0003043711185455322,-0.011853635311126709,-0.014133870601654053,False
5ig7_abc_cut_all_A,"A,C",5ig7_abc_cut,all_A,,False,-1.2330177143234846,-3.389211401053288,-75.05,-8.07,-0.934646739130435,-17.91323568211851,-0.700003,-0.37,-0.014999999999999958,-24.82,-0.068,-0.5076525216471679,-1.9776829268292744,,,0.3801428571428569,-11.685571063648567,-0.47857900000000003,-0.010000000000000009,0.009999999999999898,,-0.5809673725208524,-0.01526561244447,,,-1.106656000000001,-0.0012939999999996843,-0.002244350000000006,-0.04009687900543202,-0.003245055675506592,-0.04009687900543202,-0.02210211753845215,-0.044595539569854736,-0.0625285673886538,-0.003245055675506592,-0.0017824172973631702,-0.0036107301712036133,,-0.00586587190628074,-0.0008386969566346325,-0.0018998980522155762,-0.006857335567474365,-0.013909697532653587,-0.006487280130386297,-0.04189586639404297,-0.025477290153503196,-0.007694005966186412,-0.0010301470756529651,-0.0016213059425354004,-0.009212195873260609,-0.017820417881011963,-0.00013583898544311523,-0.01680061221122736,-0.018017351627349854,True
5ig7_abc_cut_all_A,"B,C",5ig7_abc_cut,all_A,,False,-1.2330177143234846,-3.389211401053288,-21.09,-9.98,0.08666666666666645,-18.753584879370138,-0.7474810000000001,-0.4,-0.019999999999999962,-13.97,-0.08099999999999999,-0.5076525216471679,-1.9776829268292744,,,-0.34833333333333294,-10.913444264729819,-0.556111,-0.010000000000000009,0.009999999999999898,,-0.33484694589882413,-0.028081388833818832,,,-1.106656000000001,-0.0012939999999996843,-0.002244350000000006,-0.04009687900543202,-0.003245055675506592,-0.04009687900543202,-0.02210211753845215,-0.044595539569854736,-0.1156980451196433,-0.003245055675506592,-0.0017824172973631702,-0.0036107301712036133,,-0.00586587190628074,-0.0008386969566346325,-0.0018998980522155762,-0.006857335567474365,-0.013909697532653587,-0.006487280130386297,-0.04189586639404297,-0.06359684467315663,-0.007694005966186412,-0.0010301470756529651,-0.0016213059425354004,-0.009212195873260609,-0.017820417881011963,-0.00013583898544311523,-0.01680061221122736,-0.05763596296310436,True
5ifj_abc_cut_B_L116A,"A,C",5ifj_abc_cut,B_L116A,B,False,-0.2127239077268821,-0.3716699364175611,2.2300000000000004,0.1399999999999999,-0.378571428571429,-1.5435939124308362,-0.05182599999999993,-0.020000000000000018,-0.0050000000000000044,-2.9700000000000006,-0.01200000000000001,0.08145168219974819,0.31894308943090266,,,-0.2780416666666672,0.9330555068121811,0.007674999999999987,0.0,0.0,,0.01604471277909325,0.03928841442284581,,,-0.4685400000000044,0.2557190000000009,-0.008796230000000071,-0.00018167495727539062,0.0004703998565673828,-0.00018167495727539062,-0.00022286176681518555,-0.00017130374908447266,0.0023936331272124967,0.0004703998565673828,-0.00017994642257679327,0.0006330013275146484,,-0.0010532736778258167,-0.0001648664474488415,-0.0003341436386107288,-0.0012330412864686169,-0.0016804337501523658,-0.0013120174407958984,-0.007815778255462591,-0.003204524517059215,-0.001213073730468861,-0.00012993812561024054,-0.00034630298614501953,-0.0014297962188720703,-0.0028390884399416283,-0.000513464212417547,-0.012615263462066595,-0.019163191318511963,False
5ifj_abc_cut_B_L116A,"B,C",5ifj_abc_cut,B_L116A,B,False,-0.2127239077268821,-0.3716699364175611,11.930000000000001,1.6,-0.04583333333333384,-1.5609039079575382,-0.02966000000000002,-0.030000000000000027,0.0,-0.2699999999999996,-0.0009999999999999731,0.08145168219974819,0.31894308943090266,,,0.01051083591331281,-0.08031092782506732,0.015608999999999984,0.0,0.0,,0.0,-0.012028130762245182,,,-0.4685400000000044,0.2557190000000009,-0.008796230000000071,-0.00018167495727539062,0.0004703998565673828,-0.00018167495727539062,-0.00022286176681518555,-0.00017130374908447266,-0.0189881324768066,0.0004703998565673828,-0.00017994642257679327,0.0006330013275146484,,-0.0010532736778258167,-0.0001648664474488415,-0.0003341436386107288,-0.0012330412864686169,-0.0016804337501523658,-0.0013120174407958984,-0.007815778255462591,-0.012604534626006969,-0.001213073730468861,-0.00012993812561024054,-0.00034630298614501953,-0.0014297962188720703,-0.0028390884399416283,-0.000513464212417547,-0.012615263462066595,-0.016980469226837047,True
5ijk_acx_cut_A_K57A,"A,C",5ijk_acx_cut,A_K57A,A,False,0.15319591619489925,-0.2079496599965296,-108.69,-16.74,2.417272727272726,4.1874027208303275,-0.051417,-0.15000000000000002,0.0,-50.86,-0.12299999999999997,-0.19664698956468607,-1.078072289156637,,,0.6898333333333331,-9.503690401713058,-0.18490800000000002,-0.010000000000000009,0.0,,-0.022852591726114535,-0.04045082911976294,,,-0.047179999999997335,-0.07868799999999965,0.002232599999999918,-0.007545650005340576,0.00019377470016479492,-0.007545650005340576,-0.0048506259918214,-0.008219361305236816,-0.006815748289227501,0.00019377470016479492,0.00024014711380004883,0.00018215179443359375,,-0.002524733543395996,-0.001847982406616433,-0.002575099468231201,-0.0025121569633483887,-0.0035919547080993652,-0.006017446517944336,-0.040920794010162354,-0.03275197744369507,-0.0069217681884765625,-0.003967642784118541,-0.005789637565612793,-0.007204711437225231,-0.009151101112365834,-0.0064007639884949286,-0.03769916296005249,-0.028485119342804066,True
5ijk_acx_cut_A_K57A,"B,C",5ijk_acx_cut,A_K57A,A,False,0.15319591619489925,-0.2079496599965296,-7.580000000000002,-1.5500000000000003,0.3271428571428574,-8.672885991338475,-0.077794,-0.19,-0.0050000000000000044,-9.280000000000001,-0.11299999999999999,-0.19664698956468607,-1.078072289156637,,,-0.41554545454545466,-8.45133450826009,-0.214139,-0.010000000000000009,0.0,,-0.001927702206751869,0.0006333758305281378,,,-0.047179999999997335,-0.07868799999999965,0.002232599999999918,-0.007545650005340576,0.00019377470016479492,-0.007545650005340576,-0.0048506259918214,-0.008219361305236816,-0.010415468364953998,0.00019377470016479492,0.00024014711380004883,0.00018215179443359375,,-0.002524733543395996,-0.001847982406616433,-0.002575099468231201,-0.0025121569633483887,-0.0035919547080993652,-0.006017446517944336,-0.040920794010162354,-0.02900809049606312,-0.0069217681884765625,-0.003967642784118541,-0.005789637565612793,-0.007204711437225231,-0.009151101112365834,-0.0064007639884949286,-0.03769916296005249,-0.029280662536620983,False
5ig7_abc_cut_B_L116A,"A,C",5ig7_abc_cut,B_L116A,B,False,-0.1241919492365664,-0.3012967583263304,-11.74,-1.29,-0.24283088235294192,-1.431156864803441,-0.030374000000000012,-0.010000000000000009,0.0,-4.29,0.020000000000000018,-0.044441800515566676,-0.22971544715447578,,,0.1674117647058817,-0.6615309185451963,-0.027695000000000025,0.0,0.0,,-0.006609128023828292,-0.017325574653738074,,,-0.6328900000000033,0.4206889999999994,-0.011768600000000018,-0.03345930576324452,-0.0034000277519226074,-0.03345930576324452,-0.016540706157684326,-0.03768891096115112,-0.058407180942595,-0.0034000277519226074,-0.001931905746459961,-0.003767073154449463,,-0.001411139965057595,0.00040453672409035413,-1.4007091522216797e-05,-0.0017604231834411621,-0.0037227869033812366,-0.0007874071598052979,-0.010350495576858465,-0.00926983356475819,-0.001345515251159668,0.0007426738739014782,0.0007834434509278454,-0.0018777847290040173,-0.003948509693145974,0.000893563032150213,-0.01744985580444336,-0.020599782466888428,False
5ig7_abc_cut_B_L116A,"B,C",5ig7_abc_cut,B_L116A,B,False,-0.1241919492365664,-0.3012967583263304,1.1999999999999997,0.12,0.025555555555555554,-0.9281086745391463,-0.026360999999999968,-0.010000000000000009,0.0,-6.590000000000001,0.01100000000000001,-0.044441800515566676,-0.22971544715447578,,,-0.11166666666666658,-0.4750022888183594,-0.007269999999999999,0.0,0.0,,-0.005401980836656328,-0.04166664803180131,,,-0.6328900000000033,0.4206889999999994,-0.011768600000000018,-0.03345930576324452,-0.0034000277519226074,-0.03345930576324452,-0.016540706157684326,-0.03768891096115112,-0.11082822363823659,-0.0034000277519226074,-0.001931905746459961,-0.003767073154449463,,-0.001411139965057595,0.00040453672409035413,-1.4007091522216797e-05,-0.0017604231834411621,-0.0037227869033812366,-0.0007874071598052979,-0.010350495576858465,-0.026247501373290794,-0.001345515251159668,0.0007426738739014782,0.0007834434509278454,-0.0018777847290040173,-0.003948509693145974,0.000893563032150213,-0.01744985580444336,-0.040888071060180886,True
5ifj_abc_cut_A_S64A,"A,C",5ifj_abc_cut,A_S64A,A,False,0.05443684314891861,0.20857163524433986,-7.280000000000001,-0.94,-0.18437500000000018,-0.5305852185302626,-0.0136099999999999,-0.010000000000000009,0.0,-7.5,-0.007000000000000006,-0.19691139533346602,-0.42817073170729714,,,0.12276190476190507,-2.3274998664855957,-0.13765499999999997,0.0,0.0,,-0.01674540656919077,-0.0015528840088070428,,,0.059549999999987335,0.09383949999999963,-0.0017886300000000688,-0.0014362931251525879,-6.872415542602539e-05,-0.0014362931251525879,-0.0009108781814576306,-0.001567542552947998,-0.002909630537033095,-6.872415542602539e-05,-0.00025916099548339844,-2.110004425048828e-05,,-0.0003091096878051758,0.00012737512588500977,0.00029510259628307,-0.00046008825302124023,-0.0008772015571592018,-0.0014330446720123846,-0.01059865951538086,-0.0054315924644467994,-0.0006145834922791638,-0.0009364485740662731,-0.001484990119934193,-0.0003969073295594372,-0.0013700127601624645,-0.001674503087997381,-0.0170831680297851,-0.0238403081893922,True
5ifj_abc_cut_A_S64A,"B,C",5ifj_abc_cut,A_S64A,A,False,0.05443684314891861,0.20857163524433986,7.470000000000001,1.03,0.02750000000000008,0.08498980073891005,-0.004835000000000034,-0.010000000000000009,0.0,1.9900000000000002,-0.001999999999999974,-0.19691139533346602,-0.42817073170729714,,,0.1284703947368422,-2.805494835502202,-0.176307,0.0,0.0,,-0.05518413118027232,-0.014118270097352559,,,0.059549999999987335,0.09383949999999963,-0.0017886300000000688,-0.0014362931251525879,-6.872415542602539e-05,-0.0014362931251525879,-0.0009108781814576306,-0.001567542552947998,-0.0011264234781264981,-6.872415542602539e-05,-0.00025916099548339844,-2.110004425048828e-05,,-0.0003091096878051758,0.00012737512588500977,0.00029510259628307,-0.00046008825302124023,-0.0008772015571592018,-0.0014330446720123846,-0.01059865951538086,-0.0030181407928465687,-0.0006145834922791638,-0.0009364485740662731,-0.001484990119934193,-0.0003969073295594372,-0.0013700127601624645,-0.001674503087997381,-0.0170831680297851,-0.018388211727142223,False
5ifj_abc_cut_B_V38A,"A,C",5ifj_abc_cut,B_V38A,B,False,-0.1210522836935688,-0.18371838260303264,-1.1999999999999993,-0.20000000000000018,-0.4281250000000001,-2.463179359516161,-0.030054999999999943,-0.010000000000000009,0.0,-1.17,0.0030000000000000027,0.020398407032850674,0.10239837398374618,,,0.036627450980391885,-0.4869443575541226,-0.02565700000000004,0.0,0.0,,0.0214057852042826,0.0,,,-0.21970000000000312,0.028876000000000346,-0.0006667500000000492,-0.01719510555267334,-0.00014591217041015625,-0.01719510555267334,-0.0078352689743042,-0.01953500509262074,-0.0214342214167118,-0.00014591217041015625,-9.226799011230469e-05,-0.00015926361083984375,,-0.0015501976013183594,1.4603137969970703e-05,-0.00010651350021351202,-0.0019110441207885742,-0.0034666061401366077,0.0004019141197204035,0.0018400549888611395,0.005652964115142822,-0.0017497539520263672,-0.0008190274238586426,-0.0014653801918029785,-0.0018208026885988549,-0.0035219788551332787,-0.005330055952072088,-0.05537718534469599,-0.052454769611358754,False
5ifj_abc_cut_B_V38A,"B,C",5ifj_abc_cut,B_V38A,B,False,-0.1210522836935688,-0.18371838260303264,-0.29999999999999893,-0.09000000000000008,-0.09250000000000047,-0.6783951016287801,-0.028720999999999997,-0.010000000000000009,0.0,-0.629999999999999,0.0050000000000000044,0.020398407032850674,0.10239837398374618,,,0.015000000000000124,-0.1463165283203267,-0.005967999999999973,0.0,0.0,,0.0,0.0,,,-0.21970000000000312,0.028876000000000346,-0.0006667500000000492,-0.01719510555267334,-0.00014591217041015625,-0.01719510555267334,-0.0078352689743042,-0.01953500509262074,-0.09620458632707599,-0.00014591217041015625,-9.226799011230469e-05,-0.00015926361083984375,,-0.0015501976013183594,1.4603137969970703e-05,-0.00010651350021351202,-0.0019110441207885742,-0.0034666061401366077,0.0004019141197204035,0.0018400549888611395,-0.005647182464599609,-0.0017497539520263672,-0.0008190274238586426,-0.0014653801918029785,-0.0018208026885988549,-0.0035219788551332787,-0.005330055952072088,-0.05537718534469599,-0.042517602443694846,True
5ig7_abc_cut_B_Y37A,"A,C",5ig7_abc_cut,B_Y37A,B,False,-0.07110681472668379,0.03134171433590893,-5.0,-0.54,-0.05312500000000053,0.3824683210023636,-0.024507999999999974,-0.020000000000000018,0.0,-7.85,0.006000000000000005,0.011284949434860359,-0.038495934959357214,,,0.029428571428571804,-0.36812686920166016,-0.03352900000000003,0.0,0.0,,-0.008625929983132608,-0.017325574653738074,,,0.034250000000000114,-0.14827299999999966,0.001208300000000051,-0.024301886558532604,-0.003284931182861328,-0.024301886558532604,-0.0109618902206422,-0.02763688564300537,-0.0358674935996533,-0.003284931182861328,-0.0019586682319641113,-0.003616511821746826,,-0.002634704113006814,-0.0010977983474732556,-0.002141416072845459,-0.0027580857276915394,-0.005309820175170787,-0.0039942860603331964,-0.031287223100662176,-0.019213736057281383,-0.0036473870277403675,-0.0020785927772521973,-0.003454566001892201,-0.003695547580719216,-0.007839560508728027,-0.007087677717208918,-0.07157954573631287,-0.050909221172332764,False
5ig7_abc_cut_B_Y37A,"B,C",5ig7_abc_cut,B_Y37A,B,False,-0.07110681472668379,0.03134171433590893,-10.559999999999999,-1.38,0.13666666666666627,-1.0141675776618797,-0.105217,-0.020000000000000018,0.0,-7.430000000000001,0.014000000000000012,0.011284949434860359,-0.038495934959357214,,,-0.2558333333333327,-0.6282702427284335,-0.05831399999999998,0.0,0.0,,-0.01811496649151967,-0.025275644262503505,,,0.034250000000000114,-0.14827299999999966,0.001208300000000051,-0.024301886558532604,-0.003284931182861328,-0.024301886558532604,-0.0109618902206422,-0.02763688564300537,-0.1009962763637305,-0.003284931182861328,-0.0019586682319641113,-0.003616511821746826,,-0.002634704113006814,-0.0010977983474732556,-0.002141416072845459,-0.0027580857276915394,-0.005309820175170787,-0.0039942860603331964,-0.031287223100662176,-0.049119472503662,-0.0036473870277403675,-0.0020785927772521973,-0.003454566001892201,-0.003695547580719216,-0.007839560508728027,-0.007087677717208918,-0.07157954573631287,-0.09795755147933971,True
5ifj_abc_cut_A_Y66A,"A,C",5ifj_abc_cut,A_Y66A,A,False,-0.10749388591446918,-0.06682715117149485,-16.61,-2.3800000000000003,-0.4966666666666666,-2.244883563556755,-0.031034999999999924,-0.020000000000000018,0.0,-4.95,0.0040000000000000036,-0.3252382840901582,-0.8482113821138313,,,0.3726666666666665,-3.587206644170436,-0.168844,-0.010000000000000009,0.0,,-0.1920516330610702,0.00014834731682433766,,,-0.8283700000000067,0.12661800000000056,-0.005816000000000043,-0.0034906864166259766,0.0003437995910644531,-0.0034906864166259766,-0.0019022822380065918,-0.003887772560119518,-0.016516435891389895,0.0003437995910644531,-0.0002442002296447754,0.0004908442497253418,,-0.0006356239318847656,-0.000795900821685791,-0.0012968182563779518,-0.0004703402519226074,-0.0006976127624511719,-0.001887977123260498,-0.01316159963607788,-0.009158313274383434,-0.0011761784553527832,-0.001935720443725586,-0.0029392242431640625,-0.0007354617118836559,-0.001714468002319447,-0.0031410157680511475,-0.027185469865798895,-0.02790278196334839,True
5ifj_abc_cut_A_Y66A,"B,C",5ifj_abc_cut,A_Y66A,A,False,-0.10749388591446918,-0.06682715117149485,11.020000000000001,1.48,-0.015131578947368718,-0.9704695717807112,-0.017903000000000002,-0.030000000000000027,0.0,2.5,-0.015999999999999986,-0.3252382840901582,-0.8482113821138313,,,0.30503289473684214,-3.3573689962688036,-0.18595000000000006,-0.010000000000000009,0.0,,-0.05518413118027232,-0.009755397090299933,,,-0.8283700000000067,0.12661800000000056,-0.005816000000000043,-0.0034906864166259766,0.0003437995910644531,-0.0034906864166259766,-0.0019022822380065918,-0.003887772560119518,-0.019889824092388098,0.0003437995910644531,-0.0002442002296447754,0.0004908442497253418,,-0.0006356239318847656,-0.000795900821685791,-0.0012968182563779518,-0.0004703402519226074,-0.0006976127624511719,-0.001887977123260498,-0.01316159963607788,-0.005522608757019043,-0.0011761784553527832,-0.001935720443725586,-0.0029392242431640625,-0.0007354617118836559,-0.001714468002319447,-0.0031410157680511475,-0.027185469865798895,-0.020987987518310436,False
5ifj_abc_cut_all_A,"A,C",5ifj_abc_cut,all_A,,False,-1.003660189040915,-2.168667808773492,-35.97,-3.5100000000000002,-0.3526315789473684,-10.181745623111738,-0.572521,-0.22000000000000008,-0.014999999999999958,-16.87,-0.101,-0.3619358516755895,-1.4953252032520368,,,-0.2345490196078437,-7.364723152584517,-0.41433200000000003,-0.010000000000000009,0.0,,-0.258656641696385,0.0187363454975078,,,-1.3513900000000092,-0.04404699999999906,-0.007767750000000073,-0.030603885650634766,0.00015598535537719727,-0.030603885650634766,-0.014222681522369385,-0.03469914197921742,-0.052030548453330994,0.00015598535537719727,-0.000195622444152721,0.00024390220642089844,,-0.03235095739364613,-0.0004113316535949707,-0.0008552670478819691,-0.040224850177765004,-0.08189773559570301,-0.00667411088943487,-0.05232974886894226,-0.010298788547515758,-0.025104522705078236,-0.0002498626708984375,-0.0001804828643798828,-0.0313355326652528,-0.06289982795715343,0.0001608729362488348,-0.01654300093650818,-0.012976348400115967,True
5ifj_abc_cut_all_A,"B,C",5ifj_abc_cut,all_A,,False,-1.003660189040915,-2.168667808773492,-3.799999999999999,-2.8299999999999996,-0.06875000000000031,-12.39111577725589,-0.625179,-0.29000000000000004,-0.014999999999999958,-17.43,-0.086,-0.3619358516755895,-1.4953252032520368,,,-0.25755639097744387,-12.361121227866718,-0.505101,-0.010000000000000009,0.0,,-0.028205465276991082,0.011761791706657032,,,-1.3513900000000092,-0.04404699999999906,-0.007767750000000073,-0.030603885650634766,0.00015598535537719727,-0.030603885650634766,-0.014222681522369385,-0.03469914197921742,-0.1173208663240075,0.00015598535537719727,-0.000195622444152721,0.00024390220642089844,,-0.03235095739364613,-0.0004113316535949707,-0.0008552670478819691,-0.040224850177765004,-0.08189773559570301,-0.00667411088943487,-0.05232974886894226,-0.059433937072753906,-0.025104522705078236,-0.0002498626708984375,-0.0001804828643798828,-0.0313355326652528,-0.06289982795715343,0.0001608729362488348,-0.01654300093650818,-0.03660762310028065,True
5ig7_abc_cut_A_Y66A,"A,C",5ig7_abc_cut,A_Y66A,A,False,0.00023134377685218865,0.1682685702311204,-6.51,-0.9500000000000002,0.10264423076923013,0.32951218415252015,-0.00018099999999998673,-0.010000000000000009,0.0,-0.9000000000000004,0.0,-0.026489192940710726,-0.05943089430896009,,,0.08492307692307666,-0.23375034332276812,-0.022764000000000006,0.0,0.0,,0.0,-0.01577269064493103,,,-0.7591800000000006,0.07140199999999908,-0.004301800000000022,-0.0009622573852537952,-0.002892136573791504,-0.0009622573852537952,-0.0005427002906799316,-0.0010671615600585938,-0.013254564255475998,-0.002892136573791504,-0.0018928050994873047,-0.0031419992446899414,,-7.539987564098016e-05,0.00013434886932361945,-0.0002928376197813831,-2.115964889515265e-05,-3.1173229217418275e-05,-0.001054167747497503,-0.007030516862869263,-0.0055086612701416016,-0.0005429983139038086,2.8431415557861328e-05,9.70959663390003e-05,-0.0007030367851258434,-0.0017504096031190075,0.0011352002620697021,-0.006711214780807495,-0.01306891441345226,True
5ig7_abc_cut_A_Y66A,"B,C",5ig7_abc_cut,A_Y66A,A,False,0.00023134377685218865,0.1682685702311204,4.4,0.5700000000000001,0.019999999999999796,-0.02209963063809539,0.0022609999999999575,0.0,0.0,-1.0300000000000011,-0.012999999999999984,-0.026489192940710726,-0.05943089430896009,,,0.02333333333333365,-0.34444427490235796,-0.0006939999999999724,0.0,0.0,,-0.005401980836656328,-0.035634246192837726,,,-0.7591800000000006,0.07140199999999908,-0.004301800000000022,-0.0009622573852537952,-0.002892136573791504,-0.0009622573852537952,-0.0005427002906799316,-0.0010671615600585938,-0.0129284113645554,-0.002892136573791504,-0.0018928050994873047,-0.0031419992446899414,,-7.539987564098016e-05,0.00013434886932361945,-0.0002928376197813831,-2.115964889515265e-05,-3.1173229217418275e-05,-0.001054167747497503,-0.007030516862869263,0.0004962682724000134,-0.0005429983139038086,2.8431415557861328e-05,9.70959663390003e-05,-0.0007030367851258434,-0.0017504096031190075,0.0011352002620697021,-0.006711214780807495,-0.011250495910644642,False
5ijk_acx_cut_B_W56A,"A,C",5ijk_acx_cut,B_W56A,B,False,1.1037983258334538,4.23949998371539,37.28,7.48,6.645555555555555,36.248336016403904,0.554991,0.30999999999999994,0.019999999999999962,3.41,0.0050000000000000044,0.647834228480185,1.5750602409638788,,,-2.2623636363636366,11.475476582845033,0.5050619999999999,0.020000000000000018,-0.019999999999999907,,0.6011901397912731,-0.003567149925930546,,,0.6034400000000062,-0.11509599999999942,0.0024973499999999538,0.013008177280426025,-0.00024259090423583984,0.013008177280426025,0.010244727134704368,0.013699054718017578,0.0104387737810612,-0.00024259090423583984,-0.00018852949142456055,-0.0002561211585998535,,-0.0026481151580809437,-0.0003957152366640404,-0.0003522634506225586,-0.003222167491912842,-0.007815837860107422,-0.00167122483253479,-0.007335066795349066,-0.005527496337890625,-0.003611743450164795,-0.0008993744850157581,-0.0016467571258543812,-0.004102945327758789,-0.006031155586242787,-0.00034692883491521664,0.003559201955795288,0.0024459362030029297,False
5ijk_acx_cut_B_W56A,"B,C",5ijk_acx_cut,B_W56A,B,False,1.1037983258334538,4.23949998371539,1.6099999999999994,0.34999999999999964,0.17380952380952408,16.58670562045448,0.482187,0.26,0.0050000000000000044,-4.25,0.034,0.647834228480185,1.5750602409638788,,,-0.19599999999999995,7.3208344777425225,0.484699,0.020000000000000018,-0.019999999999999907,,0.36715991232536804,-0.001019873109436964,,,0.6034400000000062,-0.11509599999999942,0.0024973499999999538,0.013008177280426025,-0.00024259090423583984,0.013008177280426025,0.010244727134704368,0.013699054718017578,0.0204712860286236,-0.00024259090423583984,-0.00018852949142456055,-0.0002561211585998535,,-0.0026481151580809437,-0.0003957152366640404,-0.0003522634506225586,-0.003222167491912842,-0.007815837860107422,-0.00167122483253479,-0.007335066795349066,-0.0037617087364195667,-0.003611743450164795,-0.0008993744850157581,-0.0016467571258543812,-0.004102945327758789,-0.006031155586242787,-0.00034692883491521664,0.003559201955795288,0.0036485791206360974,True
5ijk_acx_cut_A_T113A,"A,C",5ijk_acx_cut,A_T113A,A,False,1.4436621989967904,4.880685913841475,44.489999999999995,9.129999999999999,6.921250000000001,37.472236348201115,0.69205,0.38,0.024999999999999967,13.21,-0.0050000000000000044,0.6653910420799658,1.6571887550200728,,,-2.3993333333333333,14.530476888020843,0.526529,0.029999999999999916,-0.019999999999999907,,0.5772870041255964,0.044332297401142085,,,0.38173000000000457,-0.13918100000000067,0.005311899999999925,0.0026952624320983887,-0.0006058812141418457,0.0026952624320983887,0.004134654998779186,0.0023354291915893555,-4.832074046140153e-05,-0.0006058812141418457,-0.00027698278427124023,-0.0006881356239318848,,-0.0031774044036864124,-0.0025790929794312634,-0.003281891345977783,-0.0031512975692750134,-0.006284356117248535,-0.0075427293777465265,-0.04516974091529846,-0.040816664695739635,-0.005290806293487549,-0.0013561844825743519,-0.00218278169631958,-0.006067752838134655,-0.008487701416015625,-0.0019543468952178955,-0.01271012425422674,-0.020318984985351674,True
5ijk_acx_cut_A_T113A,"B,C",5ijk_acx_cut,A_T113A,A,False,1.4436621989967904,4.880685913841475,13.989999999999998,2.07,0.35297619047619033,19.405469607382898,0.6523000000000001,0.32000000000000006,0.015000000000000013,7.140000000000001,0.020000000000000018,0.6653910420799658,1.6571887550200728,,,-0.08933333333333371,7.710237593877906,0.511421,0.029999999999999916,-0.019999999999999907,,0.34664620403387747,-0.015138143206789523,,,0.38173000000000457,-0.13918100000000067,0.005311899999999925,0.0026952624320983887,-0.0006058812141418457,0.0026952624320983887,0.004134654998779186,0.0023354291915893555,0.0022712145000697015,-0.0006058812141418457,-0.00027698278427124023,-0.0006881356239318848,,-0.0031774044036864124,-0.0025790929794312634,-0.003281891345977783,-0.0031512975692750134,-0.006284356117248535,-0.0075427293777465265,-0.04516974091529846,-0.03784388303756714,-0.005290806293487549,-0.0013561844825743519,-0.00218278169631958,-0.006067752838134655,-0.008487701416015625,-0.0019543468952178955,-0.01271012425422674,-0.01796656847000111,False
5ifj_abc_cut_B_Y37A,"A,C",5ifj_abc_cut,B_Y37A,B,False,-0.4108682001454165,-0.6813140507348123,1.6199999999999992,0.10999999999999988,-0.6305555555555551,-2.970253851728316,-0.12330699999999994,-0.040000000000000036,-0.0050000000000000044,-2.0700000000000003,-0.034,-0.01480897613854193,-0.060365853658538526,,,0.013392156862745086,-0.5372058363522001,-0.030675000000000008,0.0,0.0,,0.014409850660455525,0.0,,,0.05705399999999372,-0.09821900000000028,0.0002910999999999886,-0.02683156728744507,0.00034940242767333984,-0.02683156728744507,-0.012896895408630482,-0.030315160751342662,-0.0374233238399029,0.00034940242767333984,-0.0003731250762939453,0.0005300641059875488,,-0.0047563910484311744,-0.0014916062355040394,-0.002434849739074596,-0.0053367018699646,-0.010830163955688366,-0.003686010837554987,-0.02765491604804987,-0.016342997550964244,-0.004926621913910023,-0.0002956390380858265,-0.0009807348251342773,-0.005913019180298074,-0.013355910778045654,-0.003416091203689575,-0.04372310638427729,-0.03518319129943859,False
5ifj_abc_cut_B_Y37A,"B,C",5ifj_abc_cut,B_Y37A,B,False,-0.4108682001454165,-0.6813140507348123,6.250000000000001,0.84,0.020833333333333037,-2.8624424565821016,-0.17190400000000006,-0.050000000000000044,-0.0050000000000000044,-1.3200000000000003,0.01100000000000001,-0.01480897613854193,-0.060365853658538526,,,-0.0037651821862347834,-0.7467437292400092,-0.06572800000000001,0.0,0.0,,-0.01271298565486334,-0.021242990105969528,,,0.05705399999999372,-0.09821900000000028,0.0002910999999999886,-0.02683156728744507,0.00034940242767333984,-0.02683156728744507,-0.012896895408630482,-0.030315160751342662,-0.1073275692760944,0.00034940242767333984,-0.0003731250762939453,0.0005300641059875488,,-0.0047563910484311744,-0.0014916062355040394,-0.002434849739074596,-0.0053367018699646,-0.010830163955688366,-0.003686010837554987,-0.02765491604804987,-0.05658268928527832,-0.004926621913910023,-0.0002956390380858265,-0.0009807348251342773,-0.005913019180298074,-0.013355910778045654,-0.003416091203689575,-0.04372310638427729,-0.07620930671691883,True
5ijk_acx_cut_B_Y38A,"A,C",5ijk_acx_cut,B_Y38A,B,False,0.03119465815067457,-0.6305142710424434,-77.25999999999999,-12.55,2.87125,5.137769551612344,-0.036487,-0.010000000000000009,0.0,-53.910000000000004,-0.154,-0.13691714649763753,-0.8904417670682818,,,-0.4285000000000001,-8.794674960049718,-0.21403500000000003,-0.010000000000000009,0.0,,-0.05342796598075342,-0.04045082911976294,,,0.03345000000000198,0.12157799999999952,-0.001808600000000049,-0.011893868446350098,-0.0005102753639221191,-0.011893868446350098,-0.007886886596679799,-0.012895584106445312,-0.010403105057776,-0.0005102753639221191,0.00019735097885120734,-0.0006871223449707031,,-0.00038677453994739874,5.269050598133429e-05,0.00013393163681041376,-0.0005169510841370739,-0.003687560558319203,-0.0006247162818908136,-0.004522055387496893,0.0015442371368407093,-0.0033646821975708008,0.0001431107521058239,-6.85453414915882e-05,-0.004188597202300803,-0.006697952747345193,-2.0176172256525238e-05,-0.0018312931060791016,0.005489766597747803,False
5ijk_acx_cut_B_Y38A,"B,C",5ijk_acx_cut,B_Y38A,B,False,0.03119465815067457,-0.6305142710424434,-37.97,-5.629999999999999,-1.182142857142857,-5.971360928462005,-0.045026,-0.020000000000000018,-0.0050000000000000044,-33.26,-0.11199999999999999,-0.13691714649763753,-0.8904417670682818,,,0.6139999999999999,-12.483333714803052,-0.221163,-0.010000000000000009,0.0,,-0.2454680712146617,0.003312822771776358,,,0.03345000000000198,0.12157799999999952,-0.001808600000000049,-0.011893868446350098,-0.0005102753639221191,-0.011893868446350098,-0.007886886596679799,-0.012895584106445312,-0.0195782035589218,-0.0005102753639221191,0.00019735097885120734,-0.0006871223449707031,,-0.00038677453994739874,5.269050598133429e-05,0.00013393163681041376,-0.0005169510841370739,-0.003687560558319203,-0.0006247162818908136,-0.004522055387496893,0.0016934871673583984,-0.0033646821975708008,0.0001431107521058239,-6.85453414915882e-05,-0.004188597202300803,-0.006697952747345193,-2.0176172256525238e-05,-0.0018312931060791016,0.004996478557586892,True
5ifj_abc_cut_A_W52A,"A,C",5ifj_abc_cut,A_W52A,A,False,-0.41144655958754717,-0.5903322457857598,-40.58,-5.109999999999999,-0.625,-4.402314590754074,-0.1068849999999999,-0.06000000000000005,-0.0050000000000000044,-32.93,-0.024999999999999994,-0.29874066362614915,-0.7196747967479524,,,0.1742745098039209,-2.98027923372058,-0.07023200000000007,-0.010000000000000009,0.009999999999999898,,-0.01211386486509436,0.0017599387629693153,,,-0.729370000000003,0.017511999999999972,-0.007539650000000009,-0.00775015354156483,0.00018274784088134766,-0.00775015354156483,-0.004231154918670654,-0.008629798889160045,-0.022205214947462096,0.00018274784088134766,-0.00039696693420410156,0.00032764673233032227,,-0.0011979341506955787,-0.0016567111015319824,-0.002174556255340354,-0.00095367431640625,-0.0010243058204649769,-0.0014024078845977783,-0.006288975477218572,-0.00023251771926879883,-0.002209007740020863,-0.0032891035079956055,-0.004823088645935059,-0.0015555024147034802,-0.0031058192253112793,-0.008598625659942571,-0.06568863987922668,-0.05223864316940319,True
5ifj_abc_cut_A_W52A,"B,C",5ifj_abc_cut,A_W52A,A,False,-0.41144655958754717,-0.5903322457857598,-22.909999999999997,-3.06,0.006249999999999645,-2.705843934679095,-0.077627,-0.050000000000000044,-0.0050000000000000044,-29.84,0.0050000000000000044,-0.29874066362614915,-0.7196747967479524,,,-0.03621710526315791,-2.9967028166118297,-0.07191500000000006,-0.010000000000000009,0.009999999999999898,,-0.009459358629141157,0.004592551672150669,,,-0.729370000000003,0.017511999999999972,-0.007539650000000009,-0.00775015354156483,0.00018274784088134766,-0.00775015354156483,-0.004231154918670654,-0.008629798889160045,-0.02781174331903459,0.00018274784088134766,-0.00039696693420410156,0.00032764673233032227,,-0.0011979341506955787,-0.0016567111015319824,-0.002174556255340354,-0.00095367431640625,-0.0010243058204649769,-0.0014024078845977783,-0.006288975477218572,-0.002744317054748646,-0.002209007740020863,-0.0032891035079956055,-0.004823088645935059,-0.0015555024147034802,-0.0031058192253112793,-0.008598625659942571,-0.06568863987922668,-0.0407947301864624,False
5ijk_acx_cut_all_A,"A,C",5ijk_acx_cut,all_A,,False,-0.790624344768633,-2.0467262719798924,-55.82,-2.6399999999999997,2.744761904761905,6.64624822885164,-0.008314999999999989,-0.07000000000000006,-0.010000000000000009,-0.15000000000000036,-0.038000000000000006,0.30973984290575896,0.24196787148594012,,,-1.746227272727273,3.542642402648923,0.03869899999999998,0.010000000000000009,-0.009999999999999898,,0.07542363380947997,-0.004636673871006969,,,2.4220650000000035,-1.1743685,0.03075899999999998,-0.003609299659729004,-0.0003204345703125,-0.003609299659729004,-0.0024057626724244274,-0.003910183906555176,0.0029953736811875985,-0.0003204345703125,2.5272369384765625e-05,-0.0004068613052368164,,-0.03764933347702015,-0.0034203529357912377,-0.004472494125366322,-0.04594355821609519,-0.09228253364562988,-0.03431135416030884,-0.2716856300830841,-0.10494780540466309,-0.04204857349395752,-0.00980877876281716,-0.012843251228332409,-0.049349784851074,-0.09220063686370861,-0.0435574352741242,-0.2574302256107331,-0.08749896287918091,True
5ijk_acx_cut_all_A,"B,C",5ijk_acx_cut,all_A,,False,-0.790624344768633,-2.0467262719798924,-1.8300000000000018,-1.94,-1.6845238095238089,-1.2737363876743046,-0.051947999999999994,-0.15999999999999998,-0.019999999999999962,-8.17,-0.0009999999999999731,0.30973984290575896,0.24196787148594012,,,0.010000000000000009,1.8538097199939614,-0.035752000000000006,0.010000000000000009,-0.009999999999999898,,-0.15380467109086993,0.0,,,2.4220650000000035,-1.1743685,0.03075899999999998,-0.003609299659729004,-0.0003204345703125,-0.003609299659729004,-0.0024057626724244274,-0.003910183906555176,-0.0092256758362054,-0.0003204345703125,2.5272369384765625e-05,-0.0004068613052368164,,-0.03764933347702015,-0.0034203529357912377,-0.004472494125366322,-0.04594355821609519,-0.09228253364562988,-0.03431135416030884,-0.2716856300830841,-0.1309232711791991,-0.04204857349395752,-0.00980877876281716,-0.012843251228332409,-0.049349784851074,-0.09220063686370861,-0.0435574352741242,-0.2574302256107331,-0.1201154589653014,True
5ijk_acx_cut_B_K36A,"A,C",5ijk_acx_cut,B_K36A,B,False,0.2663344139610646,0.7161961733367974,-14.36,-5.61,3.2,5.807758552957829,-0.020377,-0.020000000000000018,0.004999999999999949,-19.82,-0.0030000000000000027,0.21454573313333558,0.42899598393574934,,,-0.06433333333333291,1.724287850516177,0.06078399999999995,0.010000000000000009,-0.009999999999999898,,0.0,0.00993086240696539,,,0.6238600000000076,-0.05137099999999961,0.00044295999999999225,0.004124045372009277,-0.0006996393203735352,0.004124045372009277,0.0015508532524107776,0.004767358303070068,0.0036126393824815993,-0.0006996393203735352,0.00012093782424915656,-0.0009047985076904297,,0.0018491744995118298,-0.0008165836334228516,-0.0009928345680235706,0.002559661865234375,0.0003133416175842285,-0.0015936791896820068,-0.007541477680206299,-0.00661700963973999,0.0011401772499084473,-0.0005050897598265491,-0.0008906126022339977,0.0016480088233947754,0.002517998218536377,0.0005425512790679932,0.009731143712997381,0.009992480278015137,False
5ijk_acx_cut_B_K36A,"B,C",5ijk_acx_cut,B_K36A,B,False,0.2663344139610646,0.7161961733367974,7.029999999999998,0.8199999999999998,0.2321428571428572,0.4364661560577616,-0.02155,-0.020000000000000018,0.0,-4.17,0.034,0.21454573313333558,0.42899598393574934,,,-0.2925000000000002,3.352667490641281,0.09691700000000003,0.010000000000000009,-0.009999999999999898,,0.0,0.015477429028030398,,,0.6238600000000076,-0.05137099999999961,0.00044295999999999225,0.004124045372009277,-0.0006996393203735352,0.004124045372009277,0.0015508532524107776,0.004767358303070068,0.009466864168644003,-0.0006996393203735352,0.00012093782424915656,-0.0009047985076904297,,0.0018491744995118298,-0.0008165836334228516,-0.0009928345680235706,0.002559661865234375,0.0003133416175842285,-0.0015936791896820068,-0.007541477680206299,-0.005125284194946178,0.0011401772499084473,-0.0005050897598265491,-0.0008906126022339977,0.0016480088233947754,0.002517998218536377,0.0005425512790679932,0.009731143712997381,0.01067936420440685,True
5ijk_acx_cut_B_Y108A,"A,C",5ijk_acx_cut,B_Y108A,B,False,0.14436380058386122,-0.7973374322317994,-15.810000000000002,-1.5200000000000005,2.3566666666666665,0.1379571835111406,-0.049734999999999994,-0.11000000000000004,0.0,-10.629999999999999,-0.07999999999999999,-0.12099691940452661,-0.704257028112437,,,1.3852499999999996,-2.6398582458496094,-0.04474200000000003,0.0,0.0,,-0.047419207430047405,0.0031644754549520204,,,0.38749599999999873,-0.04334399999999938,0.003107459999999951,-0.010859131813049316,-9.888410568237305e-05,-0.010859131813049316,-0.006921470165252797,-0.011843502521514893,-0.008362759836018101,-9.888410568237305e-05,4.297494888316766e-05,-0.00013428926467895508,,-0.0009619593620299183,-0.002340257167816273,-0.0031870007514953613,-0.0004056692123414196,-0.0029006004333496094,-0.004113435745239202,-0.019973248243331854,-0.017789125442504883,-0.0034508109092713513,-0.0015671849250791237,-0.002384960651397594,-0.003717184066772461,-0.005457878112793191,-0.0010294616222382147,-0.0032891035079956055,-0.0033897757530212402,False
5ijk_acx_cut_B_Y108A,"B,C",5ijk_acx_cut,B_Y108A,B,False,0.14436380058386122,-0.7973374322317994,-14.870000000000005,-3.03,0.05992063492063515,-8.39260371968416,-0.07869799999999999,-0.18,-0.0050000000000000044,-11.39,-0.04899999999999999,-0.12099691940452661,-0.704257028112437,,,0.28971428571428515,-4.666665395100907,-0.063307,0.0,0.0,,0.014078233989399003,0.003614336056533829,,,0.38749599999999873,-0.04334399999999938,0.003107459999999951,-0.010859131813049316,-9.888410568237305e-05,-0.010859131813049316,-0.006921470165252797,-0.011843502521514893,-0.016630480997264302,-9.888410568237305e-05,4.297494888316766e-05,-0.00013428926467895508,,-0.0009619593620299183,-0.002340257167816273,-0.0031870007514953613,-0.0004056692123414196,-0.0029006004333496094,-0.004113435745239202,-0.019973248243331854,-0.017353296279907227,-0.0034508109092713513,-0.0015671849250791237,-0.002384960651397594,-0.003717184066772461,-0.005457878112793191,-0.0010294616222382147,-0.0032891035079956055,-0.004578411579131969,True
5ifj_abc_cut_B_W107A,"A,C",5ifj_abc_cut,B_W107A,B,False,-0.28508328375966663,-0.3150590217420586,1.5399999999999991,-0.04999999999999982,-0.6500000000000004,-2.1459568610399202,-0.1756979999999999,-0.040000000000000036,-0.0050000000000000044,-0.2599999999999998,-0.006000000000000005,-0.17253519730319278,-0.41573170731707876,,,0.19597619047618986,-1.9378341992696448,-0.13808900000000002,0.0,0.0,,-0.014728604609886231,0.0,,,-0.18525000000001057,-0.21469999999999878,0.006245799999999968,-0.025396227836608887,0.00010687112808227539,-0.025396227836608887,-0.011878490447998047,-0.028775572776794323,-0.0308353118598461,0.00010687112808227539,-0.0002320408821105957,0.00019162893295288086,,-0.00027847290039040296,0.0004271864891052246,0.000708460807800404,-0.0005252361297606312,-0.001686096191406028,-0.0005363225936889648,-0.007116764783859253,0.0024611353874207653,-0.0011832714080811657,-0.00020056962966918945,-0.00029569864273060187,-0.0014051198959352806,-0.003983259201050027,-0.0024262070655822754,-0.03724813461303711,-0.04212987422943115,False
5ifj_abc_cut_B_W107A,"B,C",5ifj_abc_cut,B_W107A,B,False,-0.28508328375966663,-0.3150590217420586,-6.229999999999999,-0.9100000000000001,-0.3062500000000006,-1.1663415178591947,-0.153339,-0.06000000000000005,0.0,-0.7599999999999998,-0.03999999999999998,-0.17253519730319278,-0.41573170731707876,,,0.4639912280701757,-1.5350156612809656,-0.10991799999999996,0.0,0.0,,-0.014862100883784812,0.0,,,-0.18525000000001057,-0.21469999999999878,0.006245799999999968,-0.025396227836608887,0.00010687112808227539,-0.025396227836608887,-0.011878490447998047,-0.028775572776794323,-0.1048152670264244,0.00010687112808227539,-0.0002320408821105957,0.00019162893295288086,,-0.00027847290039040296,0.0004271864891052246,0.000708460807800404,-0.0005252361297606312,-0.001686096191406028,-0.0005363225936889648,-0.007116764783859253,-0.015867352485656627,-0.0011832714080811657,-0.00020056962966918945,-0.00029569864273060187,-0.0014051198959352806,-0.003983259201050027,-0.0024262070655822754,-0.03724813461303711,-0.04469287395477284,True
5ig7_abc_cut_B_W107A,"A,C",5ig7_abc_cut,B_W107A,B,False,-0.9890260426994519,-2.76913800265649,-94.78,-20.040000000000003,-0.20312500000000044,-9.395670529312028,-0.6105050000000001,-0.30000000000000004,-0.014999999999999958,-99.35000000000001,-0.11300000000000002,-0.6759551193072908,-2.706707317073196,,,0.010142857142856787,-12.368195533752441,-0.63305,-0.030000000000000027,0.009999999999999898,,-0.32216170081183126,-0.05776342374980803,,,-0.3537640000000124,-0.16037250000000114,0.004317899999999986,-0.02400088310241688,-0.002957165241241455,-0.02400088310241688,-0.01220715045928955,-0.026949286460876465,-0.04293322004377839,-0.002957165241241455,-0.001562178134918324,-0.0033059120178222656,,-0.0018129944801331677,-0.0010092854499818005,-0.0018924474716186523,-0.001793205738067516,-0.003967344760894664,-0.0024214386940001886,-0.016667723655700684,-0.010525882244109996,-0.0011606216430664062,0.0006402134895324707,0.0006312131881714977,-0.0016085505485535778,-0.00396728515625,0.0005832910537719171,-0.018436372280120794,-0.01697528362274181,False
5ig7_abc_cut_B_W107A,"B,C",5ig7_abc_cut,B_W107A,B,False,-0.9890260426994519,-2.76913800265649,-146.07,-16.99,-0.048181818181818103,-14.469694327489293,-0.648262,-0.33000000000000007,-0.010000000000000009,-119.9,-0.146,-0.6759551193072908,-2.706707317073196,,,-0.24739583333333282,-17.7000003390842,-0.624374,-0.030000000000000027,0.009999999999999898,,-0.03449826767845965,-0.050983721449603725,,,-0.3537640000000124,-0.16037250000000114,0.004317899999999986,-0.02400088310241688,-0.002957165241241455,-0.02400088310241688,-0.01220715045928955,-0.026949286460876465,-0.1019553132355214,-0.002957165241241455,-0.001562178134918324,-0.0033059120178222656,,-0.0018129944801331677,-0.0010092854499818005,-0.0018924474716186523,-0.001793205738067516,-0.003967344760894664,-0.0024214386940001886,-0.016667723655700684,-0.038487613201141246,-0.0011606216430664062,0.0006402134895324707,0.0006312131881714977,-0.0016085505485535778,-0.00396728515625,0.0005832910537719171,-0.018436372280120794,-0.058353066444397084,True
5ig7_abc_cut_B_V38A,"A,C",5ig7_abc_cut,B_V38A,B,False,0.032031198360763735,0.19374492894677076,0.47000000000000064,0.039999999999999813,-0.031696428571428736,-0.27767061352092526,-0.010008000000000017,-0.010000000000000009,0.0,-1.0,0.0050000000000000044,-0.021339645713530864,-0.07475609756097867,,,0.0349999999999997,-0.27437591552734375,-0.011087000000000069,0.0,0.0,,0.0,-0.03928841442284581,,,-0.1780300000000068,0.06141299999999994,-0.0018105000000000482,-0.021364927291870006,-0.0030488967895507812,-0.021364927291870006,-0.009338438510894775,-0.02437150478363037,-0.0355942957103252,-0.0030488967895507812,-0.0019696950912475586,-0.0033187270164489746,,-0.002098858356475941,-0.00038689374923717157,-0.0009869933128358044,-0.0023767948150633655,-0.004474461078643577,-0.0013334751129149836,-0.012882769107818604,-0.009137094020843395,-0.0015208721160888672,0.0008137226104736328,0.0010515451431274414,-0.0021639466285707787,-0.004661500453949197,0.00030601024627679996,-0.022079348564147894,-0.02040863037109386,False
5ig7_abc_cut_B_V38A,"B,C",5ig7_abc_cut,B_V38A,B,False,0.032031198360763735,0.19374492894677076,-5.97,-0.7999999999999999,-0.02750000000000008,-0.028562873141538603,-0.006489999999999996,0.0,0.0,-1.5600000000000005,0.0010000000000000009,-0.021339645713530864,-0.07475609756097867,,,-0.04302083333333284,-0.17257054646809422,-0.012391000000000041,0.0,0.0,,0.0,-0.004442407200632381,,,-0.1780300000000068,0.06141299999999994,-0.0018105000000000482,-0.021364927291870006,-0.0030488967895507812,-0.021364927291870006,-0.009338438510894775,-0.02437150478363037,-0.09802170656621459,-0.0030488967895507812,-0.0019696950912475586,-0.0033187270164489746,,-0.002098858356475941,-0.00038689374923717157,-0.0009869933128358044,-0.0023767948150633655,-0.004474461078643577,-0.0013334751129149836,-0.012882769107818604,-0.03670185804367043,-0.0015208721160888672,0.0008137226104736328,0.0010515451431274414,-0.0021639466285707787,-0.004661500453949197,0.00030601024627679996,-0.022079348564147894,-0.05576092004776001,True
5ifj_abc_cut_A_K110A,"A,C",5ifj_abc_cut,A_K110A,A,False,-0.19684546235706257,-0.5326819278929378,-4.899999999999999,-1.27,-0.4083333333333332,-2.679514836936832,-0.01856099999999994,0.0,-0.0050000000000000044,-4.890000000000001,0.0030000000000000027,-0.00024605063123850357,0.07776422764229096,,,0.027166666666666117,-0.4148073563209067,-0.021712000000000065,0.0,0.0,,0.0214057852042826,0.0,,,-0.07186000000000092,-0.06680399999999942,0.0010654999999999415,-0.0024132132530212402,-4.38690185546875e-05,-0.0024132132530212402,-0.001509249210357666,-0.0026391148567198597,-0.0008986517786979953,-4.38690185546875e-05,-0.00032079219818115234,2.5391578674316406e-05,,-6.574392318714484e-05,-0.0003676414489746094,-0.00041145086288441046,2.0802021026611328e-05,0.00035029649734519275,0.00021630525588983707,0.0072721838951111395,0.016344845294952393,-0.0007572174072267845,0.0007607340812681995,0.0008601546287537731,-0.001161634922027699,-0.002086937427520863,0.0019489526748657227,0.0026517808437347967,0.002841830253600963,True
5ifj_abc_cut_A_K110A,"B,C",5ifj_abc_cut,A_K110A,A,False,-0.19684546235706257,-0.5326819278929378,-5.67,-0.71,-0.1550000000000007,-1.3977070984775537,-0.018703000000000025,-0.010000000000000009,0.0,-4.379999999999999,-0.0009999999999999731,-0.00024605063123850357,0.07776422764229096,,,-0.009473684210526079,-0.10792345192000141,-0.021467000000000014,0.0,0.0,,-0.008625929983132608,0.0,,,-0.07186000000000092,-0.06680399999999942,0.0010654999999999415,-0.0024132132530212402,-4.38690185546875e-05,-0.0024132132530212402,-0.001509249210357666,-0.0026391148567198597,-0.009409457445144598,-4.38690185546875e-05,-0.00032079219818115234,2.5391578674316406e-05,,-6.574392318714484e-05,-0.0003676414489746094,-0.00041145086288441046,2.0802021026611328e-05,0.00035029649734519275,0.00021630525588983707,0.0072721838951111395,0.006501734256744385,-0.0007572174072267845,0.0007607340812681995,0.0008601546287537731,-0.001161634922027699,-0.002086937427520863,0.0019489526748657227,0.0026517808437347967,-0.00020605325698841437,False
5ig7_abc_cut_A_W52A,"A,C",5ig7_abc_cut,A_W52A,A,False,-0.15837133981095963,-0.14193581686414802,-3.789999999999999,-0.4500000000000002,-0.16383928571428585,-1.0493927549673003,-0.0393,-0.030000000000000027,-0.0050000000000000044,-4.45,0.018000000000000016,0.04862383501883727,0.07597560975609952,,,0.053416666666666224,-0.23682851057786536,-0.027503000000000055,0.0,0.0,,-0.006609128023828292,-0.017325574653738074,,,-0.5782100000000128,0.028214999999999435,-0.0070405599999999735,-0.0370085835456847,-0.002755582332611084,-0.0370085835456847,-0.019119322299957386,-0.0414808988571167,-0.061315321363508694,-0.002755582332611084,-0.0015933513641357422,-0.0030461549758911133,,-0.0015015602111817516,-0.001214444637298806,-0.002198040485382191,-0.001327514648437389,-0.002377927303313987,-0.0030170977115631104,-0.02230432629585266,-0.01929807662963856,-0.0015304088592528187,-0.0013863444328308105,-0.001895129680633545,-0.0014392733573915795,-0.002939462661743164,-0.0014428496360778809,-0.025946915149688665,-0.024102509021759033,True
5ig7_abc_cut_A_W52A,"B,C",5ig7_abc_cut,A_W52A,A,False,-0.15837133981095963,-0.14193581686414802,-4.0200000000000005,-0.5299999999999999,-0.01750000000000007,-0.8206037421361856,-0.03295499999999996,-0.010000000000000009,0.0,-5.24,0.03900000000000001,0.04862383501883727,0.07597560975609952,,,-0.13283333333333291,-0.18650406482171888,-0.007565999999999962,0.0,0.0,,0.0,-0.007124720008616969,,,-0.5782100000000128,0.028214999999999435,-0.0070405599999999735,-0.0370085835456847,-0.002755582332611084,-0.0370085835456847,-0.019119322299957386,-0.0414808988571167,-0.1121363118290902,-0.002755582332611084,-0.0015933513641357422,-0.0030461549758911133,,-0.0015015602111817516,-0.001214444637298806,-0.002198040485382191,-0.001327514648437389,-0.002377927303313987,-0.0030170977115631104,-0.02230432629585266,-0.015953421592712402,-0.0015304088592528187,-0.0013863444328308105,-0.001895129680633545,-0.0014392733573915795,-0.002939462661743164,-0.0014428496360778809,-0.025946915149688665,-0.02167463302612327,False
5ijk_acx_cut_A_I114A,"A,C",5ijk_acx_cut,A_I114A,A,False,-0.09475492330768898,-1.296320932011966,-18.89,0.4900000000000002,4.0053846153846155,5.048743342434186,-0.050452,-0.12000000000000005,-0.0050000000000000044,7.17,-0.08299999999999999,-0.3405070885953463,-1.6048995983935583,,,0.1858749999999998,-10.681189854939774,-0.20989700000000003,-0.010000000000000009,0.0,,-0.0491999523295846,0.0031644754549520204,,,0.3196700000000021,-0.10963399999999979,0.0031772599999999596,-0.0026556849479675293,0.00046962499618530273,-0.0026556849479675293,-0.002324223518371582,-0.0027385354042053223,-0.0017502680420876,0.00046962499618530273,0.00011348724365245477,0.0005586743354797363,,-0.0069866180419919655,-0.0032022595405580834,-0.004172384738922119,-0.007690131664276234,-0.013519763946533203,-0.010252654552459717,-0.0626421570777893,-0.05664718151092529,-0.009517848491668701,-0.002394556999206321,-0.003553450107574352,-0.011008858680724987,-0.01514786481857322,-0.007573068141937311,-0.05156469345092779,-0.05209231376647949,True
5ijk_acx_cut_A_I114A,"B,C",5ijk_acx_cut,A_I114A,A,False,-0.09475492330768898,-1.296320932011966,-64.38,-11.94,0.13769841269841288,-7.829665627162072,-0.07793699999999999,-0.18,-0.0050000000000000044,-20.47,-0.067,-0.3405070885953463,-1.6048995983935583,,,-0.19100000000000006,-8.695832570393875,-0.23957499999999998,-0.010000000000000009,0.0,,0.014078233989399003,0.006778811511485849,,,0.3196700000000021,-0.10963399999999979,0.0031772599999999596,-0.0026556849479675293,0.00046962499618530273,-0.0026556849479675293,-0.002324223518371582,-0.0027385354042053223,-0.001421026885509498,0.00046962499618530273,0.00011348724365245477,0.0005586743354797363,,-0.0069866180419919655,-0.0032022595405580834,-0.004172384738922119,-0.007690131664276234,-0.013519763946533203,-0.010252654552459717,-0.0626421570777893,-0.05943495035171498,-0.009517848491668701,-0.002394556999206321,-0.003553450107574352,-0.011008858680724987,-0.01514786481857322,-0.007573068141937311,-0.05156469345092779,-0.054629504680633434,False
5ijk_acx_cut_B_T113A,"A,C",5ijk_acx_cut,B_T113A,B,False,0.3692972693988792,0.005644290532430318,-0.39000000000000057,2.83,4.493125,12.113709963815971,-0.00190499999999999,0.0,0.004999999999999949,-0.54,-0.091,-0.19482395445234824,-1.1558232931726877,,,-0.37946153846153896,-2.565356969833374,-0.15955400000000003,-0.010000000000000009,0.0,,-0.028596220724159738,-0.001692187671655243,,,0.2625500000000045,-0.07041300000000028,0.0015889999999999516,0.005121409893035889,0.00036460161209106445,0.005121409893035889,0.0032799243926999733,0.0055817365646362305,0.005331367254257199,0.00036460161209106445,6.616115570079462e-05,0.0004392266273498535,,-0.001272737979888805,-0.00019478797912608758,-5.728006362915039e-05,-0.0015766620635988549,-0.004388630390167236,-0.0010922551155090332,-0.005823582410812378,-0.005870819091796875,-0.002174079418182373,-0.0006905794143675648,-0.0008993744850159802,-0.0024927258491516113,-0.0032612085342408337,-0.00019916892051702328,0.0018251538276671808,-0.0011840462684632458,False
5ijk_acx_cut_B_T113A,"B,C",5ijk_acx_cut,B_T113A,B,False,0.3692972693988792,0.005644290532430318,-8.39,-1.8599999999999999,0.2321428571428572,-1.719030005156796,-0.02306599999999999,-0.06999999999999995,0.0,-7.34,-0.08799999999999997,-0.19482395445234824,-1.1558232931726877,,,-0.33099999999999996,-9.082332738240552,-0.20652199999999998,-0.010000000000000009,0.0,,0.0198468190999761,0.0,,,0.2625500000000045,-0.07041300000000028,0.0015889999999999516,0.005121409893035889,0.00036460161209106445,0.005121409893035889,0.0032799243926999733,0.0055817365646362305,0.0160543434321881,0.00036460161209106445,6.616115570079462e-05,0.0004392266273498535,,-0.001272737979888805,-0.00019478797912608758,-5.728006362915039e-05,-0.0015766620635988549,-0.004388630390167236,-0.0010922551155090332,-0.005823582410812378,-0.0034486055374143287,-0.002174079418182373,-0.0006905794143675648,-0.0008993744850159802,-0.0024927258491516113,-0.0032612085342408337,-0.00019916892051702328,0.0018251538276671808,-0.003002345561981201,True
5ijk_acx_cut_B_Y31A,"A,C",5ijk_acx_cut,B_Y31A,B,False,0.3933065595716192,2.107159177053532,24.45,3.56,5.327500000000001,19.65415551848718,-0.030851999999999997,-0.010000000000000009,0.009999999999999953,-16.77,-0.24300000000000002,0.06869744036386471,-0.3830120481927679,,,-1.2047500000000002,-3.3468566894531193,-0.18610200000000002,0.0,0.0,,0.1300994740813366,0.01885492338507022,,,-0.051034000000001356,0.013889999999999958,0.0012489999999999446,-0.01306307315826416,-4.887580871582031e-05,-0.01306307315826416,-0.008797883987426869,-0.014129340648651123,-0.0101930871605873,-4.887580871582031e-05,0.00011706352233875617,-9.036064147949219e-05,,-0.0003904104232788086,0.00011503696441639288,0.000261843204498291,-0.000553429126739613,-0.0043367743492127575,-0.0005467534065246027,-0.005665898323059082,-0.005602180957794078,-0.002408146858215332,-0.0009935498237607643,-0.0016213655471801758,-0.0026047825813292347,-0.004598736763000599,-0.0004170238971710205,-0.000797271728515625,-0.00017607212066639288,False
5ijk_acx_cut_B_Y31A,"B,C",5ijk_acx_cut,B_Y31A,B,False,0.3933065595716192,2.107159177053532,-69.95,-9.34,0.1847744360902257,2.9527191320858464,-0.037659,-0.039999999999999925,0.0,-45.419999999999995,-0.195,0.06869744036386471,-0.3830120481927679,,,-0.5409999999999999,-12.521904445829847,-0.202789,0.0,0.0,,0.2622152884205291,-0.022902332615784893,,,-0.051034000000001356,0.013889999999999958,0.0012489999999999446,-0.01306307315826416,-4.887580871582031e-05,-0.01306307315826416,-0.008797883987426869,-0.014129340648651123,-0.0187505884096026,-4.887580871582031e-05,0.00011706352233875617,-9.036064147949219e-05,,-0.0003904104232788086,0.00011503696441639288,0.000261843204498291,-0.000553429126739613,-0.0043367743492127575,-0.0005467534065246027,-0.005665898323059082,-0.004424810409545787,-0.002408146858215332,-0.0009935498237607643,-0.0016213655471801758,-0.0026047825813292347,-0.004598736763000599,-0.0004170238971710205,-0.000797271728515625,0.00066131353378307,True
5ijk_acx_cut_A_R55A,"A,C",5ijk_acx_cut,A_R55A,A,False,0.07524072192383935,-0.6687669555735312,-56.330000000000005,-7.180000000000001,3.444166666666667,0.965674532479639,-0.05137699999999999,-0.13000000000000006,0.0,-27.65,-0.10900000000000001,-0.22396154900727483,-1.0491566265060044,,,0.2408750000000004,-8.285079108344178,-0.11634300000000003,-0.010000000000000009,0.0,,-0.05273460113349451,0.0031644754549520204,,,0.3687350000000009,-0.11515499999999967,0.003822499999999951,-0.013665080070495605,0.00045055150985717773,-0.013665080070495605,-0.007452189922332875,-0.01521831750869751,-0.0082620726898313,0.00045055150985717773,0.00035750865936279297,0.0004737973213195801,,-0.004619479179382213,-0.0021489262580872692,-0.0028562545776367188,-0.005060315132141224,-0.008369684219360352,-0.009143590927124023,-0.0679134726524353,-0.050166547298431396,-0.009792745113372803,-0.004773318767547607,-0.0066468119621275745,-0.01057910919189442,-0.015004873275756947,-0.01187890768051153,-0.07956510782241821,-0.05880248546600342,True
5ijk_acx_cut_A_R55A,"B,C",5ijk_acx_cut,A_R55A,A,False,0.07524072192383935,-0.6687669555735312,-6.850000000000001,-1.6400000000000001,0.23769841269841274,-10.666036977140806,-0.076901,-0.16999999999999998,-0.0050000000000000044,-11.64,-0.07600000000000001,-0.22396154900727483,-1.0491566265060044,,,-0.30242857142857127,-6.462085088094071,-0.136616,-0.010000000000000009,0.0,,0.016723814117665436,0.0006333758305281378,,,0.3687350000000009,-0.11515499999999967,0.003822499999999951,-0.013665080070495605,0.00045055150985717773,-0.013665080070495605,-0.007452189922332875,-0.01521831750869751,-0.014080989174544799,0.00045055150985717773,0.00035750865936279297,0.0004737973213195801,,-0.004619479179382213,-0.0021489262580872692,-0.0028562545776367188,-0.005060315132141224,-0.008369684219360352,-0.009143590927124023,-0.0679134726524353,-0.04658931493759155,-0.009792745113372803,-0.004773318767547607,-0.0066468119621275745,-0.01057910919189442,-0.015004873275756947,-0.01187890768051153,-0.07956510782241821,-0.057754039764404186,False
