metric,p_value,effect_size_rbc,n_binder,n_ala
af3_pae,0.09252322629931738,-0.4482758620689655,6,29
af3_ptm,0.1315498034850443,0.39655172413793105,6,29
esmfold_pae,0.17240198132038737,-0.367816091954023,6,29
af3_plddt,0.25333546908499466,0.31034482758620685,6,29
pred_lddt,0.28286018809464997,-0.28735632183908044,6,29
esmfold_ptm,0.3336910717366125,0.26436781609195403,6,29
boltz_template_plddt,0.45358806279109876,0.2068965517241379,6,29
boltz_free_ptm,0.4800487937110327,-0.1954022988505748,6,29
af3_pyros_binder_score,0.4800487937110327,0.1954022988505747,6,29
boltz_template_ipde,0.5072660735848591,0.1839080459770115,6,29
boltz_template_confidence_score,0.5072660735848591,0.1839080459770115,6,29
boltz_template_iptm,0.5072660735848591,-0.1839080459770115,6,29
pred_ilddt,0.5256001772930661,0.1724137931034483,6,29
boltz_template_iplddt,0.535249759727938,0.1724137931034483,6,29
cf_ipae,0.5639296187683284,0.16091954022988508,6,29
boltz_free_plddt,0.5639296187683284,0.16091954022988508,6,29
boltz_free_per_chain_pair_iptm,0.5933093471992902,0.14942528735632188,6,29
boltz_free_iptm,0.6233174794844624,-0.13793103448275867,6,29
af3_ipae,0.6233174794844624,-0.13793103448275867,6,29
cf_plddt,0.6539478548017447,0.12643678160919536,6,29
boltz_template_per_chain_pair_iptm,0.6539478548017447,-0.12643678160919536,6,29
boltz_free_confidence_score,0.6539478548017447,0.12643678160919536,6,29
boltz_free_iplddt,0.6539478548017447,0.12643678160919536,6,29
boltz_template_ptm,0.685122846792676,-0.11494252873563227,6,29
boltz_free_ipde,0.685122846792676,-0.11494252873563227,6,29
af3_interface_dG,0.7168362946351561,-0.10344827586206895,6,29
cf_pae,0.7489994824909436,-0.09195402298850586,6,29
chai_constrained_ptm,0.7816025530446783,-0.08045977011494254,6,29
af3_interface_dG_SASA_ratio,0.7816025530446783,-0.08045977011494254,6,29
af3_iplddt,0.7816025530446783,0.08045977011494254,6,29
chai_constrained_iptm,0.8145580226225387,0.06896551724137934,6,29
cf_ptm,0.7767914744959474,0.06896551724137934,6,29
boltz_free_pde,0.8145580226225387,-0.06896551724137923,6,29
esmfold_plddt,0.8145580226225387,-0.06896551724137923,6,29
chai_unconstrained_interface_iptm,0.8478461765938047,0.05747126436781613,6,29
chai_unconstrained_ptm,0.8813758347913946,0.04597701149425293,6,29
cf_iplddt,0.9151309790778481,-0.034482758620689724,6,29
chai_constrained_aggregate_score,0.9151309790778481,0.03448275862068961,6,29
chai_unconstrained_score,0.9151309790778481,0.03448275862068961,6,29
chai_constrained_score,0.9151309790778481,0.03448275862068961,6,29
chai_unconstrained_aggregate_score,0.9151309790778481,0.03448275862068961,6,29
chai_unconstrained_iptm,0.9151309790778481,0.03448275862068961,6,29
af3_iptm,0.9300632016634828,0.028735632183908066,6,29
af3_ipsae,0.9490118041351437,-0.02298850574712641,6,29
boltz_template_pde,0.9490118041351437,0.02298850574712641,6,29
cf_af3_rmsd,0.9476502590725279,-0.02298850574712641,6,29
cf_iptm,0.9620164882385269,0.017241379310344862,6,29
cf_ipsae,1.0,0.0,6,29
