sample,af3_pae_mean,af3_pae_max,af3_pae_min,af3_plddt_mean,af3_plddt_max,af3_plddt_min,af3_interface_dG_mean,af3_interface_dG_max,af3_interface_dG_min,af3_interface_dG_SASA_ratio_mean,af3_interface_dG_SASA_ratio_max,af3_interface_dG_SASA_ratio_min,af3_ipae_mean,af3_ipae_max,af3_ipae_min,af3_iplddt_mean,af3_iplddt_max,af3_iplddt_min,af3_ipsae_mean,af3_ipsae_max,af3_ipsae_min,af3_iptm_mean,af3_iptm_max,af3_iptm_min,af3_ptm_mean,af3_ptm_max,af3_ptm_min,af3_pyros_binder_score_mean,af3_pyros_binder_score_max,af3_pyros_binder_score_min,cf_af3_rmsd_mean,cf_af3_rmsd_max,cf_af3_rmsd_min,cf_pae_mean,cf_pae_max,cf_pae_min,cf_plddt_mean,cf_plddt_max,cf_plddt_min,cf_interface_dG_mean,cf_interface_dG_max,cf_interface_dG_min,cf_interface_dG_SASA_ratio_mean,cf_interface_dG_SASA_ratio_max,cf_interface_dG_SASA_ratio_min,cf_ipae_mean,cf_ipae_max,cf_ipae_min,cf_iplddt_mean,cf_iplddt_max,cf_iplddt_min,cf_ipsae_mean,cf_ipsae_max,cf_ipsae_min,cf_iptm_mean,cf_iptm_max,cf_iptm_min,cf_ptm_mean,cf_ptm_max,cf_ptm_min,cf_pyros_binder_score_mean,cf_pyros_binder_score_max,cf_pyros_binder_score_min,pred_ilddt_mean,pred_ilddt_max,pred_ilddt_min,pred_lddt_mean,pred_lddt_max,pred_lddt_min,esmfold_ipae_mean,esmfold_ipae_max,esmfold_ipae_min,esmfold_iplddt_mean,esmfold_iplddt_max,esmfold_iplddt_min,esmfold_plddt_mean,esmfold_plddt_max,esmfold_plddt_min,esmfold_pae_mean,esmfold_pae_max,esmfold_pae_min,esmfold_ptm_mean,esmfold_ptm_max,esmfold_ptm_min,chai_unconstrained_score_mean,chai_unconstrained_score_max,chai_unconstrained_score_min,chai_constrained_score_mean,chai_constrained_score_max,chai_constrained_score_min,chai_unconstrained_aggregate_score_mean,chai_unconstrained_aggregate_score_max,chai_unconstrained_aggregate_score_min,chai_unconstrained_ptm_mean,chai_unconstrained_ptm_max,chai_unconstrained_ptm_min,chai_unconstrained_iptm_mean,chai_unconstrained_iptm_max,chai_unconstrained_iptm_min,chai_unconstrained_interface_iptm_mean,chai_unconstrained_interface_iptm_max,chai_unconstrained_interface_iptm_min,chai_constrained_aggregate_score_mean,chai_constrained_aggregate_score_max,chai_constrained_aggregate_score_min,chai_constrained_ptm_mean,chai_constrained_ptm_max,chai_constrained_ptm_min,chai_constrained_iptm_mean,chai_constrained_iptm_max,chai_constrained_iptm_min,chai_constrained_interface_iptm_mean,chai_constrained_interface_iptm_max,chai_constrained_interface_iptm_min,boltz_free_confidence_score_mean,boltz_free_confidence_score_max,boltz_free_confidence_score_min,boltz_free_ptm_mean,boltz_free_ptm_max,boltz_free_ptm_min,boltz_free_iptm_mean,boltz_free_iptm_max,boltz_free_iptm_min,boltz_free_plddt_mean,boltz_free_plddt_max,boltz_free_plddt_min,boltz_free_iplddt_mean,boltz_free_iplddt_max,boltz_free_iplddt_min,boltz_free_pde_mean,boltz_free_pde_max,boltz_free_pde_min,boltz_free_ipde_mean,boltz_free_ipde_max,boltz_free_ipde_min,boltz_free_per_chain_pair_iptm_mean,boltz_free_per_chain_pair_iptm_max,boltz_free_per_chain_pair_iptm_min,boltz_template_confidence_score_mean,boltz_template_confidence_score_max,boltz_template_confidence_score_min,boltz_template_ptm_mean,boltz_template_ptm_max,boltz_template_ptm_min,boltz_template_iptm_mean,boltz_template_iptm_max,boltz_template_iptm_min,boltz_template_plddt_mean,boltz_template_plddt_max,boltz_template_plddt_min,boltz_template_iplddt_mean,boltz_template_iplddt_max,boltz_template_iplddt_min,boltz_template_pde_mean,boltz_template_pde_max,boltz_template_pde_min,boltz_template_ipde_mean,boltz_template_ipde_max,boltz_template_ipde_min,boltz_template_per_chain_pair_iptm_mean,boltz_template_per_chain_pair_iptm_max,boltz_template_per_chain_pair_iptm_min,base,group,mut_chain,mutation,mut_pos
5ifj_abc_cut,2.5938826095578027,2.5938826095578027,2.5938826095578027,95.4046655791191,95.4046655791191,95.4046655791191,14.690000000000001,16.5,12.88,1.855,1.98,1.73,1.99375,2.25,1.7374999999999996,95.03672506671619,95.27610187750702,94.79734825592536,0.788184,0.788862,0.787506,0.92,0.93,0.91,0.48,0.48,0.48,-11.875,-11.32,-12.43,0.16,0.171,0.149,2.6256566858351507,2.6256566858351507,2.6256566858351507,97.35142276422764,97.35142276422764,97.35142276422764,,,,,,,1.9877543859649125,2.298666666666667,1.676842105263158,96.48993518477992,96.76736932051809,96.21250104904176,0.730476,0.7358,0.725152,0.92,0.92,0.92,0.94,0.94,0.94,,,,0.8493262119514429,0.8536391769430092,0.8450132469598766,0.8615162377255612,0.8615162377255612,0.8615162377255612,,,,,,,79.12507,79.12507,79.12507,12.000676,12.000676,12.000676,0.7441933,0.7441933,0.7441933,0.9129493236541748,0.9129493236541748,0.9129493236541748,0.8814582228660583,0.8814582228660583,0.8814582228660583,0.9129493236541748,0.9129493236541748,0.9129493236541748,0.9553803205490112,0.9553803205490112,0.9553803205490112,0.9023414850234984,0.9023414850234984,0.9023414850234984,0.10512035340070719,0.1322487741708755,0.0779919326305389,0.8814582228660583,0.8814582228660583,0.8814582228660583,0.9432916641235352,0.9432916641235352,0.9432916641235352,0.8659998178482056,0.8659998178482056,0.8659998178482056,,,,0.984170377254486,0.984170377254486,0.984170377254486,0.9902440309524536,0.9902440309524536,0.9902440309524536,0.986376404762268,0.986376404762268,0.986376404762268,0.9836187958717346,0.9836187958717346,0.9836187958717346,0.981977880001068,0.981977880001068,0.981977880001068,0.2558032572269439,0.2558032572269439,0.2558032572269439,0.2842845022678375,0.2842845022678375,0.2842845022678375,0.9408783614635468,0.9456171989440918,0.9361395239830016,0.9854244589805604,0.9854244589805604,0.9854244589805604,0.990513801574707,0.990513801574707,0.990513801574707,0.9869011044502258,0.9869011044502258,0.9869011044502258,0.9850552678108216,0.9850552678108216,0.9850552678108216,0.985219955444336,0.985219955444336,0.985219955444336,0.2569296061992645,0.2569296061992645,0.2569296061992645,0.2780168354511261,0.2780168354511261,0.2780168354511261,0.9600364863872528,0.9633243083953856,0.95674866437912,5ifj_abc_cut,binder,,,
5ifj_abc_cut_A_D111A,2.815847048714389,2.815847048714389,2.815847048714389,95.2828540305011,95.2828540305011,95.2828540305011,13.225000000000001,15.9,10.55,1.7449999999999999,2.09,1.4,2.1000000000000005,2.45,1.7500000000000004,94.73077479381382,94.94049157953629,94.52105800809134,0.7652950000000001,0.776109,0.754481,0.91,0.92,0.9,0.4775,0.48,0.475,-13.63,-12.21,-15.05,0.18,0.186,0.174,2.7665581003371007,2.7665581003371007,2.7665581003371007,97.03947154471544,97.03947154471544,97.03947154471544,,,,,,,2.2092261904761905,2.5942857142857143,1.8241666666666667,95.82927881876627,96.17388916015624,95.4846684773763,0.7105175,0.716109,0.704926,0.92,0.92,0.92,0.94,0.94,0.94,,,,0.8444454972205169,0.8450132469598766,0.8438777474811572,0.8508947426725764,0.8615162377255612,0.8402732476195917,,,,,,,79.15095,79.15095,79.15095,12.12591,12.12591,12.12591,0.7405139,0.7405139,0.7405139,0.9117957949638368,0.9117957949638368,0.9117957949638368,0.8818255066871643,0.8818255066871643,0.8818255066871643,0.9117957949638368,0.9117957949638368,0.9117957949638368,0.954572856426239,0.954572856426239,0.954572856426239,0.901101529598236,0.901101529598236,0.901101529598236,0.10443420335650441,0.1318671703338623,0.0770012363791465,0.8818255066871643,0.8818255066871643,0.8818255066871643,0.9433414936065674,0.9433414936065674,0.9433414936065674,0.8664464950561523,0.8664464950561523,0.8664464950561523,,,,0.9803353548049928,0.9803353548049928,0.9803353548049928,0.9902048707008362,0.9902048707008362,0.9902048707008362,0.9860971570014954,0.9860971570014954,0.9860971570014954,0.9788948893547058,0.9788948893547058,0.9788948893547058,0.9730408787727356,0.9730408787727356,0.9730408787727356,0.2553693652153015,0.2553693652153015,0.2553693652153015,0.2821274995803833,0.2821274995803833,0.2821274995803833,0.942872554063797,0.9461795091629028,0.9395655989646912,0.981483280658722,0.981483280658722,0.981483280658722,0.9911813735961914,0.9911813735961914,0.9911813735961914,0.9875634908676147,0.9875634908676147,0.9875634908676147,0.97996324300766,0.97996324300766,0.97996324300766,0.9754877686500548,0.9754877686500548,0.9754877686500548,0.256625235080719,0.256625235080719,0.256625235080719,0.2898704707622528,0.2898704707622528,0.2898704707622528,0.9438410401344299,0.9491904377937316,0.9384916424751282,5ifj_abc_cut,ala_scan,A,D111A,D111
5ifj_abc_cut_A_K110A,2.7907280719148653,2.7907280719148653,2.7907280719148653,94.87198365122616,94.87198365122616,94.87198365122616,19.975,21.4,18.55,2.8449999999999998,3.25,2.44,2.2754166666666666,2.658333333333333,1.8925000000000003,92.998114099009,93.87839477902946,92.11783341898852,0.769552,0.770301,0.768803,0.915,0.92,0.91,0.4775,0.48,0.475,-7.24,-6.43,-8.05,0.15899999999999997,0.172,0.146,2.625902736466389,2.625902736466389,2.625902736466389,97.42918699186993,97.42918699186993,97.42918699186993,,,,,,,1.9966008771929826,2.325833333333333,1.6673684210526318,96.22856978065947,96.65944586859808,95.79769369272086,0.7088865,0.714333,0.70344,0.92,0.92,0.92,0.94,0.94,0.94,,,,0.8557161395620179,0.8664190321641592,0.8450132469598766,0.8615162377255612,0.8615162377255612,0.8615162377255612,,,,,,,79.19693,79.19693,79.19693,12.06748,12.06748,12.06748,0.7431278,0.7431278,0.7431278,0.9105361104011536,0.9105361104011536,0.9105361104011536,0.8814143538475037,0.8814143538475037,0.8814143538475037,0.9105361104011536,0.9105361104011536,0.9105361104011536,0.9538710713386536,0.9538710713386536,0.9538710713386536,0.8997023701667786,0.8997023701667786,0.8997023701667786,0.0999662987887859,0.1228393167257309,0.0770932808518409,0.8814143538475037,0.8814143538475037,0.8814143538475037,0.942970871925354,0.942970871925354,0.942970871925354,0.8660252094268799,0.8660252094268799,0.8660252094268799,,,,0.9841046333312988,0.9841046333312988,0.9841046333312988,0.989876389503479,0.989876389503479,0.989876389503479,0.9859649538993835,0.9859649538993835,0.9859649538993835,0.9836395978927612,0.9836395978927612,0.9836395978927612,0.9823281764984132,0.9823281764984132,0.9823281764984132,0.2555869519710541,0.2555869519710541,0.2555869519710541,0.2770123183727264,0.2770123183727264,0.2770123183727264,0.9523016512393951,0.952484369277954,0.9521189332008362,0.9846672415733336,0.9846672415733336,0.9846672415733336,0.9912745356559752,0.9912745356559752,0.9912745356559752,0.9877612590789796,0.9877612590789796,0.9877612590789796,0.983893632888794,0.983893632888794,0.983893632888794,0.9831330180168152,0.9831330180168152,0.9831330180168152,0.2549806535243988,0.2549806535243988,0.2549806535243988,0.2753650546073913,0.2753650546073913,0.2753650546073913,0.9613543748855591,0.9631182551383972,0.959590494632721,5ifj_abc_cut,ala_scan,A,K110A,K110
5ifj_abc_cut_A_S64A,2.539445766408884,2.539445766408884,2.539445766408884,95.61323721436344,95.61323721436344,95.61323721436344,14.595,23.78,5.41,1.81,2.92,0.7,2.0721875,2.434375,1.7099999999999995,94.81392735782052,95.36109167824593,94.2667630373951,0.7789615000000001,0.782671,0.775252,0.91,0.92,0.9,0.48,0.48,0.48,-9.12,-3.82,-14.42,0.16449999999999998,0.173,0.156,2.8225680811686167,2.8225680811686167,2.8225680811686167,96.92325203252034,96.92325203252034,96.92325203252034,,,,,,,2.113370535714286,2.421428571428572,1.8053125,93.92343783378602,93.96187448501588,93.88500118255617,0.5734950000000001,0.587497,0.559493,0.92,0.92,0.92,0.94,0.94,0.94,,,,0.8133614430767113,0.8282678403906858,0.7984550457627368,0.8536806606724814,0.8599633537167541,0.8473979676282086,24.55844593048096,24.55844593048096,24.55844593048096,56.5517578125,56.5517578125,56.5517578125,79.06552,79.06552,79.06552,11.9068365,11.9068365,11.9068365,0.74598193,0.74598193,0.74598193,0.9115130305290222,0.9115130305290222,0.9115130305290222,0.8813894987106323,0.8813894987106323,0.8813894987106323,0.9115130305290222,0.9115130305290222,0.9115130305290222,0.9544694423675536,0.9544694423675536,0.9544694423675536,0.9007739424705504,0.9007739424705504,0.9007739424705504,0.1031023263931274,0.131122350692749,0.0750823020935058,0.8813894987106323,0.8813894987106323,0.8813894987106323,0.9430325031280518,0.9430325031280518,0.9430325031280518,0.8659787178039551,0.8659787178039551,0.8659787178039551,,,,0.9838612675666808,0.9838612675666808,0.9838612675666808,0.9903714060783386,0.9903714060783386,0.9903714060783386,0.986671507358551,0.986671507358551,0.986671507358551,0.9831587076187134,0.9831587076187134,0.9831587076187134,0.9811006784439088,0.9811006784439088,0.9811006784439088,0.2572363018989563,0.2572363018989563,0.2572363018989563,0.2948831617832184,0.2948831617832184,0.2948831617832184,0.9366534948349,0.9425990581512452,0.9307079315185548,0.9848098754882812,0.9848098754882812,0.9848098754882812,0.9895773530006408,0.9895773530006408,0.9895773530006408,0.9854161143302916,0.9854161143302916,0.9854161143302916,0.9846583604812622,0.9846583604812622,0.9846583604812622,0.9838499426841736,0.9838499426841736,0.9838499426841736,0.2586041092872619,0.2586041092872619,0.2586041092872619,0.2951000034809112,0.2951000034809112,0.2951000034809112,0.9389222264289856,0.9449360966682434,0.9329083561897278,5ifj_abc_cut,ala_scan,A,S64A,S64
5ifj_abc_cut_A_W52A,3.00532916914535,3.00532916914535,3.00532916914535,94.81433333333334,94.81433333333334,94.81433333333334,46.435,57.08,35.79,5.9399999999999995,7.09,4.79,2.303125,2.875,1.73125,91.4826458039996,92.57025794282792,90.39503366517128,0.6959280000000001,0.709879,0.681977,0.865,0.88,0.85,0.475,0.475,0.475,19.509999999999998,21.61,17.41,0.16999999999999998,0.174,0.166,2.9243973494613,2.9243973494613,2.9243973494613,96.63174796747968,96.63174796747968,96.63174796747968,,,,,,,2.056783088235294,2.472941176470588,1.640625,93.50144415961373,93.77066650390626,93.23222181532118,0.6594024999999999,0.663885,0.65492,0.91,0.91,0.91,0.93,0.93,0.93,,,,0.838539600204325,0.844179818313868,0.8328993820947822,0.8646924829431212,0.8661087893977119,0.8632761764885305,,,,,,,79.85444,79.85444,79.85444,11.983164,11.983164,11.983164,0.75173295,0.75173295,0.75173295,0.90519917011261,0.90519917011261,0.90519917011261,0.8816409707069397,0.8816409707069397,0.8816409707069397,0.90519917011261,0.90519917011261,0.90519917011261,0.9511491656303406,0.9511491656303406,0.9511491656303406,0.8937116861343384,0.8937116861343384,0.8937116861343384,0.08011187426745886,0.1044370308518409,0.0557867176830768,0.8816409707069397,0.8816409707069397,0.8816409707069397,0.942894697189331,0.942894697189331,0.942894697189331,0.8663274645805359,0.8663274645805359,0.8663274645805359,,,,0.9829724431037904,0.9829724431037904,0.9829724431037904,0.9885873198509216,0.9885873198509216,0.9885873198509216,0.9842018485069276,0.9842018485069276,0.9842018485069276,0.9826651215553284,0.9826651215553284,0.9826651215553284,0.980953574180603,0.980953574180603,0.980953574180603,0.2572056651115417,0.2572056651115417,0.2572056651115417,0.2905734777450561,0.2905734777450561,0.2905734777450561,0.939389944076538,0.9428728818893432,0.9359070062637328,0.9832154512405396,0.9832154512405396,0.9832154512405396,0.9872246980667114,0.9872246980667114,0.9872246980667114,0.9820780158042908,0.9820780158042908,0.9820780158042908,0.9834997653961182,0.9834997653961182,0.9834997653961182,0.9821141362190248,0.9821141362190248,0.9821141362190248,0.2655282318592071,0.2655282318592071,0.2655282318592071,0.3437054753303528,0.3437054753303528,0.3437054753303528,0.9135197997093201,0.9225295782089232,0.9045100212097168,5ifj_abc_cut,ala_scan,A,W52A,W52
5ifj_abc_cut_A_Y66A,2.701376495472272,2.701376495472272,2.701376495472272,95.3378384279476,95.3378384279476,95.3378384279476,17.485,33.11,1.86,2.305,4.36,0.25,2.2496491228070177,2.7466666666666666,1.7526315789473683,93.42904849904745,94.3056323057263,92.5524646923686,0.763715,0.769603,0.757827,0.895,0.9,0.89,0.48,0.48,0.48,-10.65,-6.37,-14.93,0.16599999999999998,0.187,0.145,2.950894969925309,2.950894969925309,2.950894969925309,96.5032113821138,96.5032113821138,96.5032113821138,,,,,,,2.326604166666667,2.6713333333333336,1.981875,93.0176473645603,93.41000032424928,92.62529440487133,0.553079,0.556308,0.54985,0.91,0.91,0.91,0.94,0.94,0.94,,,,0.7257083298307716,0.7984550457627368,0.6529616138988064,0.8567127128388234,0.8616645850423855,0.8517608406352613,,,,,,,79.95344,79.95344,79.95344,11.874058,11.874058,11.874058,0.7500093,0.7500093,0.7500093,0.9094586372375488,0.9094586372375488,0.9094586372375488,0.8818020224571228,0.8818020224571228,0.8818020224571228,0.9094586372375488,0.9094586372375488,0.9094586372375488,0.9534780383110046,0.9534780383110046,0.9534780383110046,0.8984537124633789,0.8984537124633789,0.8984537124633789,0.0869172234088182,0.1123589500784874,0.061475496739149,0.8818020224571228,0.8818020224571228,0.8818020224571228,0.9430474638938904,0.9430474638938904,0.9430474638938904,0.8664906620979309,0.8664906620979309,0.8664906620979309,,,,0.9835347533226012,0.9835347533226012,0.9835347533226012,0.9894481301307678,0.9894481301307678,0.9894481301307678,0.98507958650589,0.98507958650589,0.98507958650589,0.983148455619812,0.983148455619812,0.983148455619812,0.9812802672386168,0.9812802672386168,0.9812802672386168,0.2576912343502044,0.2576912343502044,0.2576912343502044,0.2974461019039154,0.2974461019039154,0.2974461019039154,0.9335379004478455,0.9400945901870728,0.9269812107086182,0.9842482805252076,0.9842482805252076,0.9842482805252076,0.9885780811309814,0.9885780811309814,0.9885780811309814,0.9839618802070618,0.9839618802070618,0.9839618802070618,0.984319806098938,0.984319806098938,0.984319806098938,0.9835054874420166,0.9835054874420166,0.9835054874420166,0.2600706219673157,0.2600706219673157,0.2600706219673157,0.305202305316925,0.305202305316925,0.305202305316925,0.9355911016464233,0.9423363208770752,0.9288458824157716,5ifj_abc_cut,ala_scan,A,Y66A,Y66
5ifj_abc_cut_B_L116A,2.806606517284685,2.806606517284685,2.806606517284685,95.03299564270154,95.03299564270154,95.03299564270154,7.609999999999999,14.27,0.95,0.9850000000000001,1.84,0.13,2.205952380952381,2.628571428571429,1.7833333333333334,93.48447615652199,93.71519796954948,93.25375434349452,0.747441,0.757846,0.737036,0.895,0.9,0.89,0.4775,0.48,0.475,-10.254999999999999,-8.35,-12.16,0.16649999999999998,0.172,0.161,2.5442050036354025,2.5442050036354025,2.5442050036354025,97.67036585365854,97.67036585365854,97.67036585365854,,,,,,,1.8539889705882353,2.020625,1.6873529411764707,96.91630747427348,97.14555655585394,96.68705839269302,0.742118,0.751409,0.732827,0.92,0.92,0.92,0.94,0.94,0.94,,,,0.8573485683409895,0.8610579597389698,0.8536391769430092,0.8751463795558615,0.900804652148407,0.849488106963316,,,,,,,79.59361,79.59361,79.59361,11.744957,11.744957,11.744957,0.75298953,0.75298953,0.75298953,0.9127676486968994,0.9127676486968994,0.9127676486968994,0.8819286227226257,0.8819286227226257,0.8819286227226257,0.9127676486968994,0.9127676486968994,0.9127676486968994,0.955157458782196,0.955157458782196,0.955157458782196,0.902170181274414,0.902170181274414,0.902170181274414,0.09682310372591015,0.1132606416940689,0.0803855657577514,0.8819286227226257,0.8819286227226257,0.8819286227226257,0.9431117177009584,0.9431117177009584,0.9431117177009584,0.8666328191757202,0.8666328191757202,0.8666328191757202,,,,0.9831171035766602,0.9831171035766602,0.9831171035766602,0.9900791645050048,0.9900791645050048,0.9900791645050048,0.9860422611236572,0.9860422611236572,0.9860422611236572,0.982385754585266,0.982385754585266,0.982385754585266,0.9802974462509156,0.9802974462509156,0.9802974462509156,0.2571152746677398,0.2571152746677398,0.2571152746677398,0.2921002805233001,0.2921002805233001,0.2921002805233001,0.9329738318920135,0.9330126643180848,0.9329349994659424,0.9842113852500916,0.9842113852500916,0.9842113852500916,0.9903838634490968,0.9903838634490968,0.9903838634490968,0.9865548014640808,0.9865548014640808,0.9865548014640808,0.9836254715919496,0.9836254715919496,0.9836254715919496,0.9823808670043944,0.9823808670043944,0.9823808670043944,0.2574430704116821,0.2574430704116821,0.2574430704116821,0.2906320989131927,0.2906320989131927,0.2906320989131927,0.9419646561145782,0.9463438391685486,0.937585473060608,5ifj_abc_cut,ala_scan,B,L116A,L116
5ifj_abc_cut_B_V38A,2.7149348932513715,2.7149348932513715,2.7149348932513715,95.22094719651606,95.22094719651606,95.22094719651606,15.44,17.7,13.18,2.0,2.18,1.82,2.2540625,2.678125,1.83,93.46593783614372,94.59770677587824,92.3341688964092,0.758796,0.758807,0.758785,0.91,0.92,0.9,0.48,0.48,0.48,-10.975000000000001,-10.15,-11.8,0.156,0.166,0.146,2.6052582788023,2.6052582788023,2.6052582788023,97.45382113821138,97.45382113821138,97.45382113821138,,,,,,,2.0135681114551085,2.335294117647059,1.691842105263158,96.1733047418427,96.62105279219776,95.72555669148764,0.7146635,0.729832,0.699495,0.92,0.92,0.92,0.94,0.94,0.94,,,,0.8600291045535842,0.8664190321641592,0.8536391769430092,0.8615162377255612,0.8615162377255612,0.8615162377255612,,,,,,,79.34477,79.34477,79.34477,11.9718,11.9718,11.9718,0.74486005,0.74486005,0.74486005,0.8957542181015015,0.8957542181015015,0.8957542181015015,0.8813123106956482,0.8813123106956482,0.8813123106956482,0.8957542181015015,0.8957542181015015,0.8957542181015015,0.947545051574707,0.947545051574707,0.947545051574707,0.8828064799308777,0.8828064799308777,0.8828064799308777,0.0463009495288133,0.0565577112138271,0.0360441878437995,0.8813123106956482,0.8813123106956482,0.8813123106956482,0.9431993961334229,0.9431993961334229,0.9431993961334229,0.8658405542373657,0.8658405542373657,0.8658405542373657,,,,0.9826201796531676,0.9826201796531676,0.9826201796531676,0.9902586340904236,0.9902586340904236,0.9902586340904236,0.9862698912620544,0.9862698912620544,0.9862698912620544,0.981707751750946,0.981707751750946,0.981707751750946,0.9785112738609314,0.9785112738609314,0.9785112738609314,0.2554013431072235,0.2554013431072235,0.2554013431072235,0.2824444472789764,0.2824444472789764,0.2824444472789764,0.9408812522888184,0.9417924880981444,0.9399700164794922,0.983674705028534,0.983674705028534,0.983674705028534,0.9896947741508484,0.9896947741508484,0.9896947741508484,0.9854357242584229,0.9854357242584229,0.9854357242584229,0.9832344651222228,0.9832344651222228,0.9832344651222228,0.9816979765892028,0.9816979765892028,0.9816979765892028,0.2622596621513366,0.2622596621513366,0.2622596621513366,0.3333940207958221,0.3333940207958221,0.3333940207958221,0.912550300359726,0.9208067059516908,0.9042938947677612,5ifj_abc_cut,ala_scan,B,V38A,V38
5ifj_abc_cut_B_W107A,2.8789658933174693,2.8789658933174693,2.8789658933174693,95.08960655737704,95.08960655737704,95.08960655737704,17.035,19.11,14.96,2.335,2.64,2.03,2.4718750000000003,2.9000000000000004,2.04375,93.38057587726664,94.10976035964782,92.65139139488544,0.6236655,0.634167,0.613164,0.87,0.87,0.87,0.4775,0.48,0.475,-11.365,-11.06,-11.67,0.183,0.211,0.155,2.7981918831383434,2.7981918831383434,2.7981918831383434,96.93569105691056,96.93569105691056,96.93569105691056,,,,,,,2.317738095238095,2.494642857142857,2.1408333333333336,94.75351025450462,95.23235365923712,94.27466684977212,0.6064725,0.625882,0.587063,0.92,0.92,0.92,0.94,0.94,0.94,,,,0.8345308592046073,0.8387770760592244,0.8302846423499903,0.8615162377255612,0.8615162377255612,0.8615162377255612,,,,,,,79.31032,79.31032,79.31032,12.215376,12.215376,12.215376,0.7379475,0.7379475,0.7379475,0.8875530958175659,0.8875530958175659,0.8875530958175659,0.8815650939941406,0.8815650939941406,0.8815650939941406,0.8875530958175659,0.8875530958175659,0.8875530958175659,0.9435018301010132,0.9435018301010132,0.9435018301010132,0.8735659122467041,0.8735659122467041,0.8735659122467041,0.03729506395757195,0.0471566207706928,0.0274335071444511,0.8815650939941406,0.8815650939941406,0.8815650939941406,0.9430596232414246,0.9430596232414246,0.9430596232414246,0.8661914467811584,0.8661914467811584,0.8661914467811584,,,,0.9838919043540956,0.9838919043540956,0.9838919043540956,0.9906712174415588,0.9906712174415588,0.9906712174415588,0.9870848655700684,0.9870848655700684,0.9870848655700684,0.983093559741974,0.983093559741974,0.983093559741974,0.980291783809662,0.980291783809662,0.980291783809662,0.2563395798206329,0.2563395798206329,0.2563395798206329,0.2914012670516968,0.2914012670516968,0.2914012670516968,0.9341752529144287,0.9386006593704224,0.9297498464584352,0.9842411875724792,0.9842411875724792,0.9842411875724792,0.9903132319450378,0.9903132319450378,0.9903132319450378,0.9866054058074952,0.9866054058074952,0.9866054058074952,0.9836501479148864,0.9836501479148864,0.9836501479148864,0.981236696243286,0.981236696243286,0.981236696243286,0.2593558132648468,0.2593558132648468,0.2593558132648468,0.3152649700641632,0.3152649700641632,0.3152649700641632,0.9166251122951508,0.9186314344406128,0.9146187901496888,5ifj_abc_cut,ala_scan,B,W107A,W107
5ifj_abc_cut_B_Y37A,3.004750809703219,3.004750809703219,3.004750809703219,94.72335152838428,94.72335152838428,94.72335152838428,10.755,14.88,6.63,1.3800000000000001,1.87,0.89,2.2986111111111107,2.880555555555555,1.7166666666666666,92.12037691256097,92.41365942092492,91.82709440419704,0.6405784999999999,0.665555,0.615602,0.875,0.88,0.87,0.475,0.475,0.475,-10.18,-9.25,-11.11,0.17149999999999999,0.183,0.16,2.6404656619736926,2.6404656619736926,2.6404656619736926,97.2910569105691,97.2910569105691,97.2910569105691,,,,,,,1.9925678733031678,2.312058823529412,1.6730769230769231,95.84796040198381,96.02062559127808,95.67529521268956,0.6822745,0.694477,0.670072,0.92,0.92,0.92,0.94,0.94,0.94,,,,0.850174644454239,0.8594230976203321,0.8409261912881458,0.8508947426725764,0.8615162377255612,0.8402732476195917,,,,,,,79.068016,79.068016,79.068016,12.098895,12.098895,12.098895,0.7439022,0.7439022,0.7439022,0.8861177563667297,0.8861177563667297,0.8861177563667297,0.8818076252937317,0.8818076252937317,0.8818076252937317,0.8861177563667297,0.8861177563667297,0.8861177563667297,0.9424834251403807,0.9424834251403807,0.9424834251403807,0.8720263242721558,0.8720263242721558,0.8720263242721558,0.032744906842708546,0.040568608790636,0.0249212048947811,0.8818076252937317,0.8818076252937317,0.8818076252937317,0.9429185390472412,0.9429185390472412,0.9429185390472412,0.8665298819541931,0.8665298819541931,0.8665298819541931,,,,0.9794139862060548,0.9794139862060548,0.9794139862060548,0.9887524247169496,0.9887524247169496,0.9887524247169496,0.9839415550231934,0.9839415550231934,0.9839415550231934,0.97828209400177,0.97828209400177,0.97828209400177,0.9711477160453796,0.9711477160453796,0.9711477160453796,0.2594892680644989,0.2594892680644989,0.2594892680644989,0.3119394183158874,0.3119394183158874,0.3119394183158874,0.9044155180454254,0.9197965264320374,0.8890345096588135,0.9804978370666504,0.9804978370666504,0.9804978370666504,0.9902181625366212,0.9902181625366212,0.9902181625366212,0.9859203696250916,0.9859203696250916,0.9859203696250916,0.9791422486305236,0.9791422486305236,0.9791422486305236,0.9718640446662904,0.9718640446662904,0.9718640446662904,0.2603456974029541,0.2603456974029541,0.2603456974029541,0.3217399418354034,0.3217399418354034,0.3217399418354034,0.9043402373790741,0.9215654730796814,0.8871150016784668,5ifj_abc_cut,ala_scan,B,Y37A,Y37
5ifj_abc_cut_all_A,3.5975427985987176,3.5975427985987176,3.5975427985987176,93.2359977703456,93.2359977703456,93.2359977703456,34.575,52.47,16.68,5.025,5.49,4.56,2.204440789473684,2.6026315789473684,1.80625,83.75029436653237,84.61560263281362,82.88498610025113,0.189334,0.216341,0.162327,0.665,0.69,0.64,0.465,0.465,0.465,5.275,5.55,5.0,0.2535,0.257,0.25,2.98759253751074,2.98759253751074,2.98759253751074,95.8560975609756,95.8560975609756,95.8560975609756,,,,,,,1.7417016806722687,2.0641176470588234,1.419285714285714,86.6270129945543,88.84777789645725,84.40624809265137,0.2707595,0.31082,0.230699,0.91,0.91,0.91,0.94,0.94,0.94,,,,0.7058951584647548,0.8254337116660181,0.5863566052634915,0.8767653063276436,0.880252583223069,0.8732780294322182,,,,,,,80.47646,80.47646,80.47646,12.044723,12.044723,12.044723,0.75196105,0.75196105,0.75196105,0.88234543800354,0.88234543800354,0.88234543800354,0.8816142082214355,0.8816142082214355,0.8816142082214355,0.88234543800354,0.88234543800354,0.88234543800354,0.9411576390266418,0.9411576390266418,0.9411576390266418,0.867642343044281,0.867642343044281,0.867642343044281,0.02044464601203795,0.0259613841772079,0.014927907846868,0.8816142082214355,0.8816142082214355,0.8816142082214355,0.9430960416793824,0.9430960416793824,0.9430960416793824,0.8662437200546265,0.8662437200546265,0.8662437200546265,,,,0.9518194198608398,0.9518194198608398,0.9518194198608398,0.9898326992988586,0.9898326992988586,0.9898326992988586,0.985521137714386,0.985521137714386,0.985521137714386,0.9433939456939696,0.9433939456939696,0.9433939456939696,0.900080144405365,0.900080144405365,0.900080144405365,0.2624773681163788,0.2624773681163788,0.2624773681163788,0.3366142511367798,0.3366142511367798,0.3366142511367798,0.9060119986534119,0.9258407354354858,0.8861832618713379,0.9603199362754822,0.9603199362754822,0.9603199362754822,0.9902639389038086,0.9902639389038086,0.9902639389038086,0.986720621585846,0.986720621585846,0.986720621585846,0.9537197351455688,0.9537197351455688,0.9537197351455688,0.9223201274871826,0.9223201274871826,0.9223201274871826,0.2567687332630157,0.2567687332630157,0.2567687332630157,0.2945598363876343,0.2945598363876343,0.2945598363876343,0.9352445006370544,0.943772315979004,0.926716685295105,5ifj_abc_cut_all_A,binder,,,
5ig7_abc_cut,2.5729691321303454,2.5729691321303454,2.5729691321303454,95.59971723762916,95.59971723762916,95.59971723762916,8.05,10.97,5.13,1.025,1.38,0.67,2.0209374999999996,2.3218749999999995,1.72,94.90996072343529,95.18966978769454,94.63025165917604,0.7852445,0.790385,0.780104,0.915,0.92,0.91,0.48,0.48,0.48,-12.035,-10.01,-14.06,0.1665,0.17,0.163,2.5503722982351773,2.5503722982351773,2.5503722982351773,97.7218699186992,97.7218699186992,97.7218699186992,,,,,,,1.9139166666666667,2.0820000000000003,1.745833333333333,97.17659870783487,97.28944524129231,97.06375217437744,0.7568245,0.761069,0.75258,0.92,0.92,0.92,0.94,0.94,0.94,,,,0.8563401673613373,0.8590411577796655,0.8536391769430092,0.8820404051792785,0.8867918819880647,0.8772889283704922,,,,,,,79.10461,79.10461,79.10461,12.024441,12.024441,12.024441,0.7430892,0.7430892,0.7430892,0.9110666513442992,0.9110666513442992,0.9110666513442992,0.8816186785697937,0.8816186785697937,0.8816186785697937,0.9110666513442992,0.9110666513442992,0.9110666513442992,0.9541796445846558,0.9541796445846558,0.9541796445846558,0.9002883434295654,0.9002883434295654,0.9002883434295654,0.09913582727313039,0.1246197521686554,0.0736519023776054,0.8816186785697937,0.8816186785697937,0.8816186785697937,0.9434970617294312,0.9434970617294312,0.9434970617294312,0.8661490678787231,0.8661490678787231,0.8661490678787231,,,,0.9867954254150392,0.9867954254150392,0.9867954254150392,0.9904710054397584,0.9904710054397584,0.9904710054397584,0.9870842695236206,0.9870842695236206,0.9870842695236206,0.986723244190216,0.986723244190216,0.986723244190216,0.9859994053840636,0.9859994053840636,0.9859994053840636,0.2543024718761444,0.2543024718761444,0.2543024718761444,0.2724223732948303,0.2724223732948303,0.2724223732948303,0.9520541727542876,0.952073574066162,0.9520347714424132,0.9869529604911804,0.9869529604911804,0.9869529604911804,0.9895877838134766,0.9895877838134766,0.9895877838134766,0.9854286909103394,0.9854286909103394,0.9854286909103394,0.9873340129852296,0.9873340129852296,0.9873340129852296,0.987299144268036,0.987299144268036,0.987299144268036,0.2587690651416778,0.2587690651416778,0.2587690651416778,0.2847543954849243,0.2847543954849243,0.2847543954849243,0.9527179300785065,0.9569733142852784,0.9484625458717346,5ig7_abc_cut,binder,,,
5ig7_abc_cut_A_K110A,2.806122347808844,2.806122347808844,2.806122347808844,94.95046321525886,94.95046321525886,94.95046321525886,16.75,17.58,15.92,2.34,2.37,2.31,2.2199999999999998,2.525,1.915,93.35581466583645,94.08136919774437,92.63026013392854,0.756785,0.761082,0.752488,0.905,0.91,0.9,0.4775,0.48,0.475,-7.385,-7.16,-7.61,0.189,0.207,0.171,2.713984566065173,2.713984566065173,2.713984566065173,97.07455284552849,97.07455284552849,97.07455284552849,,,,,,,2.245798076923077,2.773846153846154,1.71775,94.94530144311432,96.1663155806692,93.72428730555944,0.691283,0.713368,0.669198,0.92,0.92,0.92,0.94,0.94,0.94,,,,0.8366405436752812,0.8450132469598766,0.8282678403906858,0.8615162377255612,0.8615162377255612,0.8615162377255612,25.7784686088562,25.7784686088562,25.7784686088562,56.39296722412109,56.39296722412109,56.39296722412109,78.99162,78.99162,78.99162,12.065299,12.065299,12.065299,0.741923,0.741923,0.741923,0.8946512937545776,0.8946512937545776,0.8946512937545776,0.8787254691123962,0.8787254691123962,0.8787254691123962,0.8946512937545776,0.8946512937545776,0.8946512937545776,0.9463280439376832,0.9463280439376832,0.9463280439376832,0.8817321062088013,0.8817321062088013,0.8817321062088013,0.0372889209538698,0.039870236068964,0.0347076058387756,0.8787254691123962,0.8787254691123962,0.8787254691123962,0.9417532682418824,0.9417532682418824,0.9417532682418824,0.8629684448242188,0.8629684448242188,0.8629684448242188,,,,0.9864270091056824,0.9864270091056824,0.9864270091056824,0.9895429611206056,0.9895429611206056,0.9895429611206056,0.9855627417564392,0.9855627417564392,0.9855627417564392,0.9866430759429932,0.9866430759429932,0.9866430759429932,0.985873520374298,0.985873520374298,0.985873520374298,0.2549749314785003,0.2549749314785003,0.2549749314785003,0.2713783383369446,0.2713783383369446,0.2713783383369446,0.9571292698383331,0.9582159519195556,0.9560425877571106,0.9867284893989564,0.9867284893989564,0.9867284893989564,0.9894475936889648,0.9894475936889648,0.9894475936889648,0.9854393005371094,0.9854393005371094,0.9854393005371094,0.9870507717132568,0.9870507717132568,0.9870507717132568,0.9864850640296936,0.9864850640296936,0.9864850640296936,0.2570367455482483,0.2570367455482483,0.2570367455482483,0.2789932787418365,0.2789932787418365,0.2789932787418365,0.9551136493682861,0.9567937850952148,0.9534335136413574,5ig7_abc_cut,ala_scan,A,K110A,K110
5ig7_abc_cut_A_W52A,2.731340471941305,2.731340471941305,2.731340471941305,95.45778142076502,95.45778142076502,95.45778142076502,11.955,14.76,9.15,1.5150000000000001,1.83,1.2,2.111607142857143,2.4857142857142853,1.7375,93.97496247488354,94.36906604555836,93.58085890420874,0.749117,0.75743,0.740804,0.895,0.91,0.88,0.4775,0.48,0.475,-7.1899999999999995,-5.56,-8.82,0.138,0.145,0.131,2.50174846321634,2.50174846321634,2.50174846321634,97.7978455284553,97.7978455284553,97.7978455284553,,,,,,,1.8742083333333333,2.1354166666666665,1.613,96.96493242013509,97.1029411764706,96.82692366379958,0.73929,0.753503,0.725077,0.92,0.92,0.92,0.94,0.94,0.94,,,,0.8530356033494232,0.8590411577796655,0.8470300489191809,0.8698152578481009,0.8796671619794477,0.8599633537167541,,,,,,,79.68282,79.68282,79.68282,11.996226,11.996226,11.996226,0.75012976,0.75012976,0.75012976,0.8740580677986145,0.8740580677986145,0.8740580677986145,0.8788630962371826,0.8788630962371826,0.8788630962371826,0.8740580677986145,0.8740580677986145,0.8740580677986145,0.9350603222846984,0.9350603222846984,0.9350603222846984,0.8588074445724487,0.8588074445724487,0.8588074445724487,0.012410010676830951,0.0124834403395652,0.0123365810140967,0.8788630962371826,0.8788630962371826,0.8788630962371826,0.9419037103652954,0.9419037103652954,0.9419037103652954,0.863102912902832,0.863102912902832,0.863102912902832,,,,0.9852938652038574,0.9852938652038574,0.9852938652038574,0.9892565608024596,0.9892565608024596,0.9892565608024596,0.9848862290382384,0.9848862290382384,0.9848862290382384,0.9853957295417786,0.9853957295417786,0.9853957295417786,0.9836214780807496,0.9836214780807496,0.9836214780807496,0.2573195695877075,0.2573195695877075,0.2573195695877075,0.294726699590683,0.294726699590683,0.294726699590683,0.9344284236431122,0.9360813498497008,0.9327754974365234,0.9854225516319276,0.9854225516319276,0.9854225516319276,0.9882014393806458,0.9882014393806458,0.9882014393806458,0.9835335612297058,0.9835335612297058,0.9835335612297058,0.985894739627838,0.985894739627838,0.985894739627838,0.9843596816062928,0.9843596816062928,0.9843596816062928,0.2602119147777557,0.2602119147777557,0.2602119147777557,0.310701310634613,0.310701310634613,0.310701310634613,0.9298293590545654,0.9352986812591552,0.9243600368499756,5ig7_abc_cut,ala_scan,A,W52A,W52
5ig7_abc_cut_A_Y66A,2.572737788353493,2.572737788353493,2.572737788353493,95.76798580786028,95.76798580786028,95.76798580786028,9.105,17.48,0.73,1.215,2.33,0.1,1.9596153846153848,2.2192307692307693,1.7000000000000002,95.06366700019251,95.16757015705645,94.95976384332856,0.7862845,0.792646,0.779923,0.91,0.92,0.9,0.48,0.48,0.48,-11.07,-9.11,-13.03,0.173,0.183,0.163,2.576861491175888,2.576861491175888,2.576861491175888,97.66243902439024,97.66243902439024,97.66243902439024,,,,,,,1.9680448717948718,2.166923076923077,1.7691666666666666,96.88750139872232,96.94500096638996,96.83000183105467,0.7450955,0.760375,0.729816,0.92,0.92,0.92,0.94,0.94,0.94,,,,0.8536391769430092,0.8536391769430092,0.8536391769430092,0.8563369367603941,0.8615162377255612,0.851157635795227,,,,,,,79.86379,79.86379,79.86379,11.953039,11.953039,11.953039,0.747391,0.747391,0.747391,0.9101043939590454,0.9101043939590454,0.9101043939590454,0.8787265419960022,0.8787265419960022,0.8787265419960022,0.9101043939590454,0.9101043939590454,0.9101043939590454,0.9536369442939758,0.9536369442939758,0.9536369442939758,0.8992211818695068,0.8992211818695068,0.8992211818695068,0.0860443394631147,0.1116913408041,0.0603973381221294,0.8787265419960022,0.8787265419960022,0.8787265419960022,0.9416042566299438,0.9416042566299438,0.9416042566299438,0.8630070686340332,0.8630070686340332,0.8630070686340332,,,,0.9867200255393982,0.9867200255393982,0.9867200255393982,0.990605354309082,0.990605354309082,0.990605354309082,0.9867914319038392,0.9867914319038392,0.9867914319038392,0.9867020845413208,0.9867020845413208,0.9867020845413208,0.9859682321548462,0.9859682321548462,0.9859682321548462,0.2553566396236419,0.2553566396236419,0.2553566396236419,0.2794528901576996,0.2794528901576996,0.2794528901576996,0.9495479762554169,0.9525310397148132,0.9465649127960204,0.9864099621772766,0.9864099621772766,0.9864099621772766,0.9896162152290344,0.9896162152290344,0.9896162152290344,0.9855257868766784,0.9855257868766784,0.9855257868766784,0.9866309762001038,0.9866309762001038,0.9866309762001038,0.985548734664917,0.985548734664917,0.985548734664917,0.2576338648796081,0.2576338648796081,0.2576338648796081,0.2914656102657318,0.2914656102657318,0.2914656102657318,0.9405582249164581,0.9457228183746338,0.9353936314582824,5ig7_abc_cut,ala_scan,A,Y66A,Y66
5ig7_abc_cut_B_G114A,2.4366729459977527,2.4366729459977527,2.4366729459977527,95.86908695652174,95.86908695652174,95.86908695652174,12.2,24.31,0.09,1.5099999999999998,3.01,0.01,1.8843750000000001,2.1375,1.63125,95.53179226281276,95.5800736817892,95.48351084383631,0.810392,0.81692,0.803864,0.92,0.93,0.91,0.485,0.485,0.485,-7.09,-1.38,-12.8,0.183,0.184,0.182,2.5664019432877256,2.5664019432877256,2.5664019432877256,97.62613821138213,97.62613821138213,97.62613821138213,,,,,,,1.9159191176470587,2.0555882352941177,1.7762499999999997,96.89250034756131,96.98277791341144,96.80222278171117,0.7611905,0.776753,0.745628,0.92,0.92,0.92,0.94,0.94,0.94,,,,0.8542252895300497,0.8548114021170903,0.8536391769430092,0.8732335707154854,0.8969790344676547,0.849488106963316,,,,,,,79.15855,79.15855,79.15855,11.900293,11.900293,11.900293,0.7462901,0.7462901,0.7462901,0.8767755031585693,0.8767755031585693,0.8767755031585693,0.8783543705940247,0.8783543705940247,0.8783543705940247,0.8767755031585693,0.8767755031585693,0.8767755031585693,0.9374703764915466,0.9374703764915466,0.9374703764915466,0.8616017699241638,0.8616017699241638,0.8616017699241638,0.0114217097871005,0.011864461004734,0.010978958569467,0.8783543705940247,0.8783543705940247,0.8783543705940247,0.9414356350898744,0.9414356350898744,0.9414356350898744,0.8625840544700623,0.8625840544700623,0.8625840544700623,,,,0.9861679077148438,0.9861679077148438,0.9861679077148438,0.9896113276481628,0.9896113276481628,0.9896113276481628,0.9854296445846558,0.9854296445846558,0.9854296445846558,0.9863525032997132,0.9863525032997132,0.9863525032997132,0.9855170249938964,0.9855170249938964,0.9855170249938964,0.2548731863498688,0.2548731863498688,0.2548731863498688,0.2725313305854797,0.2725313305854797,0.2725313305854797,0.9552995562553406,0.9561235308647156,0.9544755816459656,0.986093044281006,0.986093044281006,0.986093044281006,0.9888780117034912,0.9888780117034912,0.9888780117034912,0.9845165014266968,0.9845165014266968,0.9845165014266968,0.9864872097969056,0.9864872097969056,0.9864872097969056,0.9860811233520508,0.9860811233520508,0.9860811233520508,0.256535530090332,0.256535530090332,0.256535530090332,0.2781525254249573,0.2781525254249573,0.2781525254249573,0.9530220329761504,0.955973982810974,0.9500700831413268,5ig7_abc_cut,ala_scan,B,G114A,G114
5ig7_abc_cut_B_L116A,2.697161081366912,2.697161081366912,2.697161081366912,95.29842047930283,95.29842047930283,95.29842047930283,13.32,22.71,3.93,1.6099999999999999,2.67,0.55,2.129575163398693,2.5647058823529414,1.6944444444444444,93.730327953764,94.2615611131554,93.1990947943726,0.756877,0.764024,0.74973,0.905,0.91,0.9,0.48,0.48,0.48,-6.595,-5.72,-7.47,0.151,0.159,0.143,2.594814098750744,2.594814098750744,2.594814098750744,97.49215447154472,97.49215447154472,97.49215447154472,,,,,,,1.9417892156862742,2.249411764705882,1.6341666666666663,96.6083321041531,96.81444295247395,96.40222125583225,0.7393419999999999,0.753799,0.724885,0.92,0.92,0.92,0.94,0.94,0.94,,,,0.850334612931095,0.8536391769430092,0.8470300489191809,0.8525442938365088,0.8599633537167541,0.8451252339562634,,,,,,,79.7375,79.7375,79.7375,11.603752,11.603752,11.603752,0.7548578,0.7548578,0.7548578,0.8776073455810547,0.8776073455810547,0.8776073455810547,0.8782186508178711,0.8782186508178711,0.8782186508178711,0.8776073455810547,0.8776073455810547,0.8776073455810547,0.9376389384269714,0.9376389384269714,0.9376389384269714,0.8625994324684143,0.8625994324684143,0.8625994324684143,0.014518124982714601,0.0152447214350104,0.0137915285304188,0.8782186508178711,0.8782186508178711,0.8782186508178711,0.9415651559829712,0.9415651559829712,0.9415651559829712,0.8623819947242737,0.8623819947242737,0.8623819947242737,,,,0.9853842854499816,0.9853842854499816,0.9853842854499816,0.9908755421638488,0.9908755421638488,0.9908755421638488,0.9870702624320984,0.9870702624320984,0.9870702624320984,0.9849628210067748,0.9849628210067748,0.9849628210067748,0.9822766184806824,0.9822766184806824,0.9822766184806824,0.2550898790359497,0.2550898790359497,0.2550898790359497,0.2827728688716888,0.2827728688716888,0.2827728688716888,0.9342955052852631,0.9428037405014038,0.9257872700691224,0.9856074452400208,0.9856074452400208,0.9856074452400208,0.990330457687378,0.990330457687378,0.990330457687378,0.9862121343612672,0.9862121343612672,0.9862121343612672,0.9854562282562256,0.9854562282562256,0.9854562282562256,0.98335063457489,0.98335063457489,0.98335063457489,0.2578755021095276,0.2578755021095276,0.2578755021095276,0.3022042512893677,0.3022042512893677,0.3022042512893677,0.9219740033149719,0.9278627634048462,0.9160852432250975,5ig7_abc_cut,ala_scan,B,L116A,L116
5ig7_abc_cut_B_V38A,2.5409379337695817,2.5409379337695817,2.5409379337695817,95.79346216657594,95.79346216657594,95.79346216657594,10.8,11.1,10.5,1.405,1.47,1.34,2.050535714285714,2.353571428571428,1.7475,94.75684398010407,95.161106914553,94.35258104565511,0.7769955,0.783895,0.770096,0.91,0.92,0.9,0.48,0.48,0.48,-10.754999999999999,-9.01,-12.5,0.1635,0.169,0.158,2.571711943948708,2.571711943948708,2.571711943948708,97.64711382113822,97.64711382113822,97.64711382113822,,,,,,,1.9099062500000001,2.117,1.7028125,96.95312547683716,97.11687469482422,96.7893762588501,0.7450855,0.748678,0.741493,0.92,0.92,0.92,0.94,0.94,0.94,,,,0.8563401673613373,0.8590411577796655,0.8536391769430092,0.8601749943675394,0.8823494747874323,0.8380005139476464,,,,,,,79.28264,79.28264,79.28264,11.963028,11.963028,11.963028,0.7448997,0.7448997,0.7448997,0.8897017240524292,0.8897017240524292,0.8897017240524292,0.8785697817802429,0.8785697817802429,0.8785697817802429,0.8897017240524292,0.8897017240524292,0.8897017240524292,0.944841206073761,0.944841206073761,0.944841206073761,0.8759168386459351,0.8759168386459351,0.8759168386459351,0.0323278261348605,0.0380576066672802,0.0265980456024408,0.8785697817802429,0.8785697817802429,0.8785697817802429,0.9415273666381836,0.9415273666381836,0.9415273666381836,0.8628303408622742,0.8628303408622742,0.8628303408622742,,,,0.9846965670585632,0.9846965670585632,0.9846965670585632,0.9900841116905212,0.9900841116905212,0.9900841116905212,0.9860972762107848,0.9860972762107848,0.9860972762107848,0.9843464493751526,0.9843464493751526,0.9843464493751526,0.98152494430542,0.98152494430542,0.98152494430542,0.2556359469890594,0.2556359469890594,0.2556359469890594,0.2853051424026489,0.2853051424026489,0.2853051424026489,0.9291346967220306,0.9429364800453186,0.9153329133987428,0.9854320883750916,0.9854320883750916,0.9854320883750916,0.9904015064239502,0.9904015064239502,0.9904015064239502,0.9864802360534668,0.9864802360534668,0.9864802360534668,0.9851700663566588,0.9851700663566588,0.9851700663566588,0.9826376438140868,0.9826376438140868,0.9826376438140868,0.258463054895401,0.258463054895401,0.258463054895401,0.3068337440490722,0.3068337440490722,0.3068337440490722,0.9146331548690796,0.9280539155006408,0.9012123942375184,5ig7_abc_cut,ala_scan,B,V38A,V38
5ig7_abc_cut_B_W107A,3.5619951748297973,3.5619951748297973,3.5619951748297973,92.83057923497267,92.83057923497267,92.83057923497267,128.475,151.2,105.75,19.54,21.42,17.66,2.146590909090909,2.525,1.768181818181818,82.97727829503464,85.23458112986401,80.71997546020525,0.155861,0.169599,0.142123,0.6,0.61,0.59,0.4675,0.47,0.465,97.59,105.84,89.34,0.29600000000000004,0.316,0.276,3.226327417542468,3.226327417542468,3.226327417542468,95.015162601626,95.015162601626,95.015162601626,,,,,,,1.7952901785714286,2.092142857142857,1.4984375,82.14250077141656,84.695556640625,79.58944490220811,0.12811250000000002,0.136695,0.11953,0.89,0.89,0.89,0.93,0.93,0.93,,,,0.6780101831161919,0.8245428901012058,0.5314774761311779,0.8276668325795726,0.835808160538461,0.8195255046206842,,,,,,,79.458374,79.458374,79.458374,12.1848135,12.1848135,12.1848135,0.7387713,0.7387713,0.7387713,0.8870657682418823,0.8870657682418823,0.8870657682418823,0.8786615133285522,0.8786615133285522,0.8786615133285522,0.8870657682418823,0.8870657682418823,0.8870657682418823,0.9419724941253662,0.9419724941253662,0.9419724941253662,0.873339056968689,0.873339056968689,0.873339056968689,0.0266915606334805,0.030718682333827,0.022664438933134,0.8786615133285522,0.8786615133285522,0.8786615133285522,0.9419348835945128,0.9419348835945128,0.9419348835945128,0.8628431558609009,0.8628431558609009,0.8628431558609009,,,,0.984982430934906,0.984982430934906,0.984982430934906,0.9894617199897766,0.9894617199897766,0.9894617199897766,0.985191822052002,0.985191822052002,0.985191822052002,0.9849300384521484,0.9849300384521484,0.9849300384521484,0.982032060623169,0.982032060623169,0.982032060623169,0.2567239105701446,0.2567239105701446,0.2567239105701446,0.289090096950531,0.289090096950531,0.289090096950531,0.927547425031662,0.941547691822052,0.913547158241272,0.985792338848114,0.985792338848114,0.985792338848114,0.990227997303009,0.990227997303009,0.990227997303009,0.9860599040985109,0.9860599040985109,0.9860599040985109,0.985725462436676,0.985725462436676,0.985725462436676,0.983331859111786,0.983331859111786,0.983331859111786,0.2581857740879059,0.2581857740879059,0.2581857740879059,0.3031907677650451,0.3031907677650451,0.3031907677650451,0.9150537550449371,0.9314872622489928,0.8986202478408813,5ig7_abc_cut,ala_scan,B,W107A,W107
5ig7_abc_cut_B_Y37A,2.644075946857029,2.644075946857029,2.644075946857029,95.63105895196507,95.63105895196507,95.63105895196507,15.83,15.97,15.69,1.9849999999999999,2.05,1.92,1.979166666666667,2.375,1.5833333333333337,94.59411109510553,95.0127199801784,94.17550221003266,0.7203820000000001,0.755596,0.685168,0.895,0.9,0.89,0.48,0.48,0.48,-4.395,-2.16,-6.63,0.1565,0.157,0.156,2.539087348800317,2.539087348800317,2.539087348800317,97.68337398373984,97.68337398373984,97.68337398373984,,,,,,,1.8007142857142862,2.111428571428572,1.4900000000000002,96.67840015186982,96.69562530517578,96.66117499856388,0.7109030000000001,0.719051,0.702755,0.92,0.92,0.92,0.94,0.94,0.94,,,,0.8429697191240112,0.8450132469598766,0.8409261912881458,0.8607397957211577,0.8615162377255612,0.8599633537167541,,,,,,,79.07036,79.07036,79.07036,12.172714,12.172714,12.172714,0.7418809,0.7418809,0.7418809,0.8867647647857666,0.8867647647857666,0.8867647647857666,0.8783337473869324,0.8783337473869324,0.8783337473869324,0.8867647647857666,0.8867647647857666,0.8867647647857666,0.9432177543640136,0.9432177543640136,0.9432177543640136,0.8726514577865601,0.8726514577865601,0.8726514577865601,0.030703942291438496,0.0377844087779521,0.0236234758049249,0.8783337473869324,0.8783337473869324,0.8783337473869324,0.941538393497467,0.941538393497467,0.941538393497467,0.8625325560569763,0.8625325560569763,0.8625325560569763,,,,0.9841607213020324,0.9841607213020324,0.9841607213020324,0.9893732070922852,0.9893732070922852,0.9893732070922852,0.9849428534507751,0.9849428534507751,0.9849428534507751,0.9839651584625244,0.9839651584625244,0.9839651584625244,0.9806895852088928,0.9806895852088928,0.9806895852088928,0.2582967579364776,0.2582967579364776,0.2582967579364776,0.3037095963954925,0.3037095963954925,0.3037095963954925,0.9178875684738159,0.9328598380088806,0.9029152989387512,0.98330557346344,0.98330557346344,0.98330557346344,0.9875091910362244,0.9875091910362244,0.9875091910362244,0.9819741249084472,0.9819741249084472,0.9819741249084472,0.9836384654045104,0.9836384654045104,0.9836384654045104,0.979459583759308,0.979459583759308,0.979459583759308,0.2658567428588867,0.2658567428588867,0.2658567428588867,0.3563339412212372,0.3563339412212372,0.3563339412212372,0.8782845437526703,0.8975533246994019,0.8590157628059387,5ig7_abc_cut,ala_scan,B,Y37A,Y37
5ig7_abc_cut_all_A,3.80598684645383,3.80598684645383,3.80598684645383,92.21050583657588,92.21050583657588,92.21050583657588,56.12,86.02,26.22,10.05,10.65,9.45,2.444927536231884,3.2565217391304344,1.6333333333333335,76.57655044269097,76.71701597705753,76.4360849083244,0.0615025,0.080101,0.042904,0.53,0.54,0.52,0.4625,0.465,0.46,7.36,14.81,-0.09,0.241,0.251,0.231,3.058024819882345,3.058024819882345,3.058024819882345,95.74418699186992,95.74418699186992,95.74418699186992,,,,,,,1.9298214285714286,2.462142857142857,1.3975,85.87709104364569,86.3760009765625,85.37818111072887,0.2394795,0.274001,0.204958,0.91,0.91,0.91,0.93,0.93,0.93,,,,0.39843300815149907,0.5241942118808414,0.2726718044221568,0.8603669045401341,0.8620233159260222,0.8587104931542459,,,,,,,80.211266,80.211266,80.211266,12.025735,12.025735,12.025735,0.74533355,0.74533355,0.74533355,0.8709697723388672,0.8709697723388672,0.8709697723388672,0.8783736228942871,0.8783736228942871,0.8783736228942871,0.8709697723388672,0.8709697723388672,0.8709697723388672,0.9320775270462036,0.9320775270462036,0.9320775270462036,0.8556928038597107,0.8556928038597107,0.8556928038597107,0.01002252101898185,0.0111233349889516,0.0089217070490121,0.8783736228942871,0.8783736228942871,0.8783736228942871,0.941714644432068,0.941714644432068,0.941714644432068,0.8625383377075195,0.8625383377075195,0.8625383377075195,,,,0.9809295535087584,0.9809295535087584,0.9809295535087584,0.9896323084831238,0.9896323084831238,0.9896323084831238,0.985184371471405,0.985184371471405,0.985184371471405,0.9798659086227416,0.9798659086227416,0.9798659086227416,0.97208970785141,0.97208970785141,0.97208970785141,0.2607897520065307,0.2607897520065307,0.2607897520065307,0.3143182396888733,0.3143182396888733,0.3143182396888733,0.9075171053409576,0.9265962839126588,0.8884379267692566,0.979258954524994,0.979258954524994,0.979258954524994,0.9885576367378236,0.9885576367378236,0.9885576367378236,0.983807384967804,0.983807384967804,0.983807384967804,0.978121817111969,0.978121817111969,0.978121817111969,0.969478726387024,0.969478726387024,0.969478726387024,0.2589049041271209,0.2589049041271209,0.2589049041271209,0.3015550076961517,0.3015550076961517,0.3015550076961517,0.9148912727832794,0.9304451942443848,0.8993373513221741,5ig7_abc_cut_all_A,binder,,,
5ijk_acx_cut,3.486348607280527,3.486348607280527,3.486348607280527,92.4391632016632,92.4391632016632,92.4391632016632,26.435,33.54,19.33,4.765,6.71,2.82,5.111071428571429,8.49,1.7321428571428572,69.14418219170406,77.87350101280252,60.41486337060561,0.0883815,0.102694,0.074069,0.5700000000000001,0.6,0.54,0.47,0.475,0.465,3.5300000000000002,5.29,1.77,0.1825,0.203,0.162,3.115915711036918,3.115915711036918,3.115915711036918,96.40301204819276,96.40301204819276,96.40301204819276,,,,,,,2.8885,3.991,1.786,86.07809511820474,88.42333348592122,83.73285675048828,0.289222,0.298697,0.279747,0.91,0.91,0.91,0.93,0.93,0.93,,,,0.3993165949708049,0.5069929729091317,0.2916402170324781,0.8551064330173427,0.8587104931542459,0.8515023728804395,,,,,,,80.08763,80.08763,80.08763,11.448295,11.448295,11.448295,0.7654945,0.7654945,0.7654945,0.8888254165649414,0.8888254165649414,0.8888254165649414,0.8970193862915039,0.8970193862915039,0.8970193862915039,0.8888254165649414,0.8888254165649414,0.8888254165649414,0.942484736442566,0.942484736442566,0.942484736442566,0.8754105567932129,0.8754105567932129,0.8754105567932129,0.0238495217636227,0.0285656973719596,0.0191333461552858,0.8970193862915039,0.8970193862915039,0.8970193862915039,0.9487372636795044,0.9487372636795044,0.9487372636795044,0.8840898871421814,0.8840898871421814,0.8840898871421814,,,,0.9790279269218444,0.9790279269218444,0.9790279269218444,0.9897540211677552,0.9897540211677552,0.9897540211677552,0.9854592084884644,0.9854592084884644,0.9854592084884644,0.9774200916290284,0.9774200916290284,0.9774200916290284,0.9743817448616028,0.9743817448616028,0.9743817448616028,0.2545120418071747,0.2545120418071747,0.2545120418071747,0.2736864387989044,0.2736864387989044,0.2736864387989044,0.9495794773101807,0.950762927532196,0.9483960270881652,0.9832159280776978,0.9832159280776978,0.9832159280776978,0.9905480742454528,0.9905480742454528,0.9905480742454528,0.9868348240852356,0.9868348240852356,0.9868348240852356,0.9823111295700072,0.9823111295700072,0.9823111295700072,0.9797598719596864,0.9797598719596864,0.9797598719596864,0.255679577589035,0.255679577589035,0.255679577589035,0.2831887304782867,0.2831887304782867,0.2831887304782867,0.9435573816299438,0.9441624283790588,0.9429523348808287,5ijk_acx_cut,binder,,,
5ijk_acx_cut_A_I112A,2.9578039063886066,2.9578039063886066,2.9578039063886066,94.0940135346174,94.0940135346174,94.0940135346174,95.96000000000001,102.47,89.45,16.7,22.93,10.47,2.7861607142857148,3.628571428571429,1.94375,76.5585830903207,77.73040778899413,75.38675839164728,0.1122435,0.116945,0.107542,0.615,0.63,0.6,0.475,0.475,0.475,38.035,45.83,30.24,0.2725,0.273,0.272,2.833948162126417,2.833948162126417,2.833948162126417,96.74791164658636,96.74791164658636,96.74791164658636,,,,,,,1.8513636363636363,2.04,1.6627272727272726,79.11475981198825,79.36874961853027,78.86077000544621,0.146703,0.148193,0.145213,0.91,0.91,0.91,0.94,0.94,0.94,,,,0.38882917444253307,0.5261561212556248,0.2515022276294413,0.8547831999166371,0.8765908522039946,0.8329755476292796,,,,,,,79.8307,79.8307,79.8307,11.503963,11.503963,11.503963,0.7636743,0.7636743,0.7636743,0.8924027681350708,0.8924027681350708,0.8924027681350708,0.8969265222549438,0.8969265222549438,0.8969265222549438,0.8924027681350708,0.8924027681350708,0.8924027681350708,0.9457562565803528,0.9457562565803528,0.9457562565803528,0.8790644407272339,0.8790644407272339,0.8790644407272339,0.025335932150483048,0.0301295891404151,0.020542275160551,0.8969265222549438,0.8969265222549438,0.8969265222549438,0.94853413105011,0.94853413105011,0.94853413105011,0.8840246200561523,0.8840246200561523,0.8840246200561523,,,,0.9753721356391908,0.9753721356391908,0.9753721356391908,0.9883843660354614,0.9883843660354614,0.9883843660354614,0.9836899638175964,0.9836899638175964,0.9836899638175964,0.9732927083969116,0.9732927083969116,0.9732927083969116,0.9638454914093018,0.9638454914093018,0.9638454914093018,0.2574920654296875,0.2574920654296875,0.2574920654296875,0.2903586030006408,0.2903586030006408,0.2903586030006408,0.9295762479305267,0.9302743673324584,0.928878128528595,0.9748482704162598,0.9748482704162598,0.9748482704162598,0.9851660132408142,0.9851660132408142,0.9851660132408142,0.978791117668152,0.978791117668152,0.978791117668152,0.9738625288009644,0.9738625288009644,0.9738625288009644,0.9649631381034852,0.9649631381034852,0.9649631381034852,0.2674559950828552,0.2674559950828552,0.2674559950828552,0.3544127345085144,0.3544127345085144,0.3544127345085144,0.8884751200675964,0.8899713158607483,0.8869789242744446,5ijk_acx_cut,ala_scan,A,I112A,I112
5ijk_acx_cut_A_I114A,3.581103530588216,3.581103530588216,3.581103530588216,91.14284226965124,91.14284226965124,91.14284226965124,68.07,83.71,52.43,10.49,14.76,6.22,3.0395299145299144,4.484615384615385,1.5944444444444443,67.75372104934013,70.04383538564045,65.4636067130398,0.024187,0.024757,0.023617,0.42,0.42,0.42,0.46499999999999997,0.47,0.46,10.18,22.24,-1.88,0.2575,0.27,0.245,3.4564227996322643,3.4564227996322643,3.4564227996322643,94.7981124497992,94.7981124497992,94.7981124497992,,,,,,,2.8859375,4.176875,1.595,76.38958390553793,79.72750091552734,73.05166689554851,0.064486,0.06985,0.059122,0.9,0.9,0.9,0.93,0.93,0.93,,,,0.3817557358007121,0.5210712068985307,0.2424402647028935,0.8600780765005616,0.8654893046657317,0.8546668483353915,,,,,,,79.76796,79.76796,79.76796,11.557929,11.557929,11.557929,0.76231724,0.76231724,0.76231724,0.8861697316169739,0.8861697316169739,0.8861697316169739,0.8974890112876892,0.8974890112876892,0.8974890112876892,0.8861697316169739,0.8861697316169739,0.8861697316169739,0.9401605129241944,0.9401605129241944,0.9401605129241944,0.8726720213890076,0.8726720213890076,0.8726720213890076,0.02226387429982415,0.0271446704864501,0.0173830781131982,0.8974890112876892,0.8974890112876892,0.8974890112876892,0.9488507509231568,0.9488507509231568,0.9488507509231568,0.8846485614776611,0.8846485614776611,0.8846485614776611,,,,0.9720413088798524,0.9720413088798524,0.9720413088798524,0.9865517616271972,0.9865517616271972,0.9865517616271972,0.9812868237495422,0.9812868237495422,0.9812868237495422,0.9697299599647522,0.9697299599647522,0.9697299599647522,0.9608619809150696,0.9608619809150696,0.9608619809150696,0.2647646963596344,0.2647646963596344,0.2647646963596344,0.3363285958766937,0.3363285958766937,0.3363285958766937,0.8915384113788605,0.8941157460212708,0.8889610767364502,0.973698079586029,0.973698079586029,0.973698079586029,0.9881535172462464,0.9881535172462464,0.9881535172462464,0.9832813739776612,0.9832813739776612,0.9832813739776612,0.9713022708892822,0.9713022708892822,0.9713022708892822,0.9646120071411132,0.9646120071411132,0.9646120071411132,0.2632526457309723,0.2632526457309723,0.2632526457309723,0.3347534239292145,0.3347534239292145,0.3347534239292145,0.8901964724063873,0.8920701146125793,0.8883228302001953,5ijk_acx_cut,ala_scan,A,I114A,I114
5ijk_acx_cut_A_K57A,3.333152691085628,3.333152691085628,3.333152691085628,92.23121354166668,92.23121354166668,92.23121354166668,84.57,142.23,26.91,13.91,23.45,4.37,3.7388636363636367,6.072727272727274,1.4049999999999998,66.90144055644998,69.20061502146405,64.60226609143594,0.023776,0.0249,0.022652,0.4,0.41,0.39,0.4675,0.47,0.465,33.6,56.15,11.05,0.3005,0.316,0.285,3.312562700601604,3.312562700601604,3.312562700601604,95.32493975903613,95.32493975903613,95.32493975903613,,,,,,,3.025643939393939,4.680833333333333,1.3704545454545454,77.10058266321818,79.97199897766113,74.22916634877522,0.0896985,0.094839,0.084558,0.9,0.9,0.9,0.93,0.93,0.93,,,,0.3869264480043717,0.5050652707023798,0.2687876253063636,0.8351977063727253,0.859343868984774,0.8110515437606766,,,,,,,80.13481,80.13481,80.13481,11.526983,11.526983,11.526983,0.7632619,0.7632619,0.7632619,0.8812797665596008,0.8812797665596008,0.8812797665596008,0.8972131609916687,0.8972131609916687,0.8972131609916687,0.8812797665596008,0.8812797665596008,0.8812797665596008,0.9376341104507446,0.9376341104507446,0.9376341104507446,0.8671911954879761,0.8671911954879761,0.8671911954879761,0.015233913436531951,0.0181502290070056,0.0123175978660583,0.8972131609916687,0.8972131609916687,0.8972131609916687,0.9489774107933044,0.9489774107933044,0.9489774107933044,0.884272038936615,0.884272038936615,0.884272038936615,,,,0.9765031933784484,0.9765031933784484,0.9765031933784484,0.9879060387611388,0.9879060387611388,0.9879060387611388,0.9828841090202332,0.9828841090202332,0.9828841090202332,0.97490793466568,0.97490793466568,0.97490793466568,0.9707897901535034,0.9707897901535034,0.9707897901535034,0.260529488325119,0.260529488325119,0.260529488325119,0.3146072328090668,0.3146072328090668,0.3146072328090668,0.9186994433403015,0.919387936592102,0.918010950088501,0.9762941598892212,0.9762941598892212,0.9762941598892212,0.9865804314613342,0.9865804314613342,0.9865804314613342,0.9810451865196228,0.9810451865196228,0.9810451865196228,0.975106418132782,0.975106418132782,0.975106418132782,0.9706087708473206,0.9706087708473206,0.9706087708473206,0.2620803415775299,0.2620803415775299,0.2620803415775299,0.3208878934383392,0.3208878934383392,0.3208878934383392,0.9146744906902313,0.9156773090362548,0.9136716723442078,5ijk_acx_cut,ala_scan,A,K57A,K57
5ijk_acx_cut_A_R55A,3.411107885356688,3.411107885356688,3.411107885356688,91.77039624608967,91.77039624608967,91.77039624608967,58.025000000000006,89.87,26.18,9.175,13.89,4.46,3.270138888888889,5.045833333333333,1.4944444444444445,64.29400096937349,67.20746403566172,61.38053790308525,0.0242425,0.025793,0.022692,0.42,0.43,0.41,0.4675,0.47,0.465,23.174999999999997,32.94,13.41,0.275,0.279,0.271,3.339877260044193,3.339877260044193,3.339877260044193,95.35385542168676,95.35385542168676,95.35385542168676,,,,,,,2.8577232142857145,4.2318750000000005,1.4835714285714288,78.70451301998563,81.96124839782715,75.4477776421441,0.1627425,0.163404,0.162081,0.9,0.9,0.9,0.93,0.93,0.93,,,,0.3813112014628904,0.5237167870267971,0.2389056158989836,0.8570053586600828,0.859343868984774,0.8546668483353915,,,,,,,79.718895,79.718895,79.718895,11.56345,11.56345,11.56345,0.761672,0.761672,0.761672,0.8751603364944458,0.8751603364944458,0.8751603364944458,0.8974699378013611,0.8974699378013611,0.8974699378013611,0.8751603364944458,0.8751603364944458,0.8751603364944458,0.9350325465202332,0.9350325465202332,0.9350325465202332,0.8601922392845154,0.8601922392845154,0.8601922392845154,0.01267799083143465,0.0144847081974148,0.0108712734654545,0.8974699378013611,0.8974699378013611,0.8974699378013611,0.9490947723388672,0.9490947723388672,0.9490947723388672,0.884563684463501,0.884563684463501,0.884563684463501,,,,0.9744084477424622,0.9744084477424622,0.9744084477424622,0.987605094909668,0.987605094909668,0.987605094909668,0.9826029539108276,0.9826029539108276,0.9826029539108276,0.9723597764968872,0.9723597764968872,0.9723597764968872,0.9660120606422424,0.9660120606422424,0.9660120606422424,0.2636556327342987,0.2636556327342987,0.2636556327342987,0.3415999114513397,0.3415999114513397,0.3415999114513397,0.9012015461921692,0.9018067121505736,0.9005963802337646,0.973423182964325,0.973423182964325,0.973423182964325,0.9857747554779052,0.9857747554779052,0.9857747554779052,0.980188012123108,0.980188012123108,0.980188012123108,0.9717320203781128,0.9717320203781128,0.9717320203781128,0.9647549986839294,0.9647549986839294,0.9647549986839294,0.2675584852695465,0.2675584852695465,0.2675584852695465,0.3627538383007049,0.3627538383007049,0.3627538383007049,0.88527911901474,0.8853599429130554,0.8851982951164246,5ijk_acx_cut,ala_scan,A,R55A,R55
5ijk_acx_cut_A_T113A,2.042686408283737,2.042686408283737,2.042686408283737,97.31984911550468,97.31984911550468,97.31984911550468,-2.8049999999999997,5.34,-10.95,-0.835,0.75,-2.42,1.4739583333333335,1.56875,1.3791666666666669,97.58303516949607,97.88709971880672,97.27897062018542,0.7605565000000001,0.766119,0.754994,0.92,0.92,0.92,0.49,0.49,0.49,-6.645,-5.37,-7.92,0.175,0.183,0.167,2.450524668956952,2.450524668956952,2.450524668956952,98.06020080321284,98.06020080321284,98.06020080321284,,,,,,,1.6441666666666666,1.6966666666666663,1.5916666666666668,97.19845235915412,98.26333363850912,96.13357107979913,0.808197,0.810118,0.806276,0.94,0.94,0.94,0.95,0.95,0.95,,,,0.8612831990505418,0.8689272211580745,0.8536391769430092,0.869703510114519,0.8958346702815816,0.8435723499474563,,,,,,,79.7059,79.7059,79.7059,11.587476,11.587476,11.587476,0.7601826,0.7601826,0.7601826,0.8915206789970398,0.8915206789970398,0.8915206789970398,0.8964135050773621,0.8964135050773621,0.8964135050773621,0.8915206789970398,0.8915206789970398,0.8915206789970398,0.9466193914413452,0.9466193914413452,0.9466193914413452,0.8777459859848022,0.8777459859848022,0.8777459859848022,0.02496096864342685,0.0308369118720293,0.0190850254148244,0.8964135050773621,0.8964135050773621,0.8964135050773621,0.9484602808952332,0.9484602808952332,0.9484602808952332,0.8834017515182495,0.8834017515182495,0.8834017515182495,,,,0.975850522518158,0.975850522518158,0.975850522518158,0.987174928188324,0.987174928188324,0.987174928188324,0.9821773171424866,0.9821773171424866,0.9821773171424866,0.9742687940597534,0.9742687940597534,0.9742687940597534,0.9680973887443542,0.9680973887443542,0.9680973887443542,0.2620547711849212,0.2620547711849212,0.2620547711849212,0.3188561797142029,0.3188561797142029,0.3188561797142029,0.9102492034435272,0.910552144050598,0.9099462628364564,0.9779251217842102,0.9779251217842102,0.9779251217842102,0.9891918897628784,0.9891918897628784,0.9891918897628784,0.984652042388916,0.984652042388916,0.984652042388916,0.9762433767318726,0.9762433767318726,0.9762433767318726,0.9712721705436708,0.9712721705436708,0.9712721705436708,0.2576339244842529,0.2576339244842529,0.2576339244842529,0.2958988547325134,0.2958988547325134,0.2958988547325134,0.9244146049022675,0.9249857664108276,0.9238434433937072,5ijk_acx_cut,ala_scan,A,T113A,T113
5ijk_acx_cut_B_K36A,3.2200141933194626,3.2200141933194626,3.2200141933194626,93.155359375,93.155359375,93.155359375,30.1,47.9,12.3,7.16,12.32,2.0,3.395,5.29,1.5,72.26629454621187,78.30996716886028,66.22262192356344,0.06741799999999999,0.081144,0.053692,0.55,0.58,0.52,0.4725,0.475,0.47,15.525,25.11,5.94,0.167,0.169,0.165,2.9013699779035824,2.9013699779035824,2.9013699779035824,96.83200803212851,96.83200803212851,96.83200803212851,,,,,,,2.7100833333333334,3.926666666666667,1.4934999999999998,88.61657278878349,91.7760009765625,85.45714460100446,0.3680725,0.395614,0.340531,0.92,0.92,0.92,0.94,0.94,0.94,,,,0.3993165949708049,0.5069929729091317,0.2916402170324781,0.8678105787348406,0.8741879221822763,0.8614332352874049,,,,,,,79.46377,79.46377,79.46377,11.499666,11.499666,11.499666,0.76505154,0.76505154,0.76505154,0.8929494619369507,0.8929494619369507,0.8929494619369507,0.8963197469711304,0.8963197469711304,0.8963197469711304,0.8929494619369507,0.8929494619369507,0.8929494619369507,0.9440355896949768,0.9440355896949768,0.9440355896949768,0.880177915096283,0.880177915096283,0.880177915096283,0.030389273539185503,0.0380325615406036,0.0227459855377674,0.8963197469711304,0.8963197469711304,0.8963197469711304,0.9488582015037536,0.9488582015037536,0.9488582015037536,0.883185088634491,0.883185088634491,0.883185088634491,,,,0.9808771014213562,0.9808771014213562,0.9808771014213562,0.9889374375343324,0.9889374375343324,0.9889374375343324,0.9844663739204408,0.9844663739204408,0.9844663739204408,0.9799797534942628,0.9799797534942628,0.9799797534942628,0.974695086479187,0.974695086479187,0.974695086479187,0.2561057209968567,0.2561057209968567,0.2561057209968567,0.2812279164791107,0.2812279164791107,0.2812279164791107,0.9437083303928375,0.944145917892456,0.943270742893219,0.9843561053276062,0.9843561053276062,0.9843561053276062,0.9900429844856262,0.9900429844856262,0.9900429844856262,0.9859442114830016,0.9859442114830016,0.9859442114830016,0.983959138393402,0.983959138393402,0.983959138393402,0.9822778701782228,0.9822778701782228,0.9822778701782228,0.255137026309967,0.255137026309967,0.255137026309967,0.2734575867652893,0.2734575867652893,0.2734575867652893,0.9538933038711548,0.954154908657074,0.9536316990852356,5ijk_acx_cut,ala_scan,B,K36A,K36
5ijk_acx_cut_B_T113A,3.117051337881648,3.117051337881648,3.117051337881648,92.44480749219564,92.44480749219564,92.44480749219564,30.825,33.93,27.72,4.279999999999999,4.68,3.88,2.7484375,3.996875,1.5,74.34152217103366,76.15447100764572,72.52857333442158,0.075896,0.079628,0.072164,0.535,0.54,0.53,0.4725,0.475,0.47,7.47,9.11,5.83,0.272,0.291,0.253,3.3107396654892662,3.3107396654892662,3.3107396654892662,95.24718875502008,95.24718875502008,95.24718875502008,,,,,,,2.5332692307692306,3.611538461538461,1.455,80.25425026416778,81.16749978065491,79.34100074768067,0.106184,0.120193,0.092175,0.9,0.9,0.9,0.93,0.93,0.93,,,,0.39494189415871306,0.5268397920091078,0.2630439963083184,0.8542603391815151,0.8587104931542459,0.8498101852087843,,,,,,,79.82508,79.82508,79.82508,11.518708,11.518708,11.518708,0.7639055,0.7639055,0.7639055,0.8939468264579773,0.8939468264579773,0.8939468264579773,0.897383987903595,0.897383987903595,0.897383987903595,0.8939468264579773,0.8939468264579773,0.8939468264579773,0.945764660835266,0.945764660835266,0.945764660835266,0.8809922933578491,0.8809922933578491,0.8809922933578491,0.03454237710684535,0.0446200408041477,0.024464713409543,0.897383987903595,0.897383987903595,0.897383987903595,0.9488034248352052,0.9488034248352052,0.9488034248352052,0.8845291137695312,0.8845291137695312,0.8845291137695312,,,,0.9777551889419556,0.9777551889419556,0.9777551889419556,0.9895592331886292,0.9895592331886292,0.9895592331886292,0.9854019284248352,0.9854019284248352,0.9854019284248352,0.9758434295654296,0.9758434295654296,0.9758434295654296,0.9699931144714355,0.9699931144714355,0.9699931144714355,0.2556042969226837,0.2556042969226837,0.2556042969226837,0.2795100212097168,0.2795100212097168,0.2795100212097168,0.944919764995575,0.9449474215507508,0.9448921084403992,0.9810418486595154,0.9810418486595154,0.9810418486595154,0.9898574948310852,0.9898574948310852,0.9898574948310852,0.9859354496002196,0.9859354496002196,0.9859354496002196,0.9798184037208556,0.9798184037208556,0.9798184037208556,0.9764986634254456,0.9764986634254456,0.9764986634254456,0.255878746509552,0.255878746509552,0.255878746509552,0.2813635766506195,0.2813635766506195,0.2813635766506195,0.9414641857147216,0.9429783821105956,0.9399499893188475,5ijk_acx_cut,ala_scan,B,T113A,T113
5ijk_acx_cut_B_W56A,2.3825502814470734,2.3825502814470734,2.3825502814470734,96.6786631853786,96.6786631853786,96.6786631853786,6.989999999999999,17.72,-3.74,0.8500000000000001,2.47,-0.77,1.7013888888888888,1.8444444444444448,1.5583333333333331,95.56170301013326,96.66319938700951,94.460206633257,0.6069705,0.62906,0.584881,0.855,0.86,0.85,0.4825,0.485,0.48,3.9499999999999997,6.02,1.88,0.163,0.169,0.157,2.468081482556733,2.468081482556733,2.468081482556733,97.97807228915664,97.97807228915664,97.97807228915664,,,,,,,1.6593181818181817,1.7286363636363635,1.59,95.47625064849854,95.74416796366374,95.20833333333331,0.7841024999999999,0.784809,0.783396,0.93,0.93,0.93,0.95,0.95,0.95,,,,0.8834916210291255,0.8928303568237512,0.8741528852344997,0.8528129214996589,0.8576906200448089,0.847935222954509,,,,,,,79.48419,79.48419,79.48419,11.563391,11.563391,11.563391,0.76299715,0.76299715,0.76299715,0.9018335938453674,0.9018335938453674,0.9018335938453674,0.8967767953872681,0.8967767953872681,0.8967767953872681,0.9018335938453674,0.9018335938453674,0.9018335938453674,0.9527294635772704,0.9527294635772704,0.9527294635772704,0.8891096115112305,0.8891096115112305,0.8891096115112305,0.039304551668465096,0.0490369834005832,0.029572119936347,0.8967767953872681,0.8967767953872681,0.8967767953872681,0.9485487341880798,0.9485487341880798,0.9485487341880798,0.8838337659835815,0.8838337659835815,0.8838337659835815,,,,0.9763798117637634,0.9763798117637634,0.9763798117637634,0.9893583059310912,0.9893583059310912,0.9893583059310912,0.9851069450378418,0.9851069450378418,0.9851069450378418,0.9741979241371156,0.9741979241371156,0.9741979241371156,0.9665659070014954,0.9665659070014954,0.9665659070014954,0.2561832666397095,0.2561832666397095,0.2561832666397095,0.2810215055942535,0.2810215055942535,0.2810215055942535,0.9449348747730255,0.9452354311943054,0.9446343183517456,0.979604184627533,0.979604184627533,0.979604184627533,0.989648699760437,0.989648699760437,0.989648699760437,0.9851880669593812,0.9851880669593812,0.9851880669593812,0.9782081842422484,0.9782081842422484,0.9782081842422484,0.9737287163734436,0.9737287163734436,0.9737287163734436,0.2560265064239502,0.2560265064239502,0.2560265064239502,0.2796295285224914,0.2796295285224914,0.2796295285224914,0.9466046392917633,0.9466083645820618,0.9466009140014648,5ijk_acx_cut,ala_scan,B,W56A,W56
5ijk_acx_cut_B_Y107A,3.1631199496782307,3.1631199496782307,3.1631199496782307,93.55384976525822,93.55384976525822,93.55384976525822,41.519999999999996,51.37,31.67,7.365,8.47,6.26,2.2145833333333336,2.9625000000000004,1.4666666666666668,72.90536106222234,76.01208363985316,69.79863848459154,0.026279999999999998,0.02631,0.02625,0.415,0.42,0.41,0.47,0.47,0.47,40.620000000000005,44.13,37.11,0.2985,0.326,0.271,2.834351542717053,2.834351542717053,2.834351542717053,96.92506024096384,96.92506024096384,96.92506024096384,,,,,,,1.937857142857143,2.345,1.5307142857142857,85.59699948628744,85.8489990234375,85.34499994913737,0.21040799999999998,0.211806,0.20901,0.91,0.91,0.91,0.94,0.94,0.94,,,,0.34652219247345145,0.4288109792105041,0.2642334057363988,0.8728410341833939,0.8794234651131759,0.8662586032536117,,,,,,,79.72325,79.72325,79.72325,11.503156,11.503156,11.503156,0.7641337,0.7641337,0.7641337,0.8945642113685608,0.8945642113685608,0.8945642113685608,0.8962979316711426,0.8962979316711426,0.8962979316711426,0.8945642113685608,0.8945642113685608,0.8945642113685608,0.9463183879852296,0.9463183879852296,0.9463183879852296,0.8816256523132324,0.8816256523132324,0.8816256523132324,0.02648626826703545,0.0319918692111969,0.020980667322874,0.8962979316711426,0.8962979316711426,0.8962979316711426,0.948544979095459,0.948544979095459,0.948544979095459,0.8832361698150635,0.8832361698150635,0.8832361698150635,,,,0.9782114028930664,0.9782114028930664,0.9782114028930664,0.9897363781929016,0.9897363781929016,0.9897363781929016,0.9854767322540284,0.9854767322540284,0.9854767322540284,0.976395070552826,0.976395070552826,0.976395070552826,0.9689451456069946,0.9689451456069946,0.9689451456069946,0.2565238177776336,0.2565238177776336,0.2565238177776336,0.2882432043552398,0.2882432043552398,0.2882432043552398,0.9410736262798309,0.9412339329719543,0.9409133195877076,0.9804556965827942,0.9804556965827942,0.9804556965827942,0.988467276096344,0.988467276096344,0.988467276096344,0.9837485551834106,0.9837485551834106,0.9837485551834106,0.9796324968338012,0.9796324968338012,0.9796324968338012,0.975231945514679,0.975231945514679,0.975231945514679,0.2585203051567077,0.2585203051567077,0.2585203051567077,0.2961010038852691,0.2961010038852691,0.2961010038852691,0.9338965117931366,0.9342876076698304,0.9335054159164428,5ijk_acx_cut,ala_scan,B,Y107A,Y107
5ijk_acx_cut_B_Y108A,3.341984806696666,3.341984806696666,3.341984806696666,91.6418257694314,91.6418257694314,91.6418257694314,41.775000000000006,49.35,34.2,7.04,8.23,5.85,3.9027777777777777,6.133333333333334,1.672222222222222,65.01685892361755,69.48089729311836,60.55282055411675,0.024165,0.024334,0.023996,0.425,0.43,0.42,0.4675,0.47,0.465,14.54,15.92,13.16,0.247,0.252,0.242,3.2369126304414446,3.2369126304414446,3.2369126304414446,95.69875502008033,95.69875502008033,95.69875502008033,,,,,,,3.7259821428571422,5.37625,2.075714285714285,82.42483329772949,83.75666809082031,81.09299850463867,0.2351975,0.23539,0.235005,0.91,0.91,0.91,0.93,0.93,0.93,,,,0.38264610825048073,0.5210712068985307,0.2442210096024307,0.8584958387730857,0.8623248292107797,0.8546668483353915,,,,,,,79.700134,79.700134,79.700134,11.491639,11.491639,11.491639,0.76238704,0.76238704,0.76238704,0.8779662847518921,0.8779662847518921,0.8779662847518921,0.8969205021858215,0.8969205021858215,0.8969205021858215,0.8779662847518921,0.8779662847518921,0.8779662847518921,0.9355632662773132,0.9355632662773132,0.9355632662773132,0.863567054271698,0.863567054271698,0.863567054271698,0.0113529013469815,0.0119352163746953,0.0107705863192677,0.8969205021858215,0.8969205021858215,0.8969205021858215,0.9487802386283876,0.9487802386283876,0.9487802386283876,0.8839555978775024,0.8839555978775024,0.8839555978775024,,,,0.9780659675598145,0.9780659675598145,0.9780659675598145,0.987413763999939,0.987413763999939,0.987413763999939,0.982272207736969,0.982272207736969,0.982272207736969,0.977014422416687,0.977014422416687,0.977014422416687,0.9714811444282532,0.9714811444282532,0.9714811444282532,0.2586254775524139,0.2586254775524139,0.2586254775524139,0.2936596870422363,0.2936596870422363,0.2936596870422363,0.9320082664489746,0.9329738020896912,0.931042730808258,0.9797651171684264,0.9797651171684264,0.9797651171684264,0.9889808893203736,0.9889808893203736,0.9889808893203736,0.984449863433838,0.984449863433838,0.984449863433838,0.9785939455032348,0.9785939455032348,0.9785939455032348,0.9743019938468932,0.9743019938468932,0.9743019938468932,0.2567090392112732,0.2567090392112732,0.2567090392112732,0.2864778339862823,0.2864778339862823,0.2864778339862823,0.9395732879638672,0.9407726526260376,0.9383739233016968,5ijk_acx_cut,ala_scan,B,Y108A,Y108
5ijk_acx_cut_B_Y31A,3.093042047708908,3.093042047708908,3.093042047708908,94.54632237871674,94.54632237871674,94.54632237871674,49.185,89.28,9.09,7.655,12.16,3.15,2.3549342105263156,3.1625,1.5473684210526315,80.44761951699058,80.82622014488837,80.06901888909279,0.054125999999999994,0.065035,0.043217,0.545,0.56,0.53,0.475,0.475,0.475,34.625,47.19,22.06,0.4015,0.405,0.398,3.0472182706730533,3.0472182706730533,3.0472182706730533,96.02,96.02,96.02,,,,,,,2.015625,2.78625,1.245,78.14371455056326,80.38600006103516,75.90142904009137,0.0947765,0.095908,0.093645,0.91,0.91,0.91,0.93,0.93,0.93,,,,0.5954739762217378,0.7692082613296608,0.4217396911138147,0.8530827284019853,0.8703572962655097,0.835808160538461,,,,,,,80.138664,80.138664,80.138664,11.434405,11.434405,11.434405,0.7642455,0.7642455,0.7642455,0.8757623434066772,0.8757623434066772,0.8757623434066772,0.8969705104827881,0.8969705104827881,0.8969705104827881,0.8757623434066772,0.8757623434066772,0.8757623434066772,0.9336868524551392,0.9336868524551392,0.9336868524551392,0.8612812161445618,0.8612812161445618,0.8612812161445618,0.00937768397852775,0.009815108962357,0.0089402589946985,0.8969705104827881,0.8969705104827881,0.8969705104827881,0.9488543272018432,0.9488543272018432,0.9488543272018432,0.8839995265007019,0.8839995265007019,0.8839995265007019,,,,0.9786375164985656,0.9786375164985656,0.9786375164985656,0.9898690581321716,0.9898690581321716,0.9898690581321716,0.9857210516929626,0.9857210516929626,0.9857210516929626,0.9768666625022888,0.9768666625022888,0.9768666625022888,0.97004497051239,0.97004497051239,0.97004497051239,0.2550587952136993,0.2550587952136993,0.2550587952136993,0.2793523371219635,0.2793523371219635,0.2793523371219635,0.9445659816265106,0.945160746574402,0.9439712166786194,0.9808077812194824,0.9808077812194824,0.9808077812194824,0.989554524421692,0.989554524421692,0.989554524421692,0.9852134585380554,0.9852134585380554,0.9852134585380554,0.979706346988678,0.979706346988678,0.979706346988678,0.9751611351966858,0.9751611351966858,0.9751611351966858,0.256096601486206,0.256096601486206,0.256096601486206,0.2839860022068023,0.2839860022068023,0.2839860022068023,0.9438000023365021,0.9439863562583924,0.9436136484146118,5ijk_acx_cut,ala_scan,B,Y31A,Y31
5ijk_acx_cut_B_Y38A,3.4551539491298526,3.4551539491298526,3.4551539491298526,91.80864893062076,91.80864893062076,91.80864893062076,84.05,110.8,57.3,13.855,19.26,8.45,4.2665178571428575,5.61875,2.914285714285714,68.72738650327923,71.90214008434052,65.55263292221795,0.047625,0.057668,0.037582,0.5549999999999999,0.58,0.53,0.4675,0.47,0.465,47.115,59.2,35.03,0.3155,0.316,0.315,3.2528328575345555,3.2528328575345555,3.2528328575345555,95.51257028112448,95.51257028112448,95.51257028112448,,,,,,,2.98125,3.5625,2.4,75.43909078077837,75.93999977111817,74.93818179043856,0.071623,0.077534,0.065712,0.9,0.9,0.9,0.93,0.93,0.93,,,,0.24986857637309734,0.26152490169447,0.2382122510517247,0.8365374298433494,0.8620233159260222,0.8110515437606766,,,,,,,80.05418,80.05418,80.05418,11.326717,11.326717,11.326717,0.7673031,0.7673031,0.7673031,0.8769315481185913,0.8769315481185913,0.8769315481185913,0.8965091109275818,0.8965091109275818,0.8965091109275818,0.8769315481185913,0.8769315481185913,0.8769315481185913,0.9345978498458862,0.9345978498458862,0.9345978498458862,0.8625149726867676,0.8625149726867676,0.8625149726867676,0.0088588674552738,0.0089874938130378,0.0087302410975098,0.8965091109275818,0.8965091109275818,0.8965091109275818,0.9489346146583556,0.9489346146583556,0.9489346146583556,0.8834027647972107,0.8834027647972107,0.8834027647972107,,,,0.978641152381897,0.978641152381897,0.978641152381897,0.9898067116737366,0.9898067116737366,0.9898067116737366,0.9855931401252748,0.9855931401252748,0.9855931401252748,0.9769031405448914,0.9769031405448914,0.9769031405448914,0.9706941843032836,0.9706941843032836,0.9706941843032836,0.2551367580890655,0.2551367580890655,0.2551367580890655,0.2782084941864013,0.2782084941864013,0.2782084941864013,0.9511983394622802,0.9523071646690368,0.9500895142555236,0.979851245880127,0.979851245880127,0.979851245880127,0.9906911849975586,0.9906911849975586,0.9906911849975586,0.986766278743744,0.986766278743744,0.986766278743744,0.9781225323677064,0.9781225323677064,0.9781225323677064,0.9730619192123412,0.9730619192123412,0.9730619192123412,0.2556997537612915,0.2556997537612915,0.2556997537612915,0.2850200235843658,0.2850200235843658,0.2850200235843658,0.9488005042076111,0.9496521949768066,0.9479488134384156,5ijk_acx_cut,ala_scan,B,Y38A,Y38
5ijk_acx_cut_all_A,4.27697295204916,4.27697295204916,4.27697295204916,90.39243692968331,90.39243692968331,90.39243692968331,55.26,89.36,21.16,7.055,9.35,4.76,4.580952380952381,5.745238095238095,3.416666666666666,71.83043811229274,76.59976462512822,67.06111159945725,0.05825,0.065754,0.050746,0.45499999999999996,0.47,0.44,0.455,0.455,0.455,7.6899999999999995,9.94,5.44,0.202,0.204,0.2,2.806175868131159,2.806175868131159,2.806175868131159,96.6449799196787,96.6449799196787,96.6449799196787,,,,,,,2.0203863636363635,2.244772727272727,1.796,88.77632117952619,90.27714320591518,87.2754991531372,0.2906955,0.318446,0.262945,0.92,0.92,0.92,0.94,0.94,0.94,,,,0.36012607633010996,0.3670638508419581,0.3531883018182618,0.8527880960818393,0.8587104931542459,0.8468656990094325,,,,,,,77.665565,77.665565,77.665565,12.6226635,12.6226635,12.6226635,0.7347355,0.7347355,0.7347355,0.8852161169052124,0.8852161169052124,0.8852161169052124,0.8966989517211914,0.8966989517211914,0.8966989517211914,0.8852161169052124,0.8852161169052124,0.8852161169052124,0.9400789737701416,0.9400789737701416,0.9400789737701416,0.8715003728866577,0.8715003728866577,0.8715003728866577,0.0207343706861138,0.0221287198364734,0.0193400215357542,0.8966989517211914,0.8966989517211914,0.8966989517211914,0.9487625360488892,0.9487625360488892,0.9487625360488892,0.8836830258369446,0.8836830258369446,0.8836830258369446,,,,0.9413785934448242,0.9413785934448242,0.9413785934448242,0.986333668231964,0.986333668231964,0.986333668231964,0.980986714363098,0.980986714363098,0.980986714363098,0.9314765334129332,0.9314765334129332,0.9314765334129332,0.8820992112159729,0.8820992112159729,0.8820992112159729,0.2888233959674835,0.2888233959674835,0.2888233959674835,0.5453720688819885,0.5453720688819885,0.5453720688819885,0.8316439390182495,0.845815122127533,0.8174727559089661,0.9411673545837402,0.9411673545837402,0.9411673545837402,0.9807392954826356,0.9807392954826356,0.9807392954826356,0.9739915728569032,0.9739915728569032,0.9739915728569032,0.9329613447189332,0.9329613447189332,0.9329613447189332,0.8875592350959778,0.8875592350959778,0.8875592350959778,0.2992370128631592,0.2992370128631592,0.2992370128631592,0.5406189560890198,0.5406189560890198,0.5406189560890198,0.8397501707077026,0.8566634654998779,0.8228368759155273,5ijk_acx_cut_all_A,binder,,,
