,sample,score_split_0,score_split_1,score_split_2,score_split_3,score_split_4,bibs_score,bibs_std,pdb_id,category,binder,heavy_chain,light_chain,antigen_chain,label,b2_ipsae
1,5ifj_abc_cut_A_D111A_model_0,0.0053640082,0.94664174,0.71687186,0.5847728,0.97994494,0.6467190696399999,0.3940457327599693,5ifj,mutant,0,A,B,C,Non-binder,0.906492
2,5ifj_abc_cut_A_K110A_model_0,0.004725352,0.9367369,0.6366271,0.004649663,0.65292424,0.447132651,0.42115497676677643,5ifj,mutant,0,A,B,C,Non-binder,0.9236005
3,5ifj_abc_cut_A_S64A_model_0,0.0027842647,0.90619576,0.86619294,0.006932756,0.6893344,0.49428802414,0.45417932608324724,5ifj,mutant,0,A,B,C,Non-binder,0.895323
4,5ifj_abc_cut_A_W52A_model_0,0.0007367813,0.16084826,0.10949919,0.004070331,0.26520947,0.10807280645999999,0.11159833252987597,5ifj,mutant,0,A,B,C,Non-binder,0.900443
5,5ifj_abc_cut_A_Y66A_model_0,0.0028182622,0.41637567,0.55115503,0.017002443,0.14835371,0.22714102304,0.24570367969595056,5ifj,mutant,0,A,B,C,Non-binder,0.889697
6,5ifj_abc_cut_B_L116A_model_0,0.006498683,0.9409309,0.9635004,0.082052864,0.879987,0.5745939694,0.48580985389374987,5ifj,mutant,0,A,B,C,Non-binder,0.886428
7,5ifj_abc_cut_B_V38A_model_0,0.0033246707,0.80254805,0.75151473,0.012449401,0.7170074,0.45736885033999997,0.4114584086922975,5ifj,mutant,0,A,B,C,Non-binder,0.903164
8,5ifj_abc_cut_B_W107A_model_0,0.031799264,0.9790491,0.9980895,0.5877898,0.9803444,0.7154144128,0.4192892989325978,5ifj,mutant,0,A,B,C,Non-binder,
9,5ifj_abc_cut_B_Y37A_model_0,0.01298922,0.92531717,0.9032623,0.41439417,0.6989313,0.590978832,0.3828220730390181,5ifj,mutant,0,A,B,C,Non-binder,0.8291955
10,5ifj_abc_cut_all_A_model_0,0.071561046,0.11680797,0.007056004,0.0023689577,1.3476433e-06,0.039559065068660006,0.05243063553269973,5ifj,mutant,0,A,B,C,Non-binder,0.8325225
11,5ifj_abc_cut_model_0,0.012341685,0.9786742,0.9237033,0.1077382,0.99827874,0.604147225,0.49859349887067167,5ifj,WT,1,A,B,C,Binder,0.9025995
13,5ig7_abc_cut_A_K110A_model_0,0.11233194,0.99256,0.9828115,0.81052524,0.9999342,0.779632576,0.38124698821142583,5ig7,mutant,0,A,B,C,Non-binder,0.932172
14,5ig7_abc_cut_A_W52A_model_0,0.0022789142,0.5066624,0.41058242,0.101858824,0.03684418,0.21164534763999998,0.23078878459264462,5ig7,mutant,0,A,B,C,Non-binder,0.891531
15,5ig7_abc_cut_A_Y66A_model_0,0.012096686,0.67114645,0.12234476,0.03811979,0.15695335,0.20013220719999997,0.26989585868043187,5ig7,mutant,0,A,B,C,Non-binder,0.9189795
16,5ig7_abc_cut_B_G114A_model_0,0.14910223,0.98173803,0.99257964,0.46918702,0.99597293,0.7177159700000001,0.38979893706430374,5ig7,mutant,0,A,B,C,Non-binder,0.9290955
17,5ig7_abc_cut_B_L116A_model_0,0.29744923,0.9797253,0.9917734,0.7251261,0.9805135,0.794917506,0.2998739579775154,5ig7,mutant,0,A,B,C,Non-binder,0.8910635
18,5ig7_abc_cut_B_V38A_model_0,0.023454417,0.9355515,0.981967,0.5373792,0.79494315,0.6546590534,0.3930281616022261,5ig7,mutant,0,A,B,C,Non-binder,0.882437
19,5ig7_abc_cut_B_W107A_model_0,0.4220016,0.9884361,0.99870634,0.7589022,0.96458966,0.82652718,0.246543856490057,5ig7,mutant,0,A,B,C,Non-binder,0.878922
20,5ig7_abc_cut_B_Y37A_model_0,0.47622424,0.9834585,0.9992138,0.8504717,0.9998466,0.861842968,0.22446447083752055,5ig7,mutant,0,A,B,C,Non-binder,0.8595815
21,5ig7_abc_cut_all_A_model_0,0.0036194045,0.00026535525,0.03229825,0.12888038,1.2757451e-07,0.033012703464901996,0.055265963427001644,5ig7,mutant,0,A,B,C,Non-binder,0.836499
22,5ig7_abc_cut_model_0,0.020588402,0.71229416,0.85418427,0.08391903,0.9646896,0.5271350924,0.44320678569065547,5ig7,WT,1,A,B,C,Binder,0.922983
24,5ijk_acx_cut_A_I112A_model_0,0.2864296,0.7654785,0.25294143,0.19755329,0.005313178,0.3015431996,0.28124395231458377,5ijk,mutant,0,A,B,C,Non-binder,0.881354
25,5ijk_acx_cut_A_I114A_model_0,0.017590458,0.27011213,0.48112562,0.10013505,5.8411795e-05,0.173804333959,0.20232347141517795,5ijk,mutant,0,A,B,C,Non-binder,0.786668
26,5ijk_acx_cut_A_K57A_model_0,0.16669492,0.820727,0.772279,0.27460575,0.14909016,0.436679366,0.33241040485177537,5ijk,mutant,0,A,B,C,Non-binder,0.852889
27,5ijk_acx_cut_A_R55A_model_0,0.0013682786,0.0911584,0.055168483,0.0044427556,0.0008786186,0.030603307159999992,0.04090533460237053,5ijk,mutant,0,A,B,C,Non-binder,0.80441
28,5ijk_acx_cut_A_T113A_model_0,0.024236485,0.9278155,0.8591231,0.2900513,0.09450049,0.439145375,0.42671369427330674,5ijk,mutant,0,A,B,C,Non-binder,0.835586
29,5ijk_acx_cut_B_K36A_model_0,0.026355125,0.93082917,0.90406096,0.44299933,0.0033687714,0.46152267128,0.45158266967600624,5ijk,mutant,0,A,B,C,Non-binder,
30,5ijk_acx_cut_B_T113A_model_0,0.008492934,0.92806184,0.30918473,0.04713192,0.00029416883,0.25863311856599996,0.395200000120066,5ijk,mutant,0,A,B,C,Non-binder,0.9111605
31,5ijk_acx_cut_B_W56A_model_0,0.23359558,0.95083696,0.978125,0.6522344,0.015349406,0.5660282692,0.4298521967673169,5ijk,mutant,0,A,B,C,Non-binder,0.9112605
32,5ijk_acx_cut_B_Y107A_model_0,0.007055268,0.70500076,0.53524125,0.35335302,0.019652702,0.32406060000000003,0.3097286179810937,5ijk,mutant,0,A,B,C,Non-binder,0.902655
33,5ijk_acx_cut_B_Y108A_model_0,0.0015017063,0.8984495,0.719843,0.59354603,0.0005885384,0.44278575493999994,0.41754904383747005,5ijk,mutant,0,A,B,C,Non-binder,0.887121
34,5ijk_acx_cut_B_Y31A_model_0,0.0013743986,0.24736875,0.48824412,0.13953854,0.0024404423,0.17579325017999997,0.2028152694093565,5ijk,mutant,0,A,B,C,Non-binder,0.9101925
35,5ijk_acx_cut_B_Y38A_model_0,0.0020952078,0.75036633,0.54378724,0.03682457,0.0013059742,0.2668758644,0.3549657381382997,5ijk,mutant,0,A,B,C,Non-binder,0.9222675
36,5ijk_acx_cut_all_A_model_0,0.00044462827,0.06002683,0.012641913,0.028239086,0.0001108922,0.020292669894000002,0.025008658483153885,5ijk,mutant,0,A,B,C,Non-binder,0.5902475
37,5ijk_acx_cut_model_0,0.54960185,0.9739604,0.9753277,0.8131551,0.88812774,0.8400345579999999,0.17580314468256342,5ijk,WT,1,A,B,C,Binder,0.9194805
