sample;binder;boltz_free_ipsae
5ifj_abc_cut;1;0.9025995
5ifj_abc_cut_A_D111A;0;0.906492
5ifj_abc_cut_A_K110A;0;0.9236005
5ifj_abc_cut_A_S64A;0;0.895323
5ifj_abc_cut_A_W52A;0;0.900443
5ifj_abc_cut_A_Y66A;0;0.889697
5ifj_abc_cut_B_L116A;0;0.886428
5ifj_abc_cut_B_V38A;0;0.903164
5ifj_abc_cut_B_Y37A;0;0.8291955
5ifj_abc_cut_all_A;0;0.8325225
5ig7_abc_cut;1;0.922983
5ig7_abc_cut_A_K110A;0;0.932172
5ig7_abc_cut_A_W52A;0;0.891531
5ig7_abc_cut_A_Y66A;0;0.9189795
5ig7_abc_cut_B_G114A;0;0.9290955
5ig7_abc_cut_B_L116A;0;0.8910635
5ig7_abc_cut_B_V38A;0;0.882437
5ig7_abc_cut_B_W107A;0;0.878922
5ig7_abc_cut_B_Y37A;0;0.8595815
5ig7_abc_cut_all_A;0;0.836499
5ijk_acx_cut;1;0.9194805
5ijk_acx_cut_A_I112A;0;0.881354
5ijk_acx_cut_A_I114A;0;0.786668
5ijk_acx_cut_A_K57A;0;0.852889
5ijk_acx_cut_A_R55A;0;0.80441
5ijk_acx_cut_A_T113A;0;0.835586
5ijk_acx_cut_B_T113A;0;0.9111605
5ijk_acx_cut_B_W56A;0;0.9112605
5ijk_acx_cut_B_Y107A;0;0.902655
5ijk_acx_cut_B_Y108A;0;0.887121
5ijk_acx_cut_B_Y31A;0;0.9101925
5ijk_acx_cut_B_Y38A;0;0.9222675
5ijk_acx_cut_all_A;0;0.5902475
