sample,binding,interface,af3_pae,af3_plddt,af3_interface_dG,af3_interface_dG_SASA_ratio,af3_ipae,af3_iplddt,af3_ipsae,af3_pdockq,af3_pdockq2,af3_lis,af3_iptm,af3_ptm,af3_pyros_binder_score,af3_rank,af3_ranking_score,af3_rank0_masif,cf_af3_rmsd,cf_pae,cf_plddt,cf_interface_dG,cf_interface_dG_SASA_ratio,cf_ipae,cf_iplddt,cf_ipsae,cf_pdockq,cf_pdockq2,cf_lis,cf_iptm,cf_ptm,cf_pyros_binder_score,cf_rank,cf_rank0_masif,pred_ilddt,pred_lddt,esmfold_ipae,esmfold_iplddt,esmfold_plddt,esmfold_pae,esmfold_ptm,esmfold2_ipae,esmfold2_iplddt,esmfold2_plddt,esmfold2_pae,esmfold2_ptm,esmfold2_iptm,chai_unconstrained_score,chai_unconstrained_model_path,chai_constrained_score,chai_constrained_model_path,chai_unconstrained_aggregate_score,chai_unconstrained_ptm,chai_unconstrained_iptm,chai_unconstrained_per_chain_ptm,chai_unconstrained_per_chain_pair_iptm,chai_unconstrained_interface_iptm,chai_unconstrained_ipsae,chai_unconstrained_pdockq,chai_unconstrained_pdockq2,chai_unconstrained_lis,chai_constrained_aggregate_score,chai_constrained_ptm,chai_constrained_iptm,chai_constrained_per_chain_ptm,chai_constrained_per_chain_pair_iptm,chai_constrained_interface_iptm,chai_constrained_ipsae,chai_constrained_pdockq,chai_constrained_pdockq2,chai_constrained_lis,boltz_free_confidence_score,boltz_free_ptm,boltz_free_iptm,boltz_free_plddt,boltz_free_iplddt,boltz_free_pde,boltz_free_ipde,boltz_free_per_chain_pair_iptm,boltz_free_model_path,boltz_free_ipsae,boltz_free_pdockq,boltz_free_pdockq2,boltz_free_lis,boltz_template_confidence_score,boltz_template_ptm,boltz_template_iptm,boltz_template_plddt,boltz_template_iplddt,boltz_template_pde,boltz_template_ipde,boltz_template_per_chain_pair_iptm,boltz_template_model_path,boltz_template_ipsae,boltz_template_pdockq,boltz_template_pdockq2,boltz_template_lis,af3_esm3dg_dg,af3_esm3dg_dg_a,af3_esm3dg_dg_b,af3_esm3dg_dg_std,af3_mpnn_confidence,af3_mpnn_nll,af3_mpnn_nll_a,af3_mpnn_nll_b,boltz_free_esm3dg_dg,boltz_free_esm3dg_dg_a,boltz_free_esm3dg_dg_b,boltz_free_esm3dg_dg_std,boltz_free_mpnn_confidence,boltz_free_mpnn_nll,boltz_free_mpnn_nll_a,boltz_free_mpnn_nll_b,boltz_template_esm3dg_dg,boltz_template_esm3dg_dg_a,boltz_template_esm3dg_dg_b,boltz_template_esm3dg_dg_std,boltz_template_mpnn_confidence,boltz_template_mpnn_nll,boltz_template_mpnn_nll_a,boltz_template_mpnn_nll_b,cf_esm3dg_dg,cf_esm3dg_dg_a,cf_esm3dg_dg_b,cf_esm3dg_dg_std,cf_mpnn_confidence,cf_mpnn_nll,cf_mpnn_nll_a,cf_mpnn_nll_b,chai_constrained_esm3dg_dg,chai_constrained_esm3dg_dg_a,chai_constrained_esm3dg_dg_b,chai_constrained_esm3dg_dg_std,chai_constrained_mpnn_confidence,chai_constrained_mpnn_nll,chai_constrained_mpnn_nll_a,chai_constrained_mpnn_nll_b,chai_unconstrained_esm3dg_dg,chai_unconstrained_esm3dg_dg_a,chai_unconstrained_esm3dg_dg_b,chai_unconstrained_esm3dg_dg_std,chai_unconstrained_mpnn_confidence,chai_unconstrained_mpnn_nll,chai_unconstrained_mpnn_nll_a,chai_unconstrained_mpnn_nll_b,esmfold_esm3dg_dg,esmfold_esm3dg_dg_a,esmfold_esm3dg_dg_b,esmfold_esm3dg_dg_std,esmfold_mpnn_confidence,esmfold_mpnn_nll,esmfold_mpnn_nll_a,esmfold_mpnn_nll_b
Nb.AQ100_A2AR,False,"A,B",9.728229077123144,81.22569749924675,303.31,9.15,12.145384615384618,70.09803574659135,0.243637,0.3775,0.0649,0.1525,0.58,0.805,-89.09,0.0,0.61,0.6791,0.247,4.193849489739689,95.38488262910798,506.15,15.56,5.138560606060606,92.1643079317533,0.804717,0.6615,0.7421,0.6051,0.89,0.92,378.1,1.0,0.7471,0.4595420125805423,0.8469953013431994,14.755264706081814,50.892799377441406,75.92563,12.258215,0.703087,,,,,,,0.694304347038269,/scicore/home/schwede/barta0000/mcmahon_ds/target_shuffle/Nb.AQ100_A2AR/chai_no_constraints/seed_3233/pred.model_idx_3.cif,0.7335779666900635,/scicore/home/schwede/barta0000/mcmahon_ds/target_shuffle/Nb.AQ100_A2AR/chai_with_constraints/seed_2623/pred.model_idx_4.cif,0.694304347038269,0.8529713153839111,0.6546375751495361,"[[0.898023784160614, 0.8743331432342529]]","[[[0.898023784160614, 0.6546375751495361], [0.594833493232727, 0.8743331432342529]]]",0.6546375751495361,0.555349,0.5412,0.3258,0.408,0.7335779666900635,0.8664403557777405,0.7003623843193054,"[[0.9000504016876221, 0.883384108543396]]","[[[0.9000504016876221, 0.7003623843193054], [0.635901153087616, 0.883384108543396]]]",0.7003623843193054,0.644881,0.5892,0.4191,0.456,0.91569584608078,0.9356455206871033,0.8816150426864624,0.924216091632843,0.8813416957855225,0.35468849539756775,1.265233039855957,0.8816150426864624,/scicore/home/schwede/barta0000/mcmahon_ds/target_shuffle/Nb.AQ100_A2AR/boltz_free/output/boltz_results_Nb.AQ100_A2AR/predictions/Nb.AQ100_A2AR/Nb.AQ100_A2AR_model_0.cif,0.796491,0.547,0.5685,0.5855,0.9426431655883789,0.948631763458252,0.9039525389671326,0.9523158073425293,0.9264081120491028,0.31136301159858704,0.7651898264884949,0.9039525389671326,/scicore/home/schwede/barta0000/mcmahon_ds/target_shuffle/Nb.AQ100_A2AR/boltz_with_template/output/boltz_results_Nb.AQ100_A2AR/predictions/Nb.AQ100_A2AR/Nb.AQ100_A2AR_model_0.cif,0.836143,0.6086,0.765,0.6504,6.319113254547119,6.280969778696696,6.357256730397542,0.1966221315693684,0.191334468159694,1.6537322402000427,1.244345784187317,2.063118696212769,6.286527236302694,6.250649452209473,6.322405020395915,0.179718032688549,0.1950722593759058,1.6343852281570437,1.2564713954925537,2.012299060821533,6.134760220845541,5.963076591491699,6.306443850199382,0.18907961646549,0.198380287472779,1.6175694465637207,1.2233397960662842,2.011799097061157,6.36756443977356,6.398988246917725,6.3361406326293945,0.1978706039701832,0.2038406962303034,1.5904164910316467,1.2400599718093872,1.9407730102539065,6.057368914286295,5.813083489735921,6.30165433883667,0.1985484477578019,0.2089265729786752,1.5657724142074585,1.2000365257263184,1.9315083026885984,6.220176935195923,6.185105641682942,6.255248228708903,0.206183454598142,0.2009296199118498,1.604800581932068,1.2904345989227295,1.9191665649414065,6.172927697499593,6.031961758931478,6.313893636067708,0.1902815416058713,0.1877860319624748,1.672452092170715,1.3671308755874634,1.9777733087539675
Nb.c207_HSA,False,"A,B",15.207583984375,73.95256906077348,878.02,29.84,7.379787234042553,58.000298569215495,0.0,0.1223,0.0107,0.0,0.17,0.7949999999999999,446.09,0.0,0.26,0.2153,0.994,6.557346679687501,87.9956875,2214.49,80.92,4.3236842105263165,77.75958434740703,0.376954,0.3459,0.1959,0.334,0.64,0.77,1372.92,1.0,0.9358,0.09862333973806404,0.8190185800442461,13.585687380570631,56.2736701965332,74.237755,13.268207,0.6278317,,,,,,,0.302215576171875,/scicore/home/schwede/barta0000/mcmahon_ds/target_shuffle/Nb.c207_HSA/chai_no_constraints/seed_1713/pred.model_idx_3.cif,0.4836859703063965,/scicore/home/schwede/barta0000/mcmahon_ds/target_shuffle/Nb.c207_HSA/chai_with_constraints/seed_1533/pred.model_idx_1.cif,0.302215576171875,0.6289412975311279,0.22053416073322296,"[[0.8865152597427368, 0.847079873085022]]","[[[0.8865152597427368, 0.22053416073322296], [0.13858267664909363, 0.847079873085022]]]",0.22053416073322296,0.022859,0.2027,0.0119,0.0077,0.4836859703063965,0.7423110008239746,0.41902971267700195,"[[0.8744052648544312, 0.8503381609916687]]","[[[0.8744052648544312, 0.41902971267700195], [0.3581695258617401, 0.8503381609916687]]]",0.41902971267700195,0.289083,0.166,0.0853,0.2379,0.7834542989730835,0.7655594348907471,0.6519445776939392,0.816331684589386,0.7558106184005737,0.6628574728965759,4.405190467834473,0.6519445776939392,/scicore/home/schwede/barta0000/mcmahon_ds/target_shuffle/Nb.c207_HSA/boltz_free/output/boltz_results_Nb.c207_HSA/predictions/Nb.c207_HSA/Nb.c207_HSA_model_0.cif,0.220124,0.1644,0.0473,0.1588,0.8439995646476746,0.7121914625167847,0.6395741105079651,0.8951059579849243,0.8672136068344116,0.8168327808380127,5.381232738494873,0.6395741105079651,/scicore/home/schwede/barta0000/mcmahon_ds/target_shuffle/Nb.c207_HSA/boltz_with_template/output/boltz_results_Nb.c207_HSA/predictions/Nb.c207_HSA/Nb.c207_HSA_model_0.cif,0.248575,0.3539,0.1028,0.224,4.182180682818095,6.043074289957683,2.321287075678508,0.2165714339333271,0.19317118588426,1.6441785097122192,1.4533697366714478,1.8349872827529907,3.439587354660034,5.217197736104329,1.661976973215739,0.1979298402560986,0.1773269754699598,1.729759931564331,1.4319260120391846,2.027593851089477,3.44770481189092,5.139261245727539,1.756148378054301,0.1978281651577956,0.1982805147482656,1.618072509765625,1.353002429008484,1.883142590522766,4.256586750348409,6.123488903045654,2.389684597651164,0.2439666713885028,0.1948951875776574,1.6352933645248413,1.4985976219177246,1.771989107131958,3.8766294717788696,5.632180054982503,2.121078888575236,0.2180667465968728,0.2129287211034221,1.546797811985016,1.3700605630874634,1.7235350608825684,3.987078507741292,5.877045472462972,2.097111543019613,0.2543784254327683,0.218024659379467,1.5231471061706543,1.334932804107666,1.7113614082336426,3.946047961711884,5.9287645022074384,1.9633314212163289,0.1923355791366104,0.1964196952175392,1.6275016069412231,1.4791486263275146,1.7758545875549316
Nb.b201_Adiponectin,False,"A,B",13.753347174163784,82.25691707317073,196.43,16.05,7.537499999999999,65.44351678523495,0.005985,0.0568,0.0117,0.0042,0.16,0.855,-110.4,0.0,0.24,0.4639,1.407,7.226136870434448,91.02780392156862,722.5,59.16,4.271190476190476,78.42291609446208,0.185065,0.1211,0.0934,0.1995,0.45,0.71,2722.39,1.0,0.8984,0.10005536486696756,0.8860875969918304,,,77.7262,16.162197,0.5084962,,,,,,,0.23787057399749756,/scicore/home/schwede/barta0000/mcmahon_ds/target_shuffle/Nb.b201_Adiponectin/chai_no_constraints/seed_4216/pred.model_idx_1.cif,0.4245224595069885,/scicore/home/schwede/barta0000/mcmahon_ds/target_shuffle/Nb.b201_Adiponectin/chai_with_constraints/seed_3623/pred.model_idx_4.cif,0.23787057399749756,0.5779507160186768,0.15285052359104156,"[[0.8983994126319885, 0.8899402618408203]]","[[[0.8983994126319885, 0.15285052359104156], [0.11916157603263855, 0.8899402618408203]]]",0.15285052359104156,0.005156,0.1361,0.011,0.0,0.4245224595069885,0.7136120200157166,0.3522500693798065,"[[0.8934324979782104, 0.891068696975708]]","[[[0.8934324979782104, 0.3507102429866791], [0.3522500693798065, 0.891068696975708]]]",0.3507102429866791,0.217905,0.1057,0.0729,0.2464,0.6081554293632507,0.6082115769386292,0.33535531163215637,0.6763554215431213,0.6644503474235535,1.277065634727478,6.864962577819824,0.33535531163215637,/scicore/home/schwede/barta0000/mcmahon_ds/target_shuffle/Nb.b201_Adiponectin/boltz_free/output/boltz_results_Nb.b201_Adiponectin/predictions/Nb.b201_Adiponectin/Nb.b201_Adiponectin_model_0.cif,0.048582,0.0613,0.0164,0.0416,0.7212125062942505,0.6208982467651367,0.357369065284729,0.8121733069419861,0.8049129247665405,1.369107723236084,9.288698196411133,0.357369065284729,/scicore/home/schwede/barta0000/mcmahon_ds/target_shuffle/Nb.b201_Adiponectin/boltz_with_template/output/boltz_results_Nb.b201_Adiponectin/predictions/Nb.b201_Adiponectin/Nb.b201_Adiponectin_model_0.cif,0.065441,0.099,0.0249,0.0375,6.014114141464233,5.777996857961019,6.250231424967448,0.26769630914841,0.2207753595239679,1.5106095671653748,1.3394010066986084,1.6818181276321411,5.668940782546997,5.328146298726399,6.009735266367595,0.2073703855471096,0.1505392215405962,1.893531620502472,1.360597014427185,2.426466226577759,5.830662647883098,5.580333391825358,6.080991903940837,0.1937031710500919,0.1719016980462988,1.7608324885368347,1.3423088788986206,2.179356098175049,6.057122071584066,5.855952739715576,6.258291403452556,0.2909180760742574,0.2211329879456256,1.508991003036499,1.3059958219528198,1.7119861841201782,5.875928004582724,5.527388572692871,6.224467436472575,0.2321740149054518,0.228537064528869,1.4760568737983704,1.2948085069656372,1.6573052406311035,6.003253936767578,5.7842787106831866,6.22222916285197,0.3019904941438039,0.2186350168665833,1.520351529121399,1.334355711936951,1.7063473463058472,5.779088815053304,5.388796170552571,6.169381459554036,0.250984433401806,0.1999482042576892,1.609696924686432,1.4739691019058228,1.745424747467041
Nb.AD101_Adiponectin,False,"A,B",13.210857023598336,82.11986931268152,107.72,6.22,7.2796875,67.12615025890253,0.005943,0.1064,0.0128,0.0028,0.22,0.845,-70.87,0.0,0.29,0.4443,0.601,5.160699154753209,92.29548262548262,10804.41,529.09,5.677741935483872,84.48333320617675,0.442554,0.2894,0.3958,0.4654,0.7,0.81,19902.98,1.0,0.1379,0.08371714177867214,0.855130105526624,,,77.34513,16.463758,0.5008227,,,,,,,0.4008946418762207,/scicore/home/schwede/barta0000/mcmahon_ds/target_shuffle/Nb.AD101_Adiponectin/chai_no_constraints/seed_1106/pred.model_idx_0.cif,0.41970425844192505,/scicore/home/schwede/barta0000/mcmahon_ds/target_shuffle/Nb.AD101_Adiponectin/chai_with_constraints/seed_1816/pred.model_idx_0.cif,0.4008946418762207,0.6643573641777039,0.3350289463996887,"[[0.8836641311645508, 0.8874399662017822]]","[[[0.8836641311645508, 0.3350289463996887], [0.2887386083602905, 0.8874399662017822]]]",0.3350289463996887,0.155982,0.1395,0.0178,0.0906,0.41970425844192505,0.6749008893966675,0.35590508580207825,"[[0.8786105513572693, 0.8409098982810974]]","[[[0.8786105513572693, 0.35590508580207825], [0.3262193500995636, 0.8409098982810974]]]",0.35590508580207825,0.221397,0.1281,0.0611,0.2109,0.5655222535133362,0.570949137210846,0.24477867782115936,0.6457081437110901,0.5736494660377502,1.520262360572815,7.258554935455322,0.2287272959947586,/scicore/home/schwede/barta0000/mcmahon_ds/target_shuffle/Nb.AD101_Adiponectin/boltz_free/output/boltz_results_Nb.AD101_Adiponectin/predictions/Nb.AD101_Adiponectin/Nb.AD101_Adiponectin_model_0.cif,0.005822,0.0568,0.011,0.0085,0.8072020411491394,0.7494522333145142,0.5911078453063965,0.8612256050109863,0.8232296109199524,1.087083101272583,5.529708385467529,0.5911078453063965,/scicore/home/schwede/barta0000/mcmahon_ds/target_shuffle/Nb.AD101_Adiponectin/boltz_with_template/output/boltz_results_Nb.AD101_Adiponectin/predictions/Nb.AD101_Adiponectin/Nb.AD101_Adiponectin_model_0.cif,0.200232,0.294,0.0779,0.1867,5.928933223088583,5.663353602091472,6.194512844085693,0.2579802683708294,0.2286642873324661,1.4755003452301023,1.2877118587493896,1.6632888317108154,5.624526898066202,5.16350253423055,6.085551261901856,0.1989402915159808,0.1691513023802477,1.7769616842269895,1.3114187717437744,2.242504596710205,5.551515579223633,4.964793841044108,6.138237317403157,0.2076099882550324,0.1702487155810335,1.7704948782920835,1.37079918384552,2.1701905727386475,5.976325432459514,5.806248823801677,6.146402041117351,0.2592911305295591,0.2346155253351523,1.4498071670532229,1.297739028930664,1.6018753051757812,5.56025505065918,5.0277167956034345,6.092793305714925,0.2861098045145505,0.2128651206014451,1.54709655046463,1.304133057594299,1.790060043334961,5.744321982065837,5.290964285532634,6.19767967859904,0.2860295671380103,0.2277587315547098,1.4794684052467346,1.3191288709640503,1.639807939529419,5.911427100499471,5.598400910695394,6.224453290303548,0.2591764921463641,0.2219562450149869,1.505275011062622,1.284398913383484,1.7261511087417605
Nb.AQ103_B2AR,False,"A,B",13.083479806509454,77.44202173291393,248.24,12.2,14.97,63.395577456489754,0.043461,0.0762,0.0187,0.0294,0.39,0.785,79.57,0.0,0.48,0.1437,0.249,5.480784856445862,94.06369863013701,1070.67,54.89,6.481481481481482,85.9741949266003,0.482806,0.2813,0.4493,0.3936,0.79,0.88,878.99,1.0,0.2982,0.12131388265389059,0.7961923299025895,19.996448516845703,58.920955657958984,73.52845,15.01172,0.6491201,,,,,,,0.3566000461578369,/scicore/home/schwede/barta0000/mcmahon_ds/target_shuffle/Nb.AQ103_B2AR/chai_no_constraints/seed_1982/pred.model_idx_1.cif,0.5787479877471924,/scicore/home/schwede/barta0000/mcmahon_ds/target_shuffle/Nb.AQ103_B2AR/chai_with_constraints/seed_1828/pred.model_idx_1.cif,0.3566000461578369,0.7369062304496765,0.2615234851837158,"[[0.8800413012504578, 0.8602215051651001]]","[[[0.8800413012504578, 0.2615234851837158], [0.1955908089876175, 0.8602215051651001]]]",0.2615234851837158,0.072326,0.1208,0.0123,0.0286,0.5787479877471924,0.8244525194168091,0.5173218250274658,"[[0.8753964900970459, 0.8619832992553711]]","[[[0.8753964900970459, 0.5173218250274658], [0.46457526087760925, 0.8619832992553711]]]",0.5173218250274658,0.432785,0.2438,0.0597,0.3356,0.8372042775154114,0.906283438205719,0.824079155921936,0.8404855728149414,0.7261196374893188,0.4704649746417999,3.4299840927124023,0.824079155921936,/scicore/home/schwede/barta0000/mcmahon_ds/target_shuffle/Nb.AQ103_B2AR/boltz_free/output/boltz_results_Nb.AQ103_B2AR/predictions/Nb.AQ103_B2AR/Nb.AQ103_B2AR_model_0.cif,0.571578,0.1748,0.0925,0.4125,0.8963634371757507,0.8997385501861572,0.8016474843025208,0.9200424551963806,0.8688602447509766,0.5221829414367676,3.8876917362213135,0.8016474843025208,/scicore/home/schwede/barta0000/mcmahon_ds/target_shuffle/Nb.AQ103_B2AR/boltz_with_template/output/boltz_results_Nb.AQ103_B2AR/predictions/Nb.AQ103_B2AR/Nb.AQ103_B2AR_model_0.cif,0.545249,0.4802,0.1858,0.4206,5.806175549825033,5.314851442972819,6.297499656677246,0.1955125688603901,0.1727269190655918,1.7560434341430664,1.4501707553863523,2.0619161128997803,5.626703341801961,4.889994939168294,6.363411744435628,0.2132368697804908,0.18263763575946,1.700251221656799,1.3970568180084229,2.003445625305176,5.613476912180583,4.856850306193034,6.370103518168132,0.2213954769337656,0.1853068131348393,1.6857423782348633,1.3885726928710938,1.9829120635986328,5.855136315027872,5.415500640869141,6.2947719891866045,0.1903684306576721,0.1778105758171071,1.727036476135254,1.441905498504639,2.012167453765869,5.448938687642415,4.626852830251058,6.2710245450337725,0.2366804435533363,0.1731540950588716,1.7535733580589294,1.4841784238815308,2.022968292236328,5.696800072987875,5.119014898935954,6.274585247039795,0.2156290531934671,0.1789075776528031,1.720885932445526,1.4074610471725464,2.034310817718506,5.833988428115845,5.352350234985352,6.315626621246338,0.1841402661984076,0.1651183968963273,1.801092505455017,1.4378948211669922,2.164290189743042
Nb.c204_A2AR,False,"A,B",13.813680357778567,75.07613795199028,722.55,23.76,16.418999999999997,60.9265356894326,0.00599,0.1511,0.0131,0.0,0.28,0.78,308.11,0.0,0.35,0.9393,0.407,5.715578942684229,91.47856132075472,1676.61,58.82,6.350000000000001,81.77042494428919,0.492238,0.4253,0.4084,0.406,0.76,0.86,863.35,1.0,0.9725,0.07247352578818791,0.8153295814487932,15.050164527893067,52.610267639160156,76.12918,12.774808,0.6915001,,,,,,,0.3818424940109253,/scicore/home/schwede/barta0000/mcmahon_ds/target_shuffle/Nb.c204_A2AR/chai_no_constraints/seed_2406/pred.model_idx_3.cif,0.6576969027519226,/scicore/home/schwede/barta0000/mcmahon_ds/target_shuffle/Nb.c204_A2AR/chai_with_constraints/seed_1951/pred.model_idx_0.cif,0.3818424940109253,0.7300015687942505,0.294802725315094,"[[0.8757262229919434, 0.8540117740631104]]","[[[0.8757262229919434, 0.294802725315094], [0.20858167111873627, 0.8540117740631104]]]",0.294802725315094,0.116345,0.3437,0.0137,0.0292,0.6576969027519226,0.8496316075325012,0.6097131967544556,"[[0.8804041743278503, 0.8803700804710388]]","[[[0.8804041743278503, 0.6097131967544556], [0.5461745262145996, 0.8803700804710388]]]",0.6097131967544556,0.551427,0.4345,0.2453,0.3978,0.8692938685417175,0.9204170107841492,0.8359226584434509,0.877636730670929,0.8052594661712646,0.38633742928504944,1.6875802278518677,0.8359226584434509,/scicore/home/schwede/barta0000/mcmahon_ds/target_shuffle/Nb.c204_A2AR/boltz_free/output/boltz_results_Nb.c204_A2AR/predictions/Nb.c204_A2AR/Nb.c204_A2AR_model_0.cif,0.71904,0.397,0.3295,0.5179,0.9308130145072937,0.9394197463989258,0.8871138691902161,0.9417378306388855,0.9083125591278076,0.3284848630428314,0.9320977926254272,0.8871138691902161,/scicore/home/schwede/barta0000/mcmahon_ds/target_shuffle/Nb.c204_A2AR/boltz_with_template/output/boltz_results_Nb.c204_A2AR/predictions/Nb.c204_A2AR/Nb.c204_A2AR_model_0.cif,0.828968,0.5913,0.6935,0.5908,6.304649432500204,6.292932192484538,6.316366672515869,0.2669519820870696,0.1608246050453499,1.8274409174919128,1.5481959581375122,2.106685876846313,5.9480713208516445,5.580593585968018,6.315549055735271,0.2787686723334806,0.1790979943715664,1.7198221683502195,1.389728307723999,2.0499160289764404,5.960708061854045,5.607107798258464,6.314308325449626,0.2692438360411019,0.1829777165413273,1.6983909010887146,1.4108130931854248,1.9859687089920044,6.312674442927042,6.29233980178833,6.333009084065755,0.263112327224217,0.169763651760833,1.773348093032837,1.5012774467468262,2.045418739318848,6.118533690770468,5.969689846038818,6.267377535502116,0.2559902281219811,0.1817692580716486,1.7050172090530396,1.4713679552078247,1.9386664628982544,5.949974298477173,5.660627841949463,6.239320755004883,0.2673408629173926,0.1758609895601829,1.7380614280700684,1.5587501525878906,1.917372703552246,5.938742240269979,5.547263145446777,6.330221335093181,0.2201620892006329,0.1820177171966889,1.703651249408722,1.4317402839660645,1.9755622148513796
Nb.AQ102_B2AR,False,"A,B",9.47335491336711,81.51417291066282,262.94,8.3,10.725,72.83507370650477,0.368663,0.3335,0.1121,0.2802,0.75,0.81,65.42,0.0,0.79,0.9538,0.263,4.298020996226102,95.2066894977169,408.08,13.31,4.772678571428571,91.99499930104902,0.73312,0.612,0.7171,0.5696,0.9,0.91,262.23,1.0,0.9429,0.5114078419658108,0.8547195726065019,19.83769283294678,55.45156478881836,74.64744,15.086357,0.65283906,,,,,,,0.3397407531738281,/scicore/home/schwede/barta0000/mcmahon_ds/target_shuffle/Nb.AQ102_B2AR/chai_no_constraints/seed_1180/pred.model_idx_1.cif,0.6741589307785034,/scicore/home/schwede/barta0000/mcmahon_ds/target_shuffle/Nb.AQ102_B2AR/chai_with_constraints/seed_1230/pred.model_idx_1.cif,0.3397407531738281,0.7312489748001099,0.2418636679649353,"[[0.8886635899543762, 0.8604927062988281]]","[[[0.8886635899543762, 0.2418636679649353], [0.19072164595127106, 0.8604927062988281]]]",0.2418636679649353,0.043945,0.0723,0.0116,0.009,0.6741589307785034,0.8636023998260498,0.6267980337142944,"[[0.8862490057945251, 0.8722435235977173]]","[[[0.8862490057945251, 0.6267980337142944], [0.6147541999816895, 0.8722435235977173]]]",0.6267980337142944,0.572021,0.255,0.1294,0.4295,0.8292251825332642,0.8304443359375,0.6479122638702393,0.8745534420013428,0.7775618433952332,0.7030084729194641,6.95295524597168,0.6479122638702393,/scicore/home/schwede/barta0000/mcmahon_ds/target_shuffle/Nb.AQ102_B2AR/boltz_free/output/boltz_results_Nb.AQ102_B2AR/predictions/Nb.AQ102_B2AR/Nb.AQ102_B2AR_model_0.cif,0.286005,0.1712,0.0322,0.1505,0.9075818061828613,0.9122662544250488,0.8524709939956665,0.9213594794273376,0.8704245090484619,0.4788690507411957,2.908614158630371,0.8524709939956665,/scicore/home/schwede/barta0000/mcmahon_ds/target_shuffle/Nb.AQ102_B2AR/boltz_with_template/output/boltz_results_Nb.AQ102_B2AR/predictions/Nb.AQ102_B2AR/Nb.AQ102_B2AR_model_0.cif,0.647261,0.3883,0.2372,0.5225,5.610234181086222,4.8905056317647295,6.329962730407715,0.2272645505580841,0.1718762587640841,1.760980486869812,1.4540026187896729,2.067958354949951,5.405489444732666,4.525140444437663,6.285838445027669,0.2563631716174919,0.1872870441613934,1.6751128435134888,1.4103962182998655,1.939829468727112,5.3929283618927,4.446849187215169,6.339007536570231,0.2357956377051382,0.2042990414984273,1.5881704688072205,1.2508423328399658,1.925498604774475,5.633183638254801,4.978288014729817,6.288079261779785,0.2155108677612652,0.1847509730479792,1.688746452331543,1.4083530902862549,1.969139814376831,5.338125705718994,4.4360402425130205,6.240211168924968,0.2455505396443175,0.1952033188153787,1.6337136030197144,1.2781411409378052,1.9892860651016235,5.699570099512735,5.095735867818196,6.303404331207275,0.1969447785353887,0.1937940536633403,1.6409592628479004,1.2666690349578855,2.015249490737915,5.641476551691691,4.939755121866862,6.3431979815165205,0.1930013908412469,0.1806591027024421,1.711143434047699,1.2794116735458374,2.1428751945495605
Nb.AQ104_B2AR,False,"A,B",13.979694483019818,76.13211854792968,254.98,9.77,14.032926829268293,60.72485967637713,0.011098,0.1314,0.0173,0.0474,0.32,0.775,83.71,0.0,0.41,0.7031,0.38,6.326194318899129,92.3831011235955,665.94,23.1,6.545441176470588,82.35619127182733,0.430308,0.3949,0.3905,0.3319,0.72,0.86,703.16,1.0,0.5928,0.0924474990979366,0.8168771930057716,17.10418673356374,51.523624420166016,74.04822,14.139686,0.66753054,,,,,,,0.3342896103858948,/scicore/home/schwede/barta0000/mcmahon_ds/target_shuffle/Nb.AQ104_B2AR/chai_no_constraints/seed_1186/pred.model_idx_3.cif,0.41698962450027466,/scicore/home/schwede/barta0000/mcmahon_ds/target_shuffle/Nb.AQ104_B2AR/chai_with_constraints/seed_328/pred.model_idx_1.cif,0.3342896103858948,0.7270647287368774,0.23609581589698792,"[[0.8450877666473389, 0.860161542892456]]","[[[0.8450877666473389, 0.23609581589698792], [0.1921200454235077, 0.860161542892456]]]",0.23609581589698792,0.043775,0.1072,0.0114,0.0172,0.41698962450027466,0.7686399221420288,0.3290770649909973,"[[0.8488719463348389, 0.8542383313179016]]","[[[0.8488719463348389, 0.3290770649909973], [0.30420637130737305, 0.8542383313179016]]]",0.3290770649909973,0.184732,0.1706,0.0251,0.1663,0.8225968480110168,0.9277448654174805,0.901549756526947,0.8028586506843567,0.6816355586051941,0.4435892701148987,1.6206177473068237,0.901549756526947,/scicore/home/schwede/barta0000/mcmahon_ds/target_shuffle/Nb.AQ104_B2AR/boltz_free/output/boltz_results_Nb.AQ104_B2AR/predictions/Nb.AQ104_B2AR/Nb.AQ104_B2AR_model_0.cif,0.767415,0.1329,0.1424,0.5577,0.8713337182998657,0.9264534711837769,0.8865582942962646,0.8675274848937988,0.7978677749633789,0.4777751564979553,2.167585611343384,0.8865582942962646,/scicore/home/schwede/barta0000/mcmahon_ds/target_shuffle/Nb.AQ104_B2AR/boltz_with_template/output/boltz_results_Nb.AQ104_B2AR/predictions/Nb.AQ104_B2AR/Nb.AQ104_B2AR_model_0.cif,0.701267,0.3586,0.2459,0.5631,5.907856464385986,5.514210383097331,6.301502545674642,0.1702810341755935,0.1766583962415464,1.7335373759269714,1.431637167930603,2.03543758392334,5.641087770462036,4.97561502456665,6.306560516357422,0.1950736025268996,0.1855657817111801,1.684345841407776,1.4345356225967407,1.934156060218811,5.662573973337809,4.978105545043945,6.347042401631673,0.1981233429122506,0.1966354076752283,1.6264039874076843,1.353331208229065,1.899476766586304,5.923629999160767,5.538514773050944,6.308745225270589,0.1751943993756567,0.1803160012152126,1.7130444049835205,1.4534451961517334,1.972643613815308,5.777171532313028,5.324546655019124,6.229796409606934,0.1826810664128796,0.174553969039742,1.7455213069915771,1.555114984512329,1.9359276294708248,5.651364008585612,5.016951719919841,6.285776297251384,0.233491773920542,0.1620363853353023,1.819934368133545,1.63816499710083,2.00170373916626,6.012087265650431,5.700623035430908,6.323551495869954,0.165973082256338,0.1603906534283664,1.830142855644226,1.5304861068725586,2.1297996044158936
Nb.c205_Adiponectin,False,"A,B",13.69107645980233,80.06221689059501,291.9,16.37,8.81060606060606,66.12495489208644,0.005534,0.0957,0.0124,0.0,0.19,0.835,2.97,0.0,0.26,,19.379,5.542226263770665,89.9780694980695,2543.19,153.84,7.147758620689655,84.50875043869019,0.570415,0.3368,0.3627,0.5066,0.77,0.85,829.63,1.0,0.9559,0.060024694817688934,0.8506354508694711,19.41841239929199,58.67278289794922,77.03805,16.973658,0.49658054,,,,,,,0.2590688169002533,/scicore/home/schwede/barta0000/mcmahon_ds/target_shuffle/Nb.c205_Adiponectin/chai_no_constraints/seed_4976/pred.model_idx_3.cif,0.2951715290546417,/scicore/home/schwede/barta0000/mcmahon_ds/target_shuffle/Nb.c205_Adiponectin/chai_with_constraints/seed_1416/pred.model_idx_1.cif,0.2590688169002533,0.5866953134536743,0.17716220021247864,"[[0.8861587643623352, 0.883928656578064]]","[[[0.8861587643623352, 0.17716220021247864], [0.14921408891677856, 0.883928656578064]]]",0.17716220021247864,0.019713,0.1687,0.0115,0.0,0.2951715290546417,0.6125174760818481,0.21583504974842072,"[[0.8903898000717163, 0.8812936544418335]]","[[[0.8903898000717163, 0.21583504974842072], [0.19405505061149597, 0.8812936544418335]]]",0.21583504974842072,0.088697,0.1175,0.0157,0.1054,0.692145586013794,0.8580493927001953,0.8237809538841248,0.65923672914505,0.6273512840270996,0.6805398464202881,1.9852632284164429,0.8237809538841248,/scicore/home/schwede/barta0000/mcmahon_ds/target_shuffle/Nb.c205_Adiponectin/boltz_free/output/boltz_results_Nb.c205_Adiponectin/predictions/Nb.c205_Adiponectin/Nb.c205_Adiponectin_model_0.cif,0.5174,0.0779,0.1138,0.4514,0.8036908507347107,0.8011618256568909,0.7552047967910767,0.8158122897148132,0.792578935623169,1.0973509550094604,3.09733247756958,0.7552047967910767,/scicore/home/schwede/barta0000/mcmahon_ds/target_shuffle/Nb.c205_Adiponectin/boltz_with_template/output/boltz_results_Nb.c205_Adiponectin/predictions/Nb.c205_Adiponectin/Nb.c205_Adiponectin_model_0.cif,0.462475,0.2571,0.1975,0.3787,5.881648858388265,5.501864274342855,6.261433442433675,0.2933044547327822,0.2076715467117074,1.5717975497245789,1.4645874500274658,1.679007649421692,5.844715038935344,5.706027189890544,5.983402887980144,0.2002189543171341,0.1695268370843577,1.7747440338134766,1.434126377105713,2.11536169052124,5.989381154378255,5.980784257253011,5.997978051503499,0.1946270768210288,0.1744451539447243,1.7461448907852173,1.4460630416870115,2.046226739883423,5.899588505427042,5.575774192810059,6.223402818044026,0.2917089123277539,0.2167981060463683,1.5287887454032898,1.4337854385375977,1.623792052268982,5.845590273539225,5.58253272374471,6.10864782333374,0.2847659349680265,0.2139319319198011,1.5420973896980286,1.3692072629928589,1.7149875164031982,5.924096345901489,5.754082043965657,6.094110647837321,0.2932091273378389,0.2017969085216752,1.6004934906959534,1.397220015525818,1.8037669658660889,6.018102169036865,5.843384583791097,6.192819754282634,0.2525005224348398,0.2042178237334519,1.588568091392517,1.4411958456039429,1.7359403371810913
Nb.c209_Adiponectin,False,"A,B",12.18703954920171,82.95153140096619,198.93,16.19,7.525806451612904,63.46904358377754,0.006188,0.0724,0.0165,0.0253,0.24,0.855,-138.41,0.0,0.32,0.0004,0.471,10.511029054426736,87.99992277992278,460.74,35.76,5.467758620689654,74.80925863760488,0.06405,0.1201,0.0226,0.0545,0.33,0.64,96.5,1.0,0.0013,0.16592013185707205,0.8915371930994941,,,76.940094,16.983833,0.49452627,,,,,,,0.2663639187812805,/scicore/home/schwede/barta0000/mcmahon_ds/target_shuffle/Nb.c209_Adiponectin/chai_no_constraints/seed_2997/pred.model_idx_3.cif,0.4254615604877472,/scicore/home/schwede/barta0000/mcmahon_ds/target_shuffle/Nb.c209_Adiponectin/chai_with_constraints/seed_1778/pred.model_idx_4.cif,0.2663639187812805,0.6012471914291382,0.1826431006193161,"[[0.8751142621040344, 0.8904737830162048]]","[[[0.8751142621040344, 0.1826431006193161], [0.16598603129386902, 0.8904737830162048]]]",0.1826431006193161,0.040688,0.083,0.0118,0.0312,0.4254615604877472,0.6885930895805359,0.3596786558628082,"[[0.8724322319030762, 0.8780698180198669]]","[[[0.8724322319030762, 0.3596786558628082], [0.3261699974536896, 0.8780698180198669]]]",0.3596786558628082,0.232655,0.1987,0.1008,0.2359,0.5765116214752197,0.6701149940490723,0.43166711926460266,0.6127227544784546,0.5515663623809814,1.4683939218521118,5.782055377960205,0.43166711926460266,/scicore/home/schwede/barta0000/mcmahon_ds/target_shuffle/Nb.c209_Adiponectin/boltz_free/output/boltz_results_Nb.c209_Adiponectin/predictions/Nb.c209_Adiponectin/Nb.c209_Adiponectin_model_0.cif,0.081932,0.0604,0.0142,0.0634,0.7346808314323425,0.7229944467544556,0.5528962016105652,0.7801269888877869,0.7143110632896423,1.169531226158142,6.588399887084961,0.5528962016105652,/scicore/home/schwede/barta0000/mcmahon_ds/target_shuffle/Nb.c209_Adiponectin/boltz_with_template/output/boltz_results_Nb.c209_Adiponectin/predictions/Nb.c209_Adiponectin/Nb.c209_Adiponectin_model_0.cif,0.149233,0.1737,0.0301,0.1162,5.553375562032064,4.934412956237793,6.172338167826335,0.2612217920427711,0.2350984617511389,1.4477508664131165,1.2703899145126345,1.6251118183135986,5.417452255884806,4.843995571136475,5.990908940633138,0.2284625578908781,0.1588709236282588,1.8396632075309756,1.295695424079895,2.383630990982056,5.213515520095825,4.43599812189738,5.991032918294271,0.2177385707275549,0.1640352311193002,1.807674050331116,1.3291172981262207,2.2862308025360107,5.663804213205974,5.127333799997966,6.200274626413981,0.2515235539710521,0.2128350147001028,1.547237992286682,1.361169934272766,1.733306050300598,5.513546864191691,4.865808169047038,6.161285559336345,0.2760831099175992,0.2262224542339537,1.4862364530563354,1.3655544519424438,1.606918454170227,5.507879257202148,4.8291371663411455,6.186621348063151,0.2796317886468492,0.2160594435879168,1.5322017073631289,1.338735580444336,1.7256678342819214,5.699746290842692,5.23301347096761,6.166479110717773,0.2635131720451688,0.2079662451005214,1.5703794956207275,1.4246227741241455,1.7161362171173096
Nb.AD102_Adiponectin,False,"A,B",14.327878698224852,84.97489568170792,250.03,21.04,7.422222222222222,66.9343067685935,0.0,0.0525,0.0115,0.0,0.16,0.87,-36.96,0.0,0.23,0.0243,0.848,11.630164644970414,90.72442307692307,593.98,48.98,6.033571428571428,78.23304350479789,0.006248,0.0845,0.0184,0.0346,0.26,0.6,491.09,1.0,0.3085,0.10418734803840826,0.8860875969918304,,,77.126564,16.586813,0.4993202,,,,,,,0.24800893664360046,/scicore/home/schwede/barta0000/mcmahon_ds/target_shuffle/Nb.AD102_Adiponectin/chai_no_constraints/seed_103/pred.model_idx_4.cif,0.43225497007369995,/scicore/home/schwede/barta0000/mcmahon_ds/target_shuffle/Nb.AD102_Adiponectin/chai_with_constraints/seed_3235/pred.model_idx_4.cif,0.24800893664360046,0.5862500071525574,0.16344864666461945,"[[0.9161198139190674, 0.8866010904312134]]","[[[0.9161198139190674, 0.16344864666461945], [0.14760950207710266, 0.8866010904312134]]]",0.16344864666461945,0.014734,0.0543,0.0111,0.0,0.43225497007369995,0.7081436514854431,0.3632827699184418,"[[0.8980071544647217, 0.8956856727600098]]","[[[0.8980071544647217, 0.3632827699184418], [0.34991222620010376, 0.8956856727600098]]]",0.3632827699184418,0.246235,0.1413,0.1108,0.2425,0.5970485210418701,0.7096239328384399,0.5104628205299377,0.6186949610710144,0.5428444743156433,1.0285205841064453,4.321600437164307,0.5104628205299377,/scicore/home/schwede/barta0000/mcmahon_ds/target_shuffle/Nb.AD102_Adiponectin/boltz_free/output/boltz_results_Nb.AD102_Adiponectin/predictions/Nb.AD102_Adiponectin/Nb.AD102_Adiponectin_model_0.cif,0.148949,0.0547,0.019,0.1167,0.7173396944999695,0.6698921918869019,0.4330597519874573,0.7884096503257751,0.7187047004699707,1.4270721673965454,7.087206840515137,0.4100610613822937,/scicore/home/schwede/barta0000/mcmahon_ds/target_shuffle/Nb.AD102_Adiponectin/boltz_with_template/output/boltz_results_Nb.AD102_Adiponectin/predictions/Nb.AD102_Adiponectin/Nb.AD102_Adiponectin_model_0.cif,0.133106,0.1849,0.0295,0.122,5.882926781972249,5.658469994862874,6.107383569081624,0.2871600968627888,0.2351347721350124,1.4475964307785034,1.2648364305496216,1.6303564310073853,5.41118343671163,4.787374655405681,6.034992218017578,0.2551665556754948,0.1631313977595242,1.8131992816925049,1.337045192718506,2.289353370666504,5.348586082458496,4.53496249516805,6.162209669748942,0.2645251433457383,0.1865306628653396,1.6791596412658691,1.2740020751953125,2.084317207336426,5.991857528686523,5.809450149536133,6.174264907836914,0.2979535791355168,0.2313951115219859,1.463628590106964,1.3291280269622805,1.598129153251648,6.000478823979695,5.778333981831868,6.2226236661275225,0.3424957047577779,0.2117620103146117,1.5522922277450562,1.4551706314086914,1.649413824081421,5.698328574498494,5.36196502049764,6.034692128499349,0.2504570774365096,0.248388158444993,1.3927626013755798,1.1289846897125244,1.6565405130386353,5.660457372665405,5.16395378112793,6.156960964202881,0.2321092637112919,0.2068863267831167,1.5755857825279236,1.425342321395874,1.7258292436599731
Nb.c200_Adiponectin,False,"A,B",14.663979368226471,80.89244583533943,805.88,37.11,10.570454545454547,61.187292951446324,0.0,0.1312,0.0106,0.0,0.16,0.8400000000000001,321.34,0.0,0.24,0.8811,0.569,6.069309193363247,90.41135135135136,7189.17,473.63,6.563974358974359,77.01725034713745,0.312502,0.2588,0.1912,0.3347,0.58,0.77,4913.15,1.0,0.0887,0.07826352339403819,0.8833222366056152,19.479633569717407,52.81739807128906,76.69563,17.05078,0.49703395,,,,,,,0.24939270317554474,/scicore/home/schwede/barta0000/mcmahon_ds/target_shuffle/Nb.c200_Adiponectin/chai_no_constraints/seed_105/pred.model_idx_2.cif,0.3907431364059448,/scicore/home/schwede/barta0000/mcmahon_ds/target_shuffle/Nb.c200_Adiponectin/chai_with_constraints/seed_4291/pred.model_idx_4.cif,0.24939270317554474,0.5823549628257751,0.16615213453769684,"[[0.9221398830413818, 0.8886476755142212]]","[[[0.9221398830413818, 0.16615213453769684], [0.13931795954704285, 0.8886476755142212]]]",0.16615213453769684,0.024974,0.0543,0.0115,0.0128,0.3907431364059448,0.663608193397522,0.32252684235572815,"[[0.8992316126823425, 0.8859411478042603]]","[[[0.8992316126823425, 0.32252684235572815], [0.2678002119064331, 0.8859411478042603]]]",0.32252684235572815,0.198672,0.1272,0.054,0.1652,0.6051899790763855,0.7017726898193359,0.4584077000617981,0.6418855786323547,0.5541573166847229,0.8985715508460999,4.397491931915283,0.44641515612602234,/scicore/home/schwede/barta0000/mcmahon_ds/target_shuffle/Nb.c200_Adiponectin/boltz_free/output/boltz_results_Nb.c200_Adiponectin/predictions/Nb.c200_Adiponectin/Nb.c200_Adiponectin_model_0.cif,0.146081,0.0387,0.0173,0.1235,0.7008700966835022,0.6454669237136841,0.3806149661540985,0.7809338569641113,0.7004917860031128,1.3787052631378174,7.134751796722412,0.3756664991378784,/scicore/home/schwede/barta0000/mcmahon_ds/target_shuffle/Nb.c200_Adiponectin/boltz_with_template/output/boltz_results_Nb.c200_Adiponectin/predictions/Nb.c200_Adiponectin/Nb.c200_Adiponectin_model_0.cif,0.104264,0.0788,0.0197,0.0715,5.828493038813273,5.519307295481364,6.137678782145183,0.2823238982281502,0.1984164497424621,1.6173871755599976,1.4816861152648926,1.7530882358551023,6.186471621195476,6.078518072764079,6.294425169626872,0.2041554911178229,0.1756177523460088,1.7394455075263977,1.1463223695755005,2.332568645477295,6.237477382024129,6.288995583852132,6.185959180196126,0.2563476298869735,0.1780461631888559,1.7257124185562134,1.26918625831604,2.1822385787963867,5.946190516153972,5.721555868784587,6.170825163523356,0.2909058925121539,0.1869776334763185,1.676766276359558,1.610346436500549,1.743186116218567,6.087218284606934,6.006704807281494,6.167731761932373,0.2993206872151065,0.2306005434314176,1.4670683145523071,1.254302740097046,1.6798338890075684,6.245552062988281,6.339192390441895,6.151911735534668,0.3082254205635178,0.2258329027907084,1.487959921360016,1.2830208539962769,1.6928989887237549,5.734224081039429,5.298496246337891,6.169951915740967,0.2694345687864587,0.2016217722072535,1.6013617515563965,1.4613878726959229,1.74133563041687
Nb.c206_HSA,False,"A,B",14.100883655102335,77.88675364543361,486.77,16.15,11.580188679245285,61.60096284399402,0.005324,0.1404,0.0118,0.0,0.24,0.81,175.04,0.0,0.31,0.03,0.473,5.688226792713021,90.18253012048193,1136.54,65.81,6.190600000000001,80.72673478418467,0.522968,0.3437,0.3602,0.4178,0.74,0.81,870.78,1.0,0.004,0.06353114543181894,0.8025336139989749,17.487846791744232,55.121097564697266,74.17233,14.613588,0.5937381,,,,,,,0.28636640310287476,/scicore/home/schwede/barta0000/mcmahon_ds/target_shuffle/Nb.c206_HSA/chai_no_constraints/seed_1168/pred.model_idx_3.cif,0.4268140494823456,/scicore/home/schwede/barta0000/mcmahon_ds/target_shuffle/Nb.c206_HSA/chai_with_constraints/seed_1209/pred.model_idx_1.cif,0.28636640310287476,0.6339980363845825,0.19945846498012543,"[[0.8514087200164795, 0.8658167719841003]]","[[[0.8514087200164795, 0.19945846498012543], [0.1308148056268692, 0.8658167719841003]]]",0.19945846498012543,0.013023,0.0762,0.0113,0.0058,0.4268140494823456,0.7261195778846741,0.35198765993118286,"[[0.8505809903144836, 0.8743900656700134]]","[[[0.8505809903144836, 0.35198765993118286], [0.30744469165802, 0.8743900656700134]]]",0.35198765993118286,0.237913,0.0901,0.0339,0.189,0.7857905626296997,0.7287454009056091,0.5759305953979492,0.8382555246353149,0.7605689764022827,0.7295876741409302,4.7654547691345215,0.5759305953979492,/scicore/home/schwede/barta0000/mcmahon_ds/target_shuffle/Nb.c206_HSA/boltz_free/output/boltz_results_Nb.c206_HSA/predictions/Nb.c206_HSA/Nb.c206_HSA_model_0.cif,0.212929,0.091,0.0404,0.1307,0.8547559976577759,0.8019859790802002,0.6673045754432678,0.9016188383102417,0.8403960466384888,0.5923879742622375,5.243363857269287,0.6673045754432678,/scicore/home/schwede/barta0000/mcmahon_ds/target_shuffle/Nb.c206_HSA/boltz_with_template/output/boltz_results_Nb.c206_HSA/predictions/Nb.c206_HSA/Nb.c206_HSA_model_0.cif,0.29494,0.1743,0.091,0.2179,4.19119401772817,5.48861567179362,2.89377236366272,0.2753082745656129,0.2089685188731737,1.565571665763855,1.3712818622589111,1.7598614692687988,3.720863660176595,5.118495146433513,2.3232321739196777,0.2406548461430991,0.2158921053983037,1.532976508140564,1.3407243490219116,1.7252286672592163,3.850490530331929,5.218011220296224,2.4829698403676352,0.2486387834127479,0.2361345583021215,1.4433534741401672,1.258697271347046,1.6280096769332886,4.29287568728129,5.561552842458089,3.024198532104492,0.3017178934688859,0.2190636047000476,1.5183931589126587,1.3323765993118286,1.7044097185134888,4.164320429166158,5.536716302235921,2.791924556096395,0.2587227671871774,0.2357001762607986,1.4451947212219238,1.2143281698226929,1.6760612726211548,4.123323837916057,5.576381206512451,2.6702664693196616,0.2553154511207566,0.2089687555277001,1.5655705332756042,1.4621211290359497,1.6690199375152588,4.0189883311589565,5.39596430460612,2.642012357711792,0.2247893493341002,0.2107545032523924,1.5570613145828247,1.4608290195465088,1.6532936096191406
Nb.c211_A2AR,False,"A,B",9.264457008089225,81.44805538832028,263.71,7.75,9.477777777777778,70.54953301007848,0.321828,0.2891,0.1056,0.2431,0.68,0.81,17.09,0.0,0.71,0.0577,0.263,4.51669300623774,94.55962441314553,1327.22,40.98,4.622934782608696,88.4271433694022,0.749085,0.5612,0.6145,0.5788,0.89,0.92,266.9,1.0,0.0986,0.44523026588321357,0.8358521058760967,16.858446257455007,46.77467346191406,76.31703,13.678178,0.6736392,,,,,,,0.3192426860332489,/scicore/home/schwede/barta0000/mcmahon_ds/target_shuffle/Nb.c211_A2AR/chai_no_constraints/seed_155/pred.model_idx_1.cif,0.46972084045410156,/scicore/home/schwede/barta0000/mcmahon_ds/target_shuffle/Nb.c211_A2AR/chai_with_constraints/seed_4994/pred.model_idx_1.cif,0.3192426860332489,0.7032062411308289,0.22325177490711212,"[[0.8719794154167175, 0.8562542796134949]]","[[[0.8719794154167175, 0.22325177490711212], [0.17719770967960358, 0.8562542796134949]]]",0.22325177490711212,0.016281,0.1256,0.0119,0.0,0.46972084045410156,0.7937825918197632,0.38870540261268616,"[[0.871832549571991, 0.8651661276817322]]","[[[0.871832549571991, 0.38870540261268616], [0.34773460030555725, 0.8651661276817322]]]",0.38870540261268616,0.284633,0.1796,0.0433,0.2075,0.8672623038291931,0.8708035945892334,0.6698789000511169,0.9166080951690674,0.8318247199058533,0.4190239906311035,3.861168146133423,0.6698789000511169,/scicore/home/schwede/barta0000/mcmahon_ds/target_shuffle/Nb.c211_A2AR/boltz_free/output/boltz_results_Nb.c211_A2AR/predictions/Nb.c211_A2AR/Nb.c211_A2AR_model_0.cif,0.329628,0.1418,0.0963,0.2273,0.9022111296653748,0.9199999570846558,0.810192883014679,0.9252156615257263,0.835677981376648,0.36150923371315,2.5428390502929688,0.810192883014679,/scicore/home/schwede/barta0000/mcmahon_ds/target_shuffle/Nb.c211_A2AR/boltz_with_template/output/boltz_results_Nb.c211_A2AR/predictions/Nb.c211_A2AR/Nb.c211_A2AR_model_0.cif,0.540692,0.1557,0.2052,0.4205,5.792750676472982,5.189772288004558,6.395729064941406,0.1851828524694291,0.1709209691555268,1.7665539979934692,1.4378905296325684,2.09521746635437,5.867521444956461,5.377652645111084,6.357390244801839,0.1541338716272919,0.2035966668363195,1.5916143655776978,1.254969358444214,1.9282593727111816,5.843438545862833,5.337063630421956,6.349813461303711,0.1733130446445431,0.1978529479800867,1.620231211185455,1.2781455516815186,1.962316870689392,5.792961597442627,5.1944301923116045,6.391493002573649,0.1840197523811125,0.1839895897277752,1.6928761005401611,1.4296503067016602,1.956101894378662,5.551293929417929,4.771803379058838,6.3307844797770185,0.1649765389741923,0.1889835928531566,1.6660950779914856,1.4016308784484863,1.9305592775344849,5.592358589172363,4.89158821105957,6.293128967285156,0.1845220025938014,0.1919219204265236,1.6506666541099548,1.3522107601165771,1.9491225481033323,5.687896013259888,5.066714763641357,6.309077262878418,0.2096515115669287,0.1870360744552844,1.6764537692070007,1.3740379810333252,1.9788695573806765
Nb.c203_A2AR,False,"A,B",12.999075359827193,76.58485860409145,549.95,22.15,13.253999999999998,61.20170140994236,0.040355,0.1066,0.023,0.0703,0.37,0.775,301.26,0.0,0.43,0.73,0.533,5.954904339967821,92.41488262910799,1958.19,79.16,5.484605263157894,83.27477351101962,0.481332,0.3292,0.4277,0.366,0.73,0.86,1493.02,1.0,0.8245,0.06563612074902758,0.8114597802166668,14.667839472110455,52.016136169433594,75.42898,12.871413,0.68971276,,,,,,,0.3265359401702881,/scicore/home/schwede/barta0000/mcmahon_ds/target_shuffle/Nb.c203_A2AR/chai_no_constraints/seed_1229/pred.model_idx_1.cif,0.5769177675247192,/scicore/home/schwede/barta0000/mcmahon_ds/target_shuffle/Nb.c203_A2AR/chai_with_constraints/seed_2512/pred.model_idx_0.cif,0.3265359401702881,0.6931747198104858,0.23487621545791626,"[[0.863396167755127, 0.839375376701355]]","[[[0.863396167755127, 0.23487621545791626], [0.15832342207431793, 0.839375376701355]]]",0.23487621545791626,0.005054,0.1378,0.0113,0.0,0.5769177675247192,0.8190550804138184,0.5163834095001221,"[[0.8732857704162598, 0.8738192915916443]]","[[[0.8732857704162598, 0.5163834095001221], [0.45561155676841736, 0.8738192915916443]]]",0.5163834095001221,0.434211,0.2992,0.1626,0.3285,0.8950454592704773,0.9383921027183533,0.884772539138794,0.8976136445999146,0.8409253358840942,0.3387422263622284,1.1163872480392456,0.884772539138794,/scicore/home/schwede/barta0000/mcmahon_ds/target_shuffle/Nb.c203_A2AR/boltz_free/output/boltz_results_Nb.c203_A2AR/predictions/Nb.c203_A2AR/Nb.c203_A2AR_model_0.cif,0.830018,0.4114,0.4769,0.601,0.914860725402832,0.9330897331237793,0.8574582934379578,0.9292113780975342,0.894865870475769,0.37021729350090027,1.7264808416366577,0.8574582934379578,/scicore/home/schwede/barta0000/mcmahon_ds/target_shuffle/Nb.c203_A2AR/boltz_with_template/output/boltz_results_Nb.c203_A2AR/predictions/Nb.c203_A2AR/Nb.c203_A2AR_model_0.cif,0.738364,0.5249,0.5723,0.5406,5.688749949137369,5.039491176605225,6.338008721669515,0.1980114724436945,0.1661037855572419,1.7951424717903135,1.5441941022872925,2.046090841293335,5.557742913564047,4.7862091064453125,6.32927672068278,0.2075466280671098,0.1855213677278044,1.6845852136611938,1.384859919548035,1.984310507774353,5.550028244654337,4.788493474324544,6.311563014984131,0.1901042395848437,0.1918319588989532,1.651135504245758,1.2808536291122437,2.0214173793792725,5.782203515370687,5.215508619944255,6.348898410797119,0.2014883642373615,0.174435037235673,1.7462028861045835,1.5559099912643433,1.936495780944824,5.671547889709473,5.02772871653239,6.315367062886556,0.1874095823067055,0.1840049765588263,1.6927924752235413,1.4042428731918335,1.981342077255249,5.664565881093344,5.0688902537028,6.260241508483887,0.181156089985516,0.1726451626408741,1.7565168738365171,1.5208781957626345,1.9921555519104004,5.717044989267984,5.121530055999756,6.312559922536214,0.1866089930548076,0.1733939200147335,1.7521892786026,1.5298298597335815,1.9745486974716189
Nb.c201_Adiponectin,False,"A,B",13.527034217608614,81.54843964671248,241.8,14.24,8.078846153846154,62.04660788098946,0.005985,0.0871,0.0117,0.0074,0.16,0.855,-51.48,0.0,0.24,0.3979,0.669,5.864600692041522,91.96062745098038,756.04,51.32,4.452857142857143,81.01434757398522,0.278316,0.2035,0.2153,0.3131,0.53,0.75,577.9,1.0,0.9388,0.09801792154613725,0.8835662042784728,,,77.72365,16.376701,0.50512916,,,,,,,0.2685447931289673,/scicore/home/schwede/barta0000/mcmahon_ds/target_shuffle/Nb.c201_Adiponectin/chai_no_constraints/seed_2102/pred.model_idx_4.cif,0.3266832232475281,/scicore/home/schwede/barta0000/mcmahon_ds/target_shuffle/Nb.c201_Adiponectin/chai_with_constraints/seed_4386/pred.model_idx_2.cif,0.2685447931289673,0.597177267074585,0.18638667464256287,"[[0.8977813124656677, 0.8900136947631836]]","[[[0.8977813124656677, 0.18638667464256287], [0.15268948674201965, 0.8900136947631836]]]",0.18638667464256287,0.024799,0.1015,0.0117,0.0101,0.3266832232475281,0.6444291472434998,0.24724675714969635,"[[0.8935931324958801, 0.8906953930854797]]","[[[0.8935931324958801, 0.24724675714969635], [0.2225654125213623, 0.8906953930854797]]]",0.24724675714969635,0.131924,0.0536,0.0313,0.1227,0.5954184532165527,0.579551637172699,0.2625247538089752,0.6786418557167053,0.6589031219482422,1.789871335029602,7.762302875518799,0.25421786308288574,/scicore/home/schwede/barta0000/mcmahon_ds/target_shuffle/Nb.c201_Adiponectin/boltz_free/output/boltz_results_Nb.c201_Adiponectin/predictions/Nb.c201_Adiponectin/Nb.c201_Adiponectin_model_0.cif,0.040801,0.0926,0.0163,0.0396,0.8341951370239258,0.8472798466682434,0.8304396271705627,0.835133969783783,0.8204420208930969,0.7395305037498474,2.0346806049346924,0.8304396271705627,/scicore/home/schwede/barta0000/mcmahon_ds/target_shuffle/Nb.c201_Adiponectin/boltz_with_template/output/boltz_results_Nb.c201_Adiponectin/predictions/Nb.c201_Adiponectin/Nb.c201_Adiponectin_model_0.cif,0.582508,0.2614,0.3803,0.4563,5.912924766540527,5.681986649831136,6.143862883249919,0.2455219215184987,0.215050101395176,1.5368842482566831,1.3881049156188965,1.6856635808944702,5.835933685302734,5.719600359598796,5.952267011006673,0.2199065182951359,0.195988991645355,1.629696786403656,1.2682292461395264,1.9911643266677856,6.114375511805217,6.23391071955363,5.994840304056804,0.2297317993202739,0.2111127600924802,1.55536288022995,1.190216302871704,1.920509457588196,6.06948455174764,5.920552571614583,6.218416531880696,0.2567856823139704,0.2152807564614691,1.535812258720398,1.4150619506835938,1.656562566757202,6.1839734713236485,6.225950241088867,6.141996701558431,0.2902528999600786,0.2310215613570319,1.4652442336082458,1.263891339302063,1.6665971279144287,5.776553471883139,5.33592700958252,6.217179934183757,0.296105240890593,0.2189279823046651,1.519012451171875,1.2985708713531494,1.7394540309906006,5.891875743865967,5.613752841949463,6.169998645782471,0.2395036171998296,0.206719488780613,1.5763925313949585,1.4071245193481443,1.7456605434417725
Nb.AQ101_A2AR,False,"A,B",13.478291508923743,76.94612366230677,1009.99,28.4,18.75071428571428,63.984131639110075,0.005262,0.1923,0.0111,0.0,0.33,0.785,221.4,0.0,0.4,0.9189,0.267,4.966712006489995,93.47934883720929,2469.05,69.5,5.987413793103448,86.07929845441852,0.609614,0.5728,0.4752,0.474,0.8,0.89,1711.97,1.0,0.0182,0.24934277556448345,0.8017029927353662,16.89240837097168,46.574764251708984,74.74079,13.354042,0.6781008,,,,,,,0.3594089150428772,/scicore/home/schwede/barta0000/mcmahon_ds/target_shuffle/Nb.AQ101_A2AR/chai_no_constraints/seed_1197/pred.model_idx_4.cif,0.7069836854934692,/scicore/home/schwede/barta0000/mcmahon_ds/target_shuffle/Nb.AQ101_A2AR/chai_with_constraints/seed_2801/pred.model_idx_0.cif,0.3594089150428772,0.7222788333892822,0.26869142055511475,"[[0.8439115881919861, 0.8536041378974915]]","[[[0.8439115881919861, 0.26869142055511475], [0.2181837409734726, 0.8536041378974915]]]",0.26869142055511475,0.077538,0.3695,0.0143,0.0336,0.7069836854934692,0.8290009498596191,0.6764793395996094,"[[0.8816372156143188, 0.8758196234703064]]","[[[0.8816372156143188, 0.6764793395996094], [0.5130569338798523, 0.8758196234703064]]]",0.6764793395996094,0.595899,0.3474,0.3906,0.3305,0.8829447031021118,0.883093535900116,0.8384267091751099,0.8940741419792175,0.8045623898506165,0.3697495460510254,1.926827073097229,0.688489556312561,/scicore/home/schwede/barta0000/mcmahon_ds/target_shuffle/Nb.AQ101_A2AR/boltz_free/output/boltz_results_Nb.AQ101_A2AR/predictions/Nb.AQ101_A2AR/Nb.AQ101_A2AR_model_0.cif,0.752804,0.1398,0.2457,0.3366,0.9052280783653259,0.9096832871437073,0.8069438934326172,0.9297990202903748,0.8775457739830017,0.32034388184547424,1.4564456939697266,0.7651386260986328,/scicore/home/schwede/barta0000/mcmahon_ds/target_shuffle/Nb.AQ101_A2AR/boltz_with_template/output/boltz_results_Nb.AQ101_A2AR/predictions/Nb.AQ101_A2AR/Nb.AQ101_A2AR_model_0.cif,0.703898,0.2482,0.4694,0.4475,5.78234084447225,5.211299578348796,6.353382110595703,0.198428527064872,0.1757758009503999,1.7385459542274475,1.459609866142273,2.017482042312622,5.839990695317587,5.3504252433776855,6.329556147257487,0.1816239483267729,0.1800560199405267,1.7144872546195984,1.4175463914871216,2.011428117752075,5.813527266184488,5.28281307220459,6.344241460164388,0.16959560189622,0.185728266400369,1.683470606803894,1.368006467819214,1.9989347457885744,5.843392372131348,5.364622116088867,6.322162628173828,0.2027498792681128,0.1788185683817891,1.721383571624756,1.5294986963272097,1.9132684469223025,5.712444464365642,5.130089441935222,6.2947994867960615,0.1760005899088125,0.1926997612528786,1.6466219425201416,1.402461051940918,1.8907828330993648,5.680220603942871,5.066689332326253,6.293751875559489,0.1921517329504566,0.1633976954174245,1.8115682005882263,1.5431782007217407,2.079958200454712,5.800367116928101,5.287829240163167,6.312904993693034,0.1604554197976274,0.1756097761902301,1.7394909262657166,1.5119456052780151,1.967036247253418
Nb.c208_Adiponectin,False,"A,B",14.595175584438115,81.67634633682206,171.76,14.19,8.986956521739131,62.88564384012856,0.005038,0.0777,0.0113,0.0,0.14,0.845,-81.19,0.0,0.22,0.8384,0.685,10.002465989099163,89.96623574144488,1534.64,128.77,4.981842105263158,76.72799930572509,0.051601,0.1799,0.0312,0.0787,0.31,0.63,825.63,1.0,0.9773,0.13226360247659613,0.8937101466636345,19.0345356464386,41.208763122558594,75.75706,17.124126,0.4932496,,,,,,,0.23740226030349731,/scicore/home/schwede/barta0000/mcmahon_ds/target_shuffle/Nb.c208_Adiponectin/chai_no_constraints/seed_2351/pred.model_idx_1.cif,0.5036677122116089,/scicore/home/schwede/barta0000/mcmahon_ds/target_shuffle/Nb.c208_Adiponectin/chai_with_constraints/seed_308/pred.model_idx_4.cif,0.23740226030349731,0.5683068037033081,0.15467612445354462,"[[0.9102500081062317, 0.8884965777397156]]","[[[0.9102500081062317, 0.15467612445354462], [0.12179023772478104, 0.8884965777397156]]]",0.15467612445354462,0.011545,0.0406,0.0104,0.0,0.5036677122116089,0.741607666015625,0.44418269395828247,"[[0.9139723181724548, 0.8832532167434692]]","[[[0.9139723181724548, 0.44418269395828247], [0.41585469245910645, 0.8832532167434692]]]",0.44418269395828247,0.337167,0.088,0.1634,0.3405,0.6557774543762207,0.7195723056793213,0.5077134370803833,0.6927934885025024,0.6148751974105835,0.8022633790969849,4.321465492248535,0.45212456583976746,/scicore/home/schwede/barta0000/mcmahon_ds/target_shuffle/Nb.c208_Adiponectin/boltz_free/output/boltz_results_Nb.c208_Adiponectin/predictions/Nb.c208_Adiponectin/Nb.c208_Adiponectin_model_0.cif,0.160314,0.0309,0.0217,0.1291,0.7867026925086975,0.7216858267784119,0.5196170806884766,0.8534740805625916,0.7888191938400269,1.109428882598877,5.6522603034973145,0.5196170806884766,/scicore/home/schwede/barta0000/mcmahon_ds/target_shuffle/Nb.c208_Adiponectin/boltz_with_template/output/boltz_results_Nb.c208_Adiponectin/predictions/Nb.c208_Adiponectin/Nb.c208_Adiponectin_model_0.cif,0.17118,0.0888,0.0526,0.1638,6.215341250101725,6.302782376607259,6.127900123596191,0.367906187365204,0.2219236893002489,1.5054216980934143,1.3638125658035278,1.6470308303833008,6.058022578557332,6.1512831052144366,5.964762051900228,0.2909966014719048,0.1703838440720685,1.7697014808654783,1.3736426830291748,2.1657602787017822,5.925768693288168,5.834153811136882,6.017383575439453,0.27696556103536,0.1866018878516042,1.6787778735160828,1.300348877906799,2.057206869125366,6.290469805399576,6.4047878583272295,6.176151752471924,0.3784199853203567,0.2242698169165485,1.494905412197113,1.3297971487045288,1.6600136756896973,6.040505091349284,6.011917273203532,6.069092909495036,0.3401849653536948,0.2347100634161863,1.4494042992591858,1.2623825073242188,1.6364260911941528,6.1641569932301845,6.181143442789714,6.147170543670654,0.3671699153573078,0.219282958033774,1.517392337322235,1.3174444437026978,1.7173402309417725,5.82716178894043,5.463573296864827,6.190750281016032,0.314058300922339,0.2037825067449625,1.5907019972801208,1.4511183500289917,1.73028564453125
Nb.c210_A2AR,False,"A,B",12.577690713923603,76.84875524895021,298.59,11.45,13.732926829268294,61.785854533261094,0.059696,0.097,0.0198,0.0456,0.44,0.78,161.6,0.0,0.49,0.2001,0.263,5.0621070554784104,94.10741784037559,5294.38,449.61,5.139512195121951,87.85173930292544,0.65206,0.3927,0.5535,0.4828,0.86,0.9,11340.98,1.0,0.3445,0.4933315137824096,0.803184426848221,16.74681148529053,48.7756462097168,75.71507,13.496609,0.6765629,,,,,,,0.3845035135746002,/scicore/home/schwede/barta0000/mcmahon_ds/target_shuffle/Nb.c210_A2AR/chai_no_constraints/seed_4670/pred.model_idx_4.cif,0.4490451216697693,/scicore/home/schwede/barta0000/mcmahon_ds/target_shuffle/Nb.c210_A2AR/chai_with_constraints/seed_3434/pred.model_idx_3.cif,0.3845035135746002,0.7123669385910034,0.3025376498699188,"[[0.8880070447921753, 0.8469885587692261]]","[[[0.8880070447921753, 0.3025376498699188], [0.28241556882858276, 0.8469885587692261]]]",0.3025376498699188,0.102738,0.0875,0.0155,0.0285,0.4490451216697693,0.7754635214805603,0.36744052171707153,"[[0.8927828073501587, 0.8640075922012329]]","[[[0.8927828073501587, 0.36744052171707153], [0.3615618646144867, 0.8640075922012329]]]",0.36744052171707153,0.262525,0.1559,0.0917,0.2076,0.8482818007469177,0.8268999457359314,0.6664338707923889,0.8937436938285828,0.7933967113494873,0.4447634220123291,5.163620471954346,0.6664338707923889,/scicore/home/schwede/barta0000/mcmahon_ds/target_shuffle/Nb.c210_A2AR/boltz_free/output/boltz_results_Nb.c210_A2AR/predictions/Nb.c210_A2AR/Nb.c210_A2AR_model_0.cif,0.225009,0.0713,0.0575,0.1598,0.8882812857627869,0.8869213461875916,0.7596139907836914,0.9204481244087219,0.8317362666130066,0.3491222858428955,2.483424186706543,0.7596139907836914,/scicore/home/schwede/barta0000/mcmahon_ds/target_shuffle/Nb.c210_A2AR/boltz_with_template/output/boltz_results_Nb.c210_A2AR/predictions/Nb.c210_A2AR/Nb.c210_A2AR_model_0.cif,0.398325,0.138,0.198,0.3215,5.541099150975546,4.740836302439372,6.341361999511719,0.1776585954505271,0.1748982927624835,1.7435506582260132,1.4145362377166748,2.072565078735352,5.484207630157471,4.628673394521077,6.339741865793864,0.1758632661503475,0.195373485365629,1.632842242717743,1.3599441051483154,1.9057403802871704,5.49088191986084,4.638405799865723,6.343358039855957,0.1740271751066424,0.192535458042827,1.6474749445915222,1.3529033660888672,1.9420465230941768,5.651667435963949,4.968002955118815,6.335331916809082,0.1681161159631794,0.1803835952378427,1.7126696109771729,1.4380406141281128,1.987298607826233,5.423530260721843,4.526150385538737,6.320910135904948,0.1697989412193012,0.1909232452441091,1.6558837890625,1.4102944135665894,1.9014731645584104,5.412978092829386,4.566858291625977,6.259097894032796,0.1698814125199381,0.1866500649209845,1.6785197257995603,1.371479868888855,1.985559582710266,5.422268231709798,4.53912337621053,6.3054130872090655,0.1782359519024033,0.1787166177194177,1.7219538688659668,1.4649933576583862,1.9789143800735476
Nb.c202_A2AR,False,"A,B",10.942554894537587,79.20902848575712,610.83,17.05,13.771323529411763,68.54585281441783,0.147221,0.2753,0.0482,0.13,0.5,0.79,319.0,0.0,0.55,0.9529,0.305,4.88894050838291,93.6037441860465,1729.41,51.66,5.81311320754717,88.01649086935478,0.626001,0.5736,0.6061,0.492,0.85,0.89,1324.38,1.0,0.6985,0.6024839565512886,0.8116817916209195,19.634493827819824,39.90365219116211,75.1257,13.944012,0.66835237,,,,,,,0.2843472957611084,/scicore/home/schwede/barta0000/mcmahon_ds/target_shuffle/Nb.c202_A2AR/chai_no_constraints/seed_1534/pred.model_idx_2.cif,0.6023916006088257,/scicore/home/schwede/barta0000/mcmahon_ds/target_shuffle/Nb.c202_A2AR/chai_with_constraints/seed_1951/pred.model_idx_3.cif,0.2843472957611084,0.6755820512771606,0.18653860688209534,"[[0.8626030683517456, 0.8513020277023315]]","[[[0.8626030683517456, 0.18653860688209534], [0.10444007813930511, 0.8513020277023315]]]",0.18653860688209534,0.0,0.1136,0.0101,0.0,0.6023916006088257,0.8377094268798828,0.543562114238739,"[[0.8896172046661377, 0.8628196716308594]]","[[[0.8896172046661377, 0.5357885360717773], [0.543562114238739, 0.8628196716308594]]]",0.5357885360717773,0.456942,0.217,0.1804,0.3455,0.8624480366706848,0.8922154903411865,0.7471224069595337,0.891279399394989,0.7782966494560242,0.44994834065437317,3.1057076454162598,0.7471224069595337,/scicore/home/schwede/barta0000/mcmahon_ds/target_shuffle/Nb.c202_A2AR/boltz_free/output/boltz_results_Nb.c202_A2AR/predictions/Nb.c202_A2AR/Nb.c202_A2AR_model_0.cif,0.458217,0.1636,0.1074,0.3334,0.9166380167007446,0.9366183876991272,0.8654614090919495,0.9294321537017822,0.8654471039772034,0.34065312147140503,1.5155370235443115,0.8654614090919495,/scicore/home/schwede/barta0000/mcmahon_ds/target_shuffle/Nb.c202_A2AR/boltz_with_template/output/boltz_results_Nb.c202_A2AR/predictions/Nb.c202_A2AR/Nb.c202_A2AR_model_0.cif,0.663055,0.3644,0.4576,0.5262,5.706067005793253,5.081605752309163,6.330528259277344,0.2198428482172808,0.1817436801078903,1.7051579356193542,1.332581639289856,2.0777342319488525,5.856972614924113,5.369707743326823,6.344237486521403,0.152048397282127,0.2037148261889167,1.591034173965454,1.2702133655548096,1.9118549823760984,5.783094247182211,5.22991418838501,6.336274305979411,0.1664306054343566,0.206009185616194,1.579834520816803,1.238335371017456,1.92133367061615,5.735686858495077,5.139814376831055,6.331559340159099,0.2196962604998208,0.1953080039211756,1.6331774592399595,1.3271784782409668,1.9391764402389529,5.764120817184448,5.258298714955648,6.269942919413249,0.1510401745651535,0.2074518016650571,1.5728562474250791,1.2199013233184814,1.9258111715316768,5.732353607813517,5.156457424163818,6.308249791463216,0.1876353168625084,0.191577411026442,1.6524633169174194,1.362294316291809,1.9426323175430296,5.556589921315512,4.792937755584717,6.320242087046306,0.1488483232707294,0.1770587657687658,1.731273591518402,1.5044506788253784,1.9580965042114256
