sample,binding,interface,af3_pae,af3_plddt,af3_interface_dG,af3_interface_dG_SASA_ratio,af3_ipae,af3_iplddt,af3_ipsae,af3_pdockq,af3_pdockq2,af3_lis,af3_iptm,af3_ptm,af3_pyros_binder_score,af3_rank,af3_ranking_score,af3_rank0_masif,cf_af3_rmsd,cf_pae,cf_plddt,cf_interface_dG,cf_interface_dG_SASA_ratio,cf_ipae,cf_iplddt,cf_ipsae,cf_pdockq,cf_pdockq2,cf_lis,cf_iptm,cf_ptm,cf_pyros_binder_score,cf_rank,cf_rank0_masif,pred_ilddt,pred_lddt,esmfold_ipae,esmfold_iplddt,esmfold_plddt,esmfold_pae,esmfold_ptm,chai_unconstrained_score,chai_unconstrained_model_path,chai_constrained_score,chai_constrained_model_path,chai_unconstrained_aggregate_score,chai_unconstrained_ptm,chai_unconstrained_iptm,chai_unconstrained_per_chain_ptm,chai_unconstrained_per_chain_pair_iptm,chai_unconstrained_interface_iptm,chai_unconstrained_ipsae,chai_unconstrained_pdockq,chai_unconstrained_pdockq2,chai_unconstrained_lis,chai_constrained_aggregate_score,chai_constrained_ptm,chai_constrained_iptm,chai_constrained_per_chain_ptm,chai_constrained_per_chain_pair_iptm,chai_constrained_interface_iptm,chai_constrained_ipsae,chai_constrained_pdockq,chai_constrained_pdockq2,chai_constrained_lis,boltz_free_confidence_score,boltz_free_ptm,boltz_free_iptm,boltz_free_plddt,boltz_free_iplddt,boltz_free_pde,boltz_free_ipde,boltz_free_per_chain_pair_iptm,boltz_free_model_path,boltz_free_ipsae,boltz_free_pdockq,boltz_free_pdockq2,boltz_free_lis,boltz_template_confidence_score,boltz_template_ptm,boltz_template_iptm,boltz_template_plddt,boltz_template_iplddt,boltz_template_pde,boltz_template_ipde,boltz_template_per_chain_pair_iptm,boltz_template_model_path,boltz_template_ipsae,boltz_template_pdockq,boltz_template_pdockq2,boltz_template_lis
Nb.b201_Adiponectin,False,"A,B",13.753347174163784,82.25691707317073,196.43,16.05,7.537499999999999,65.44351678523495,0.005985,0.0568,0.0117,0.0042,0.16,0.855,-110.4,0.0,0.24,0.4639,1.407,7.226136870434448,91.02780392156862,722.5,59.16,4.271190476190476,78.42291609446208,0.185065,0.1211,0.0934,0.1995,0.45,0.71,2722.39,1.0,0.8984,0.10005536486696756,0.8860875969918304,,,77.7262,16.162197,0.5084962,0.23787057399749756,/scicore/home/schwede/barta0000/mcmahon_ds/target_shuffle/Nb.b201_Adiponectin/chai_no_constraints/seed_4216/pred.model_idx_1.cif,0.4245224595069885,/scicore/home/schwede/barta0000/mcmahon_ds/target_shuffle/Nb.b201_Adiponectin/chai_with_constraints/seed_3623/pred.model_idx_4.cif,0.23787057399749756,0.5779507160186768,0.15285052359104156,"[[0.8983994126319885, 0.8899402618408203]]","[[[0.8983994126319885, 0.15285052359104156], [0.11916157603263855, 0.8899402618408203]]]",0.15285052359104156,0.005156,0.1361,0.011,0.0,0.4245224595069885,0.7136120200157166,0.3522500693798065,"[[0.8934324979782104, 0.891068696975708]]","[[[0.8934324979782104, 0.3507102429866791], [0.3522500693798065, 0.891068696975708]]]",0.3507102429866791,0.217905,0.1057,0.0729,0.2464,0.6081554293632507,0.6082115769386292,0.33535531163215637,0.6763554215431213,0.6644503474235535,1.277065634727478,6.864962577819824,0.33535531163215637,/scicore/home/schwede/barta0000/mcmahon_ds/target_shuffle/Nb.b201_Adiponectin/boltz_free/output/boltz_results_Nb.b201_Adiponectin/predictions/Nb.b201_Adiponectin/Nb.b201_Adiponectin_model_0.cif,0.048582,0.0613,0.0164,0.0416,0.7212125062942505,0.6208982467651367,0.357369065284729,0.8121733069419861,0.8049129247665405,1.369107723236084,9.288698196411133,0.357369065284729,/scicore/home/schwede/barta0000/mcmahon_ds/target_shuffle/Nb.b201_Adiponectin/boltz_with_template/output/boltz_results_Nb.b201_Adiponectin/predictions/Nb.b201_Adiponectin/Nb.b201_Adiponectin_model_0.cif,0.065441,0.099,0.0249,0.0375
Nb.AD102_Adiponectin,False,"A,B",14.327878698224852,84.97489568170792,250.03,21.04,7.422222222222222,66.9343067685935,0.0,0.0525,0.0115,0.0,0.16,0.87,-36.96,0.0,0.23,0.0243,0.848,11.630164644970414,90.72442307692307,593.98,48.98,6.033571428571428,78.23304350479789,0.006248,0.0845,0.0184,0.0346,0.26,0.6,491.09,1.0,0.3085,0.10418734803840826,0.8860875969918304,,,77.126564,16.586813,0.4993202,0.24800893664360046,/scicore/home/schwede/barta0000/mcmahon_ds/target_shuffle/Nb.AD102_Adiponectin/chai_no_constraints/seed_103/pred.model_idx_4.cif,0.43225497007369995,/scicore/home/schwede/barta0000/mcmahon_ds/target_shuffle/Nb.AD102_Adiponectin/chai_with_constraints/seed_3235/pred.model_idx_4.cif,0.24800893664360046,0.5862500071525574,0.16344864666461945,"[[0.9161198139190674, 0.8866010904312134]]","[[[0.9161198139190674, 0.16344864666461945], [0.14760950207710266, 0.8866010904312134]]]",0.16344864666461945,0.014734,0.0543,0.0111,0.0,0.43225497007369995,0.7081436514854431,0.3632827699184418,"[[0.8980071544647217, 0.8956856727600098]]","[[[0.8980071544647217, 0.3632827699184418], [0.34991222620010376, 0.8956856727600098]]]",0.3632827699184418,0.246235,0.1413,0.1108,0.2425,0.5970485210418701,0.7096239328384399,0.5104628205299377,0.6186949610710144,0.5428444743156433,1.0285205841064453,4.321600437164307,0.5104628205299377,/scicore/home/schwede/barta0000/mcmahon_ds/target_shuffle/Nb.AD102_Adiponectin/boltz_free/output/boltz_results_Nb.AD102_Adiponectin/predictions/Nb.AD102_Adiponectin/Nb.AD102_Adiponectin_model_0.cif,0.148949,0.0547,0.019,0.1167,0.7173396944999695,0.6698921918869019,0.4330597519874573,0.7884096503257751,0.7187047004699707,1.4270721673965454,7.087206840515137,0.4100610613822937,/scicore/home/schwede/barta0000/mcmahon_ds/target_shuffle/Nb.AD102_Adiponectin/boltz_with_template/output/boltz_results_Nb.AD102_Adiponectin/predictions/Nb.AD102_Adiponectin/Nb.AD102_Adiponectin_model_0.cif,0.133106,0.1849,0.0295,0.122
Nb.c206_HSA,False,"A,B",14.100883655102335,77.88675364543361,486.77,16.15,11.580188679245285,61.60096284399402,0.005324,0.1404,0.0118,0.0,0.24,0.81,175.04,0.0,0.31,0.03,0.473,5.688226792713021,90.18253012048193,1136.54,65.81,6.190600000000001,80.72673478418467,0.522968,0.3437,0.3602,0.4178,0.74,0.81,870.78,1.0,0.004,0.06353114543181894,0.8025336139989749,17.487846791744232,55.121097564697266,74.17233,14.613588,0.5937381,0.28636640310287476,/scicore/home/schwede/barta0000/mcmahon_ds/target_shuffle/Nb.c206_HSA/chai_no_constraints/seed_1168/pred.model_idx_3.cif,0.4268140494823456,/scicore/home/schwede/barta0000/mcmahon_ds/target_shuffle/Nb.c206_HSA/chai_with_constraints/seed_1209/pred.model_idx_1.cif,0.28636640310287476,0.6339980363845825,0.19945846498012543,"[[0.8514087200164795, 0.8658167719841003]]","[[[0.8514087200164795, 0.19945846498012543], [0.1308148056268692, 0.8658167719841003]]]",0.19945846498012543,0.013023,0.0762,0.0113,0.0058,0.4268140494823456,0.7261195778846741,0.35198765993118286,"[[0.8505809903144836, 0.8743900656700134]]","[[[0.8505809903144836, 0.35198765993118286], [0.30744469165802, 0.8743900656700134]]]",0.35198765993118286,0.237913,0.0901,0.0339,0.189,0.7857905626296997,0.7287454009056091,0.5759305953979492,0.8382555246353149,0.7605689764022827,0.7295876741409302,4.7654547691345215,0.5759305953979492,/scicore/home/schwede/barta0000/mcmahon_ds/target_shuffle/Nb.c206_HSA/boltz_free/output/boltz_results_Nb.c206_HSA/predictions/Nb.c206_HSA/Nb.c206_HSA_model_0.cif,0.212929,0.091,0.0404,0.1307,0.8547559976577759,0.8019859790802002,0.6673045754432678,0.9016188383102417,0.8403960466384888,0.5923879742622375,5.243363857269287,0.6673045754432678,/scicore/home/schwede/barta0000/mcmahon_ds/target_shuffle/Nb.c206_HSA/boltz_with_template/output/boltz_results_Nb.c206_HSA/predictions/Nb.c206_HSA/Nb.c206_HSA_model_0.cif,0.29494,0.1743,0.091,0.2179
Nb.AD101_Adiponectin,False,"A,B",13.210857023598336,82.11986931268152,107.72,6.22,7.2796875,67.12615025890253,0.005943,0.1064,0.0128,0.0028,0.22,0.845,-70.87,0.0,0.29,0.4443,0.601,5.160699154753209,92.29548262548262,10804.41,529.09,5.677741935483872,84.48333320617675,0.442554,0.2894,0.3958,0.4654,0.7,0.81,19902.98,1.0,0.1379,0.08371714177867214,0.855130105526624,,,77.34513,16.463758,0.5008227,0.4008946418762207,/scicore/home/schwede/barta0000/mcmahon_ds/target_shuffle/Nb.AD101_Adiponectin/chai_no_constraints/seed_1106/pred.model_idx_0.cif,0.41970425844192505,/scicore/home/schwede/barta0000/mcmahon_ds/target_shuffle/Nb.AD101_Adiponectin/chai_with_constraints/seed_1816/pred.model_idx_0.cif,0.4008946418762207,0.6643573641777039,0.3350289463996887,"[[0.8836641311645508, 0.8874399662017822]]","[[[0.8836641311645508, 0.3350289463996887], [0.2887386083602905, 0.8874399662017822]]]",0.3350289463996887,0.155982,0.1395,0.0178,0.0906,0.41970425844192505,0.6749008893966675,0.35590508580207825,"[[0.8786105513572693, 0.8409098982810974]]","[[[0.8786105513572693, 0.35590508580207825], [0.3262193500995636, 0.8409098982810974]]]",0.35590508580207825,0.221397,0.1281,0.0611,0.2109,0.5655222535133362,0.570949137210846,0.24477867782115936,0.6457081437110901,0.5736494660377502,1.520262360572815,7.258554935455322,0.2287272959947586,/scicore/home/schwede/barta0000/mcmahon_ds/target_shuffle/Nb.AD101_Adiponectin/boltz_free/output/boltz_results_Nb.AD101_Adiponectin/predictions/Nb.AD101_Adiponectin/Nb.AD101_Adiponectin_model_0.cif,0.005822,0.0568,0.011,0.0085,0.8072020411491394,0.7494522333145142,0.5911078453063965,0.8612256050109863,0.8232296109199524,1.087083101272583,5.529708385467529,0.5911078453063965,/scicore/home/schwede/barta0000/mcmahon_ds/target_shuffle/Nb.AD101_Adiponectin/boltz_with_template/output/boltz_results_Nb.AD101_Adiponectin/predictions/Nb.AD101_Adiponectin/Nb.AD101_Adiponectin_model_0.cif,0.200232,0.294,0.0779,0.1867
Nb.c203_A2AR,False,"A,B",12.999075359827193,76.58485860409145,549.95,22.15,13.253999999999998,61.20170140994236,0.040355,0.1066,0.023,0.0703,0.37,0.775,301.26,0.0,0.43,0.73,0.533,5.954904339967821,92.41488262910799,1958.19,79.16,5.484605263157894,83.27477351101962,0.481332,0.3292,0.4277,0.366,0.73,0.86,1493.02,1.0,0.8245,0.06563612074902758,0.8114597802166668,14.667839472110455,52.016136169433594,75.42898,12.871413,0.68971276,0.3265359401702881,/scicore/home/schwede/barta0000/mcmahon_ds/target_shuffle/Nb.c203_A2AR/chai_no_constraints/seed_1229/pred.model_idx_1.cif,0.5769177675247192,/scicore/home/schwede/barta0000/mcmahon_ds/target_shuffle/Nb.c203_A2AR/chai_with_constraints/seed_2512/pred.model_idx_0.cif,0.3265359401702881,0.6931747198104858,0.23487621545791626,"[[0.863396167755127, 0.839375376701355]]","[[[0.863396167755127, 0.23487621545791626], [0.15832342207431793, 0.839375376701355]]]",0.23487621545791626,0.005054,0.1378,0.0113,0.0,0.5769177675247192,0.8190550804138184,0.5163834095001221,"[[0.8732857704162598, 0.8738192915916443]]","[[[0.8732857704162598, 0.5163834095001221], [0.45561155676841736, 0.8738192915916443]]]",0.5163834095001221,0.434211,0.2992,0.1626,0.3285,0.8950454592704773,0.9383921027183533,0.884772539138794,0.8976136445999146,0.8409253358840942,0.3387422263622284,1.1163872480392456,0.884772539138794,/scicore/home/schwede/barta0000/mcmahon_ds/target_shuffle/Nb.c203_A2AR/boltz_free/output/boltz_results_Nb.c203_A2AR/predictions/Nb.c203_A2AR/Nb.c203_A2AR_model_0.cif,0.830018,0.4114,0.4769,0.601,0.914860725402832,0.9330897331237793,0.8574582934379578,0.9292113780975342,0.894865870475769,0.37021729350090027,1.7264808416366577,0.8574582934379578,/scicore/home/schwede/barta0000/mcmahon_ds/target_shuffle/Nb.c203_A2AR/boltz_with_template/output/boltz_results_Nb.c203_A2AR/predictions/Nb.c203_A2AR/Nb.c203_A2AR_model_0.cif,0.738364,0.5249,0.5723,0.5406
Nb.c208_Adiponectin,False,"A,B",14.595175584438115,81.67634633682206,171.76,14.19,8.986956521739131,62.88564384012856,0.005038,0.0777,0.0113,0.0,0.14,0.845,-81.19,0.0,0.22,0.8384,0.685,10.002465989099163,89.96623574144488,1534.64,128.77,4.981842105263158,76.72799930572509,0.051601,0.1799,0.0312,0.0787,0.31,0.63,825.63,1.0,0.9773,0.13226360247659613,0.8937101466636345,19.0345356464386,41.208763122558594,75.75706,17.124126,0.4932496,0.23740226030349731,/scicore/home/schwede/barta0000/mcmahon_ds/target_shuffle/Nb.c208_Adiponectin/chai_no_constraints/seed_2351/pred.model_idx_1.cif,0.5036677122116089,/scicore/home/schwede/barta0000/mcmahon_ds/target_shuffle/Nb.c208_Adiponectin/chai_with_constraints/seed_308/pred.model_idx_4.cif,0.23740226030349731,0.5683068037033081,0.15467612445354462,"[[0.9102500081062317, 0.8884965777397156]]","[[[0.9102500081062317, 0.15467612445354462], [0.12179023772478104, 0.8884965777397156]]]",0.15467612445354462,0.011545,0.0406,0.0104,0.0,0.5036677122116089,0.741607666015625,0.44418269395828247,"[[0.9139723181724548, 0.8832532167434692]]","[[[0.9139723181724548, 0.44418269395828247], [0.41585469245910645, 0.8832532167434692]]]",0.44418269395828247,0.337167,0.088,0.1634,0.3405,0.6557774543762207,0.7195723056793213,0.5077134370803833,0.6927934885025024,0.6148751974105835,0.8022633790969849,4.321465492248535,0.45212456583976746,/scicore/home/schwede/barta0000/mcmahon_ds/target_shuffle/Nb.c208_Adiponectin/boltz_free/output/boltz_results_Nb.c208_Adiponectin/predictions/Nb.c208_Adiponectin/Nb.c208_Adiponectin_model_0.cif,0.160314,0.0309,0.0217,0.1291,0.7867026925086975,0.7216858267784119,0.5196170806884766,0.8534740805625916,0.7888191938400269,1.109428882598877,5.6522603034973145,0.5196170806884766,/scicore/home/schwede/barta0000/mcmahon_ds/target_shuffle/Nb.c208_Adiponectin/boltz_with_template/output/boltz_results_Nb.c208_Adiponectin/predictions/Nb.c208_Adiponectin/Nb.c208_Adiponectin_model_0.cif,0.17118,0.0888,0.0526,0.1638
Nb.c209_Adiponectin,False,"A,B",12.18703954920171,82.95153140096619,198.93,16.19,7.525806451612904,63.46904358377754,0.006188,0.0724,0.0165,0.0253,0.24,0.855,-138.41,0.0,0.32,0.0004,0.471,10.511029054426736,87.99992277992278,460.74,35.76,5.467758620689654,74.80925863760488,0.06405,0.1201,0.0226,0.0545,0.33,0.64,96.5,1.0,0.0013,0.16592013185707205,0.8915371930994941,,,76.940094,16.983833,0.49452627,0.2663639187812805,/scicore/home/schwede/barta0000/mcmahon_ds/target_shuffle/Nb.c209_Adiponectin/chai_no_constraints/seed_2997/pred.model_idx_3.cif,0.4254615604877472,/scicore/home/schwede/barta0000/mcmahon_ds/target_shuffle/Nb.c209_Adiponectin/chai_with_constraints/seed_1778/pred.model_idx_4.cif,0.2663639187812805,0.6012471914291382,0.1826431006193161,"[[0.8751142621040344, 0.8904737830162048]]","[[[0.8751142621040344, 0.1826431006193161], [0.16598603129386902, 0.8904737830162048]]]",0.1826431006193161,0.040688,0.083,0.0118,0.0312,0.4254615604877472,0.6885930895805359,0.3596786558628082,"[[0.8724322319030762, 0.8780698180198669]]","[[[0.8724322319030762, 0.3596786558628082], [0.3261699974536896, 0.8780698180198669]]]",0.3596786558628082,0.232655,0.1987,0.1008,0.2359,0.5765116214752197,0.6701149940490723,0.43166711926460266,0.6127227544784546,0.5515663623809814,1.4683939218521118,5.782055377960205,0.43166711926460266,/scicore/home/schwede/barta0000/mcmahon_ds/target_shuffle/Nb.c209_Adiponectin/boltz_free/output/boltz_results_Nb.c209_Adiponectin/predictions/Nb.c209_Adiponectin/Nb.c209_Adiponectin_model_0.cif,0.081932,0.0604,0.0142,0.0634,0.7346808314323425,0.7229944467544556,0.5528962016105652,0.7801269888877869,0.7143110632896423,1.169531226158142,6.588399887084961,0.5528962016105652,/scicore/home/schwede/barta0000/mcmahon_ds/target_shuffle/Nb.c209_Adiponectin/boltz_with_template/output/boltz_results_Nb.c209_Adiponectin/predictions/Nb.c209_Adiponectin/Nb.c209_Adiponectin_model_0.cif,0.149233,0.1737,0.0301,0.1162
Nb.AQ103_B2AR,False,"A,B",13.083479806509454,77.44202173291393,248.24,12.2,14.97,63.395577456489754,0.043461,0.0762,0.0187,0.0294,0.39,0.785,79.57,0.0,0.48,0.1437,0.249,5.480784856445862,94.06369863013701,1070.67,54.89,6.481481481481482,85.9741949266003,0.482806,0.2813,0.4493,0.3936,0.79,0.88,878.99,1.0,0.2982,0.12131388265389059,0.7961923299025895,19.996448516845703,58.920955657958984,73.52845,15.01172,0.6491201,0.3566000461578369,/scicore/home/schwede/barta0000/mcmahon_ds/target_shuffle/Nb.AQ103_B2AR/chai_no_constraints/seed_1982/pred.model_idx_1.cif,0.5787479877471924,/scicore/home/schwede/barta0000/mcmahon_ds/target_shuffle/Nb.AQ103_B2AR/chai_with_constraints/seed_1828/pred.model_idx_1.cif,0.3566000461578369,0.7369062304496765,0.2615234851837158,"[[0.8800413012504578, 0.8602215051651001]]","[[[0.8800413012504578, 0.2615234851837158], [0.1955908089876175, 0.8602215051651001]]]",0.2615234851837158,0.072326,0.1208,0.0123,0.0286,0.5787479877471924,0.8244525194168091,0.5173218250274658,"[[0.8753964900970459, 0.8619832992553711]]","[[[0.8753964900970459, 0.5173218250274658], [0.46457526087760925, 0.8619832992553711]]]",0.5173218250274658,0.432785,0.2438,0.0597,0.3356,0.8372042775154114,0.906283438205719,0.824079155921936,0.8404855728149414,0.7261196374893188,0.4704649746417999,3.4299840927124023,0.824079155921936,/scicore/home/schwede/barta0000/mcmahon_ds/target_shuffle/Nb.AQ103_B2AR/boltz_free/output/boltz_results_Nb.AQ103_B2AR/predictions/Nb.AQ103_B2AR/Nb.AQ103_B2AR_model_0.cif,0.571578,0.1748,0.0925,0.4125,0.8963634371757507,0.8997385501861572,0.8016474843025208,0.9200424551963806,0.8688602447509766,0.5221829414367676,3.8876917362213135,0.8016474843025208,/scicore/home/schwede/barta0000/mcmahon_ds/target_shuffle/Nb.AQ103_B2AR/boltz_with_template/output/boltz_results_Nb.AQ103_B2AR/predictions/Nb.AQ103_B2AR/Nb.AQ103_B2AR_model_0.cif,0.545249,0.4802,0.1858,0.4206
Nb.c207_HSA,False,"A,B",15.207583984375,73.95256906077348,878.02,29.84,7.379787234042553,58.000298569215495,0.0,0.1223,0.0107,0.0,0.17,0.7949999999999999,446.09,0.0,0.26,0.2153,0.994,6.557346679687501,87.9956875,2214.49,80.92,4.3236842105263165,77.75958434740703,0.376954,0.3459,0.1959,0.334,0.64,0.77,1372.92,1.0,0.9358,0.09862333973806404,0.8190185800442461,13.585687380570631,56.2736701965332,74.237755,13.268207,0.6278317,0.302215576171875,/scicore/home/schwede/barta0000/mcmahon_ds/target_shuffle/Nb.c207_HSA/chai_no_constraints/seed_1713/pred.model_idx_3.cif,0.4836859703063965,/scicore/home/schwede/barta0000/mcmahon_ds/target_shuffle/Nb.c207_HSA/chai_with_constraints/seed_1533/pred.model_idx_1.cif,0.302215576171875,0.6289412975311279,0.22053416073322296,"[[0.8865152597427368, 0.847079873085022]]","[[[0.8865152597427368, 0.22053416073322296], [0.13858267664909363, 0.847079873085022]]]",0.22053416073322296,0.022859,0.2027,0.0119,0.0077,0.4836859703063965,0.7423110008239746,0.41902971267700195,"[[0.8744052648544312, 0.8503381609916687]]","[[[0.8744052648544312, 0.41902971267700195], [0.3581695258617401, 0.8503381609916687]]]",0.41902971267700195,0.289083,0.166,0.0853,0.2379,0.7834542989730835,0.7655594348907471,0.6519445776939392,0.816331684589386,0.7558106184005737,0.6628574728965759,4.405190467834473,0.6519445776939392,/scicore/home/schwede/barta0000/mcmahon_ds/target_shuffle/Nb.c207_HSA/boltz_free/output/boltz_results_Nb.c207_HSA/predictions/Nb.c207_HSA/Nb.c207_HSA_model_0.cif,0.220124,0.1644,0.0473,0.1588,0.8439995646476746,0.7121914625167847,0.6395741105079651,0.8951059579849243,0.8672136068344116,0.8168327808380127,5.381232738494873,0.6395741105079651,/scicore/home/schwede/barta0000/mcmahon_ds/target_shuffle/Nb.c207_HSA/boltz_with_template/output/boltz_results_Nb.c207_HSA/predictions/Nb.c207_HSA/Nb.c207_HSA_model_0.cif,0.248575,0.3539,0.1028,0.224
Nb.AQ102_B2AR,False,"A,B",9.47335491336711,81.51417291066282,262.94,8.3,10.725,72.83507370650477,0.368663,0.3335,0.1121,0.2802,0.75,0.81,65.42,0.0,0.79,0.9538,0.263,4.298020996226102,95.2066894977169,408.08,13.31,4.772678571428571,91.99499930104902,0.73312,0.612,0.7171,0.5696,0.9,0.91,262.23,1.0,0.9429,0.5114078419658108,0.8547195726065019,19.83769283294678,55.45156478881836,74.64744,15.086357,0.65283906,0.3397407531738281,/scicore/home/schwede/barta0000/mcmahon_ds/target_shuffle/Nb.AQ102_B2AR/chai_no_constraints/seed_1180/pred.model_idx_1.cif,0.6741589307785034,/scicore/home/schwede/barta0000/mcmahon_ds/target_shuffle/Nb.AQ102_B2AR/chai_with_constraints/seed_1230/pred.model_idx_1.cif,0.3397407531738281,0.7312489748001099,0.2418636679649353,"[[0.8886635899543762, 0.8604927062988281]]","[[[0.8886635899543762, 0.2418636679649353], [0.19072164595127106, 0.8604927062988281]]]",0.2418636679649353,0.043945,0.0723,0.0116,0.009,0.6741589307785034,0.8636023998260498,0.6267980337142944,"[[0.8862490057945251, 0.8722435235977173]]","[[[0.8862490057945251, 0.6267980337142944], [0.6147541999816895, 0.8722435235977173]]]",0.6267980337142944,0.572021,0.255,0.1294,0.4295,0.8292251825332642,0.8304443359375,0.6479122638702393,0.8745534420013428,0.7775618433952332,0.7030084729194641,6.95295524597168,0.6479122638702393,/scicore/home/schwede/barta0000/mcmahon_ds/target_shuffle/Nb.AQ102_B2AR/boltz_free/output/boltz_results_Nb.AQ102_B2AR/predictions/Nb.AQ102_B2AR/Nb.AQ102_B2AR_model_0.cif,0.286005,0.1712,0.0322,0.1505,0.9075818061828613,0.9122662544250488,0.8524709939956665,0.9213594794273376,0.8704245090484619,0.4788690507411957,2.908614158630371,0.8524709939956665,/scicore/home/schwede/barta0000/mcmahon_ds/target_shuffle/Nb.AQ102_B2AR/boltz_with_template/output/boltz_results_Nb.AQ102_B2AR/predictions/Nb.AQ102_B2AR/Nb.AQ102_B2AR_model_0.cif,0.647261,0.3883,0.2372,0.5225
Nb.AQ104_B2AR,False,"A,B",13.979694483019818,76.13211854792968,254.98,9.77,14.032926829268293,60.72485967637713,0.011098,0.1314,0.0173,0.0474,0.32,0.775,83.71,0.0,0.41,0.7031,0.38,6.326194318899129,92.3831011235955,665.94,23.1,6.545441176470588,82.35619127182733,0.430308,0.3949,0.3905,0.3319,0.72,0.86,703.16,1.0,0.5928,0.0924474990979366,0.8168771930057716,17.10418673356374,51.523624420166016,74.04822,14.139686,0.66753054,0.3342896103858948,/scicore/home/schwede/barta0000/mcmahon_ds/target_shuffle/Nb.AQ104_B2AR/chai_no_constraints/seed_1186/pred.model_idx_3.cif,0.41698962450027466,/scicore/home/schwede/barta0000/mcmahon_ds/target_shuffle/Nb.AQ104_B2AR/chai_with_constraints/seed_328/pred.model_idx_1.cif,0.3342896103858948,0.7270647287368774,0.23609581589698792,"[[0.8450877666473389, 0.860161542892456]]","[[[0.8450877666473389, 0.23609581589698792], [0.1921200454235077, 0.860161542892456]]]",0.23609581589698792,0.043775,0.1072,0.0114,0.0172,0.41698962450027466,0.7686399221420288,0.3290770649909973,"[[0.8488719463348389, 0.8542383313179016]]","[[[0.8488719463348389, 0.3290770649909973], [0.30420637130737305, 0.8542383313179016]]]",0.3290770649909973,0.184732,0.1706,0.0251,0.1663,0.8225968480110168,0.9277448654174805,0.901549756526947,0.8028586506843567,0.6816355586051941,0.4435892701148987,1.6206177473068237,0.901549756526947,/scicore/home/schwede/barta0000/mcmahon_ds/target_shuffle/Nb.AQ104_B2AR/boltz_free/output/boltz_results_Nb.AQ104_B2AR/predictions/Nb.AQ104_B2AR/Nb.AQ104_B2AR_model_0.cif,0.767415,0.1329,0.1424,0.5577,0.8713337182998657,0.9264534711837769,0.8865582942962646,0.8675274848937988,0.7978677749633789,0.4777751564979553,2.167585611343384,0.8865582942962646,/scicore/home/schwede/barta0000/mcmahon_ds/target_shuffle/Nb.AQ104_B2AR/boltz_with_template/output/boltz_results_Nb.AQ104_B2AR/predictions/Nb.AQ104_B2AR/Nb.AQ104_B2AR_model_0.cif,0.701267,0.3586,0.2459,0.5631
Nb.c200_Adiponectin,False,"A,B",14.663979368226471,80.89244583533943,805.88,37.11,10.570454545454547,61.187292951446324,0.0,0.1312,0.0106,0.0,0.16,0.8400000000000001,321.34,0.0,0.24,0.8811,0.569,6.069309193363247,90.41135135135136,7189.17,473.63,6.563974358974359,77.01725034713745,0.312502,0.2588,0.1912,0.3347,0.58,0.77,4913.15,1.0,0.0887,0.07826352339403819,0.8833222366056152,19.479633569717407,52.81739807128906,76.69563,17.05078,0.49703395,0.24939270317554474,/scicore/home/schwede/barta0000/mcmahon_ds/target_shuffle/Nb.c200_Adiponectin/chai_no_constraints/seed_105/pred.model_idx_2.cif,0.3907431364059448,/scicore/home/schwede/barta0000/mcmahon_ds/target_shuffle/Nb.c200_Adiponectin/chai_with_constraints/seed_4291/pred.model_idx_4.cif,0.24939270317554474,0.5823549628257751,0.16615213453769684,"[[0.9221398830413818, 0.8886476755142212]]","[[[0.9221398830413818, 0.16615213453769684], [0.13931795954704285, 0.8886476755142212]]]",0.16615213453769684,0.024974,0.0543,0.0115,0.0128,0.3907431364059448,0.663608193397522,0.32252684235572815,"[[0.8992316126823425, 0.8859411478042603]]","[[[0.8992316126823425, 0.32252684235572815], [0.2678002119064331, 0.8859411478042603]]]",0.32252684235572815,0.198672,0.1272,0.054,0.1652,0.6051899790763855,0.7017726898193359,0.4584077000617981,0.6418855786323547,0.5541573166847229,0.8985715508460999,4.397491931915283,0.44641515612602234,/scicore/home/schwede/barta0000/mcmahon_ds/target_shuffle/Nb.c200_Adiponectin/boltz_free/output/boltz_results_Nb.c200_Adiponectin/predictions/Nb.c200_Adiponectin/Nb.c200_Adiponectin_model_0.cif,0.146081,0.0387,0.0173,0.1235,0.7008700966835022,0.6454669237136841,0.3806149661540985,0.7809338569641113,0.7004917860031128,1.3787052631378174,7.134751796722412,0.3756664991378784,/scicore/home/schwede/barta0000/mcmahon_ds/target_shuffle/Nb.c200_Adiponectin/boltz_with_template/output/boltz_results_Nb.c200_Adiponectin/predictions/Nb.c200_Adiponectin/Nb.c200_Adiponectin_model_0.cif,0.104264,0.0788,0.0197,0.0715
Nb.c201_Adiponectin,False,"A,B",13.527034217608614,81.54843964671248,241.8,14.24,8.078846153846154,62.04660788098946,0.005985,0.0871,0.0117,0.0074,0.16,0.855,-51.48,0.0,0.24,0.3979,0.669,5.864600692041522,91.96062745098038,756.04,51.32,4.452857142857143,81.01434757398522,0.278316,0.2035,0.2153,0.3131,0.53,0.75,577.9,1.0,0.9388,0.09801792154613725,0.8835662042784728,,,77.72365,16.376701,0.50512916,0.2685447931289673,/scicore/home/schwede/barta0000/mcmahon_ds/target_shuffle/Nb.c201_Adiponectin/chai_no_constraints/seed_2102/pred.model_idx_4.cif,0.3266832232475281,/scicore/home/schwede/barta0000/mcmahon_ds/target_shuffle/Nb.c201_Adiponectin/chai_with_constraints/seed_4386/pred.model_idx_2.cif,0.2685447931289673,0.597177267074585,0.18638667464256287,"[[0.8977813124656677, 0.8900136947631836]]","[[[0.8977813124656677, 0.18638667464256287], [0.15268948674201965, 0.8900136947631836]]]",0.18638667464256287,0.024799,0.1015,0.0117,0.0101,0.3266832232475281,0.6444291472434998,0.24724675714969635,"[[0.8935931324958801, 0.8906953930854797]]","[[[0.8935931324958801, 0.24724675714969635], [0.2225654125213623, 0.8906953930854797]]]",0.24724675714969635,0.131924,0.0536,0.0313,0.1227,0.5954184532165527,0.579551637172699,0.2625247538089752,0.6786418557167053,0.6589031219482422,1.789871335029602,7.762302875518799,0.25421786308288574,/scicore/home/schwede/barta0000/mcmahon_ds/target_shuffle/Nb.c201_Adiponectin/boltz_free/output/boltz_results_Nb.c201_Adiponectin/predictions/Nb.c201_Adiponectin/Nb.c201_Adiponectin_model_0.cif,0.040801,0.0926,0.0163,0.0396,0.8341951370239258,0.8472798466682434,0.8304396271705627,0.835133969783783,0.8204420208930969,0.7395305037498474,2.0346806049346924,0.8304396271705627,/scicore/home/schwede/barta0000/mcmahon_ds/target_shuffle/Nb.c201_Adiponectin/boltz_with_template/output/boltz_results_Nb.c201_Adiponectin/predictions/Nb.c201_Adiponectin/Nb.c201_Adiponectin_model_0.cif,0.582508,0.2614,0.3803,0.4563
Nb.c205_Adiponectin,False,"A,B",13.69107645980233,80.06221689059501,291.9,16.37,8.81060606060606,66.12495489208644,0.005534,0.0957,0.0124,0.0,0.19,0.835,2.97,0.0,0.26,,19.379,5.542226263770665,89.9780694980695,2543.19,153.84,7.147758620689655,84.50875043869019,0.570415,0.3368,0.3627,0.5066,0.77,0.85,829.63,1.0,0.9559,0.060024694817688934,0.8506354508694711,19.41841239929199,58.67278289794922,77.03805,16.973658,0.49658054,0.2590688169002533,/scicore/home/schwede/barta0000/mcmahon_ds/target_shuffle/Nb.c205_Adiponectin/chai_no_constraints/seed_4976/pred.model_idx_3.cif,0.2951715290546417,/scicore/home/schwede/barta0000/mcmahon_ds/target_shuffle/Nb.c205_Adiponectin/chai_with_constraints/seed_1416/pred.model_idx_1.cif,0.2590688169002533,0.5866953134536743,0.17716220021247864,"[[0.8861587643623352, 0.883928656578064]]","[[[0.8861587643623352, 0.17716220021247864], [0.14921408891677856, 0.883928656578064]]]",0.17716220021247864,0.019713,0.1687,0.0115,0.0,0.2951715290546417,0.6125174760818481,0.21583504974842072,"[[0.8903898000717163, 0.8812936544418335]]","[[[0.8903898000717163, 0.21583504974842072], [0.19405505061149597, 0.8812936544418335]]]",0.21583504974842072,0.088697,0.1175,0.0157,0.1054,0.692145586013794,0.8580493927001953,0.8237809538841248,0.65923672914505,0.6273512840270996,0.6805398464202881,1.9852632284164429,0.8237809538841248,/scicore/home/schwede/barta0000/mcmahon_ds/target_shuffle/Nb.c205_Adiponectin/boltz_free/output/boltz_results_Nb.c205_Adiponectin/predictions/Nb.c205_Adiponectin/Nb.c205_Adiponectin_model_0.cif,0.5174,0.0779,0.1138,0.4514,0.8036908507347107,0.8011618256568909,0.7552047967910767,0.8158122897148132,0.792578935623169,1.0973509550094604,3.09733247756958,0.7552047967910767,/scicore/home/schwede/barta0000/mcmahon_ds/target_shuffle/Nb.c205_Adiponectin/boltz_with_template/output/boltz_results_Nb.c205_Adiponectin/predictions/Nb.c205_Adiponectin/Nb.c205_Adiponectin_model_0.cif,0.462475,0.2571,0.1975,0.3787
Nb.c202_A2AR,False,"A,B",10.942554894537587,79.20902848575712,610.83,17.05,13.771323529411763,68.54585281441783,0.147221,0.2753,0.0482,0.13,0.5,0.79,319.0,0.0,0.55,0.9529,0.305,4.88894050838291,93.6037441860465,1729.41,51.66,5.81311320754717,88.01649086935478,0.626001,0.5736,0.6061,0.492,0.85,0.89,1324.38,1.0,0.6985,0.6024839565512886,0.8116817916209195,19.634493827819824,39.90365219116211,75.1257,13.944012,0.66835237,0.2843472957611084,/scicore/home/schwede/barta0000/mcmahon_ds/target_shuffle/Nb.c202_A2AR/chai_no_constraints/seed_1534/pred.model_idx_2.cif,0.6023916006088257,/scicore/home/schwede/barta0000/mcmahon_ds/target_shuffle/Nb.c202_A2AR/chai_with_constraints/seed_1951/pred.model_idx_3.cif,0.2843472957611084,0.6755820512771606,0.18653860688209534,"[[0.8626030683517456, 0.8513020277023315]]","[[[0.8626030683517456, 0.18653860688209534], [0.10444007813930511, 0.8513020277023315]]]",0.18653860688209534,0.0,0.1136,0.0101,0.0,0.6023916006088257,0.8377094268798828,0.543562114238739,"[[0.8896172046661377, 0.8628196716308594]]","[[[0.8896172046661377, 0.5357885360717773], [0.543562114238739, 0.8628196716308594]]]",0.5357885360717773,0.456942,0.217,0.1804,0.3455,0.8624480366706848,0.8922154903411865,0.7471224069595337,0.891279399394989,0.7782966494560242,0.44994834065437317,3.1057076454162598,0.7471224069595337,/scicore/home/schwede/barta0000/mcmahon_ds/target_shuffle/Nb.c202_A2AR/boltz_free/output/boltz_results_Nb.c202_A2AR/predictions/Nb.c202_A2AR/Nb.c202_A2AR_model_0.cif,0.458217,0.1636,0.1074,0.3334,0.9166380167007446,0.9366183876991272,0.8654614090919495,0.9294321537017822,0.8654471039772034,0.34065312147140503,1.5155370235443115,0.8654614090919495,/scicore/home/schwede/barta0000/mcmahon_ds/target_shuffle/Nb.c202_A2AR/boltz_with_template/output/boltz_results_Nb.c202_A2AR/predictions/Nb.c202_A2AR/Nb.c202_A2AR_model_0.cif,0.663055,0.3644,0.4576,0.5262
Nb.AQ100_A2AR,False,"A,B",9.728229077123144,81.22569749924675,303.31,9.15,12.145384615384618,70.09803574659135,0.243637,0.3775,0.0649,0.1525,0.58,0.805,-89.09,0.0,0.61,0.6791,0.247,4.193849489739689,95.38488262910798,506.15,15.56,5.138560606060606,92.1643079317533,0.804717,0.6615,0.7421,0.6051,0.89,0.92,378.1,1.0,0.7471,0.4595420125805423,0.8469953013431994,14.755264706081814,50.892799377441406,75.92563,12.258215,0.703087,0.694304347038269,/scicore/home/schwede/barta0000/mcmahon_ds/target_shuffle/Nb.AQ100_A2AR/chai_no_constraints/seed_3233/pred.model_idx_3.cif,0.7335779666900635,/scicore/home/schwede/barta0000/mcmahon_ds/target_shuffle/Nb.AQ100_A2AR/chai_with_constraints/seed_2623/pred.model_idx_4.cif,0.694304347038269,0.8529713153839111,0.6546375751495361,"[[0.898023784160614, 0.8743331432342529]]","[[[0.898023784160614, 0.6546375751495361], [0.594833493232727, 0.8743331432342529]]]",0.6546375751495361,0.555349,0.5412,0.3258,0.408,0.7335779666900635,0.8664403557777405,0.7003623843193054,"[[0.9000504016876221, 0.883384108543396]]","[[[0.9000504016876221, 0.7003623843193054], [0.635901153087616, 0.883384108543396]]]",0.7003623843193054,0.644881,0.5892,0.4191,0.456,0.91569584608078,0.9356455206871033,0.8816150426864624,0.924216091632843,0.8813416957855225,0.35468849539756775,1.265233039855957,0.8816150426864624,/scicore/home/schwede/barta0000/mcmahon_ds/target_shuffle/Nb.AQ100_A2AR/boltz_free/output/boltz_results_Nb.AQ100_A2AR/predictions/Nb.AQ100_A2AR/Nb.AQ100_A2AR_model_0.cif,0.796491,0.547,0.5685,0.5855,0.9426431655883789,0.948631763458252,0.9039525389671326,0.9523158073425293,0.9264081120491028,0.31136301159858704,0.7651898264884949,0.9039525389671326,/scicore/home/schwede/barta0000/mcmahon_ds/target_shuffle/Nb.AQ100_A2AR/boltz_with_template/output/boltz_results_Nb.AQ100_A2AR/predictions/Nb.AQ100_A2AR/Nb.AQ100_A2AR_model_0.cif,0.836143,0.6086,0.765,0.6504
Nb.c211_A2AR,False,"A,B",9.264457008089225,81.44805538832028,263.71,7.75,9.477777777777778,70.54953301007848,0.321828,0.2891,0.1056,0.2431,0.68,0.81,17.09,0.0,0.71,0.0577,0.263,4.51669300623774,94.55962441314553,1327.22,40.98,4.622934782608696,88.4271433694022,0.749085,0.5612,0.6145,0.5788,0.89,0.92,266.9,1.0,0.0986,0.44523026588321357,0.8358521058760967,16.858446257455007,46.77467346191406,76.31703,13.678178,0.6736392,0.3192426860332489,/scicore/home/schwede/barta0000/mcmahon_ds/target_shuffle/Nb.c211_A2AR/chai_no_constraints/seed_155/pred.model_idx_1.cif,0.46972084045410156,/scicore/home/schwede/barta0000/mcmahon_ds/target_shuffle/Nb.c211_A2AR/chai_with_constraints/seed_4994/pred.model_idx_1.cif,0.3192426860332489,0.7032062411308289,0.22325177490711212,"[[0.8719794154167175, 0.8562542796134949]]","[[[0.8719794154167175, 0.22325177490711212], [0.17719770967960358, 0.8562542796134949]]]",0.22325177490711212,0.016281,0.1256,0.0119,0.0,0.46972084045410156,0.7937825918197632,0.38870540261268616,"[[0.871832549571991, 0.8651661276817322]]","[[[0.871832549571991, 0.38870540261268616], [0.34773460030555725, 0.8651661276817322]]]",0.38870540261268616,0.284633,0.1796,0.0433,0.2075,0.8672623038291931,0.8708035945892334,0.6698789000511169,0.9166080951690674,0.8318247199058533,0.4190239906311035,3.861168146133423,0.6698789000511169,/scicore/home/schwede/barta0000/mcmahon_ds/target_shuffle/Nb.c211_A2AR/boltz_free/output/boltz_results_Nb.c211_A2AR/predictions/Nb.c211_A2AR/Nb.c211_A2AR_model_0.cif,0.329628,0.1418,0.0963,0.2273,0.9022111296653748,0.9199999570846558,0.810192883014679,0.9252156615257263,0.835677981376648,0.36150923371315,2.5428390502929688,0.810192883014679,/scicore/home/schwede/barta0000/mcmahon_ds/target_shuffle/Nb.c211_A2AR/boltz_with_template/output/boltz_results_Nb.c211_A2AR/predictions/Nb.c211_A2AR/Nb.c211_A2AR_model_0.cif,0.540692,0.1557,0.2052,0.4205
Nb.c204_A2AR,False,"A,B",13.813680357778567,75.07613795199028,722.55,23.76,16.418999999999997,60.9265356894326,0.00599,0.1511,0.0131,0.0,0.28,0.78,308.11,0.0,0.35,0.9393,0.407,5.715578942684229,91.47856132075472,1676.61,58.82,6.350000000000001,81.77042494428919,0.492238,0.4253,0.4084,0.406,0.76,0.86,863.35,1.0,0.9725,0.07247352578818791,0.8153295814487932,15.050164527893067,52.610267639160156,76.12918,12.774808,0.6915001,0.3818424940109253,/scicore/home/schwede/barta0000/mcmahon_ds/target_shuffle/Nb.c204_A2AR/chai_no_constraints/seed_2406/pred.model_idx_3.cif,0.6576969027519226,/scicore/home/schwede/barta0000/mcmahon_ds/target_shuffle/Nb.c204_A2AR/chai_with_constraints/seed_1951/pred.model_idx_0.cif,0.3818424940109253,0.7300015687942505,0.294802725315094,"[[0.8757262229919434, 0.8540117740631104]]","[[[0.8757262229919434, 0.294802725315094], [0.20858167111873627, 0.8540117740631104]]]",0.294802725315094,0.116345,0.3437,0.0137,0.0292,0.6576969027519226,0.8496316075325012,0.6097131967544556,"[[0.8804041743278503, 0.8803700804710388]]","[[[0.8804041743278503, 0.6097131967544556], [0.5461745262145996, 0.8803700804710388]]]",0.6097131967544556,0.551427,0.4345,0.2453,0.3978,0.8692938685417175,0.9204170107841492,0.8359226584434509,0.877636730670929,0.8052594661712646,0.38633742928504944,1.6875802278518677,0.8359226584434509,/scicore/home/schwede/barta0000/mcmahon_ds/target_shuffle/Nb.c204_A2AR/boltz_free/output/boltz_results_Nb.c204_A2AR/predictions/Nb.c204_A2AR/Nb.c204_A2AR_model_0.cif,0.71904,0.397,0.3295,0.5179,0.9308130145072937,0.9394197463989258,0.8871138691902161,0.9417378306388855,0.9083125591278076,0.3284848630428314,0.9320977926254272,0.8871138691902161,/scicore/home/schwede/barta0000/mcmahon_ds/target_shuffle/Nb.c204_A2AR/boltz_with_template/output/boltz_results_Nb.c204_A2AR/predictions/Nb.c204_A2AR/Nb.c204_A2AR_model_0.cif,0.828968,0.5913,0.6935,0.5908
Nb.c210_A2AR,False,"A,B",12.577690713923603,76.84875524895021,298.59,11.45,13.732926829268294,61.785854533261094,0.059696,0.097,0.0198,0.0456,0.44,0.78,161.6,0.0,0.49,0.2001,0.263,5.0621070554784104,94.10741784037559,5294.38,449.61,5.139512195121951,87.85173930292544,0.65206,0.3927,0.5535,0.4828,0.86,0.9,11340.98,1.0,0.3445,0.4933315137824096,0.803184426848221,16.74681148529053,48.7756462097168,75.71507,13.496609,0.6765629,0.3845035135746002,/scicore/home/schwede/barta0000/mcmahon_ds/target_shuffle/Nb.c210_A2AR/chai_no_constraints/seed_4670/pred.model_idx_4.cif,0.4490451216697693,/scicore/home/schwede/barta0000/mcmahon_ds/target_shuffle/Nb.c210_A2AR/chai_with_constraints/seed_3434/pred.model_idx_3.cif,0.3845035135746002,0.7123669385910034,0.3025376498699188,"[[0.8880070447921753, 0.8469885587692261]]","[[[0.8880070447921753, 0.3025376498699188], [0.28241556882858276, 0.8469885587692261]]]",0.3025376498699188,0.102738,0.0875,0.0155,0.0285,0.4490451216697693,0.7754635214805603,0.36744052171707153,"[[0.8927828073501587, 0.8640075922012329]]","[[[0.8927828073501587, 0.36744052171707153], [0.3615618646144867, 0.8640075922012329]]]",0.36744052171707153,0.262525,0.1559,0.0917,0.2076,0.8482818007469177,0.8268999457359314,0.6664338707923889,0.8937436938285828,0.7933967113494873,0.4447634220123291,5.163620471954346,0.6664338707923889,/scicore/home/schwede/barta0000/mcmahon_ds/target_shuffle/Nb.c210_A2AR/boltz_free/output/boltz_results_Nb.c210_A2AR/predictions/Nb.c210_A2AR/Nb.c210_A2AR_model_0.cif,0.225009,0.0713,0.0575,0.1598,0.8882812857627869,0.8869213461875916,0.7596139907836914,0.9204481244087219,0.8317362666130066,0.3491222858428955,2.483424186706543,0.7596139907836914,/scicore/home/schwede/barta0000/mcmahon_ds/target_shuffle/Nb.c210_A2AR/boltz_with_template/output/boltz_results_Nb.c210_A2AR/predictions/Nb.c210_A2AR/Nb.c210_A2AR_model_0.cif,0.398325,0.138,0.198,0.3215
Nb.AQ101_A2AR,False,"A,B",13.478291508923743,76.94612366230677,1009.99,28.4,18.75071428571428,63.984131639110075,0.005262,0.1923,0.0111,0.0,0.33,0.785,221.4,0.0,0.4,0.9189,0.267,4.966712006489995,93.47934883720929,2469.05,69.5,5.987413793103448,86.07929845441852,0.609614,0.5728,0.4752,0.474,0.8,0.89,1711.97,1.0,0.0182,0.24934277556448345,0.8017029927353662,16.89240837097168,46.574764251708984,74.74079,13.354042,0.6781008,0.3594089150428772,/scicore/home/schwede/barta0000/mcmahon_ds/target_shuffle/Nb.AQ101_A2AR/chai_no_constraints/seed_1197/pred.model_idx_4.cif,0.7069836854934692,/scicore/home/schwede/barta0000/mcmahon_ds/target_shuffle/Nb.AQ101_A2AR/chai_with_constraints/seed_2801/pred.model_idx_0.cif,0.3594089150428772,0.7222788333892822,0.26869142055511475,"[[0.8439115881919861, 0.8536041378974915]]","[[[0.8439115881919861, 0.26869142055511475], [0.2181837409734726, 0.8536041378974915]]]",0.26869142055511475,0.077538,0.3695,0.0143,0.0336,0.7069836854934692,0.8290009498596191,0.6764793395996094,"[[0.8816372156143188, 0.8758196234703064]]","[[[0.8816372156143188, 0.6764793395996094], [0.5130569338798523, 0.8758196234703064]]]",0.6764793395996094,0.595899,0.3474,0.3906,0.3305,0.8829447031021118,0.883093535900116,0.8384267091751099,0.8940741419792175,0.8045623898506165,0.3697495460510254,1.926827073097229,0.688489556312561,/scicore/home/schwede/barta0000/mcmahon_ds/target_shuffle/Nb.AQ101_A2AR/boltz_free/output/boltz_results_Nb.AQ101_A2AR/predictions/Nb.AQ101_A2AR/Nb.AQ101_A2AR_model_0.cif,0.752804,0.1398,0.2457,0.3366,0.9052280783653259,0.9096832871437073,0.8069438934326172,0.9297990202903748,0.8775457739830017,0.32034388184547424,1.4564456939697266,0.7651386260986328,/scicore/home/schwede/barta0000/mcmahon_ds/target_shuffle/Nb.AQ101_A2AR/boltz_with_template/output/boltz_results_Nb.AQ101_A2AR/predictions/Nb.AQ101_A2AR/Nb.AQ101_A2AR_model_0.cif,0.703898,0.2482,0.4694,0.4475
