sample,binding,interface,boltz_free_complex_ipde,boltz_free_complex_iplddt,boltz_free_complex_pde,boltz_free_complex_plddt,boltz_free_confidence_score,boltz_free_interface_iptm,boltz_free_iptm,boltz_free_model_path,boltz_free_ptm
nb_s731266_mpnn_5_PDL1,False,"A,B",1.2332345247268677,0.7921586036682129,0.37234020233154297,0.8498943448066711,0.8495977520942688,0.8484110832214355,0.8484110832214355,/scicore/home/schwede/barta0000/germinal_ds/templates_originals/nb_s731266_mpnn_5_PDL1/boltz_free/output/boltz_results_nb_s731266_mpnn_5_PDL1/predictions/nb_s731266_mpnn_5_PDL1/nb_s731266_mpnn_5_PDL1_model_0.cif,0.9084614515304565
nb_s887286_mpnn_2_PDL1,False,"A,B",2.9793405532836914,0.7595882415771484,0.47748541831970215,0.8391874432563782,0.8067445755004883,0.6672378182411194,0.6769730448722839,/scicore/home/schwede/barta0000/germinal_ds/templates_originals/nb_s887286_mpnn_2_PDL1/boltz_free/output/boltz_results_nb_s887286_mpnn_2_PDL1/predictions/nb_s887286_mpnn_2_PDL1/nb_s887286_mpnn_2_PDL1_model_0.cif,0.8353642821311951
nb_s78562_mpnn_1_PDL1,False,"A,B",4.76304817199707,0.8120158314704895,0.6210766434669495,0.8780304193496704,0.8061086535453796,0.4855005443096161,0.5184218287467957,/scicore/home/schwede/barta0000/germinal_ds/templates_originals/nb_s78562_mpnn_1_PDL1/boltz_free/output/boltz_results_nb_s78562_mpnn_1_PDL1/predictions/nb_s78562_mpnn_1_PDL1/nb_s78562_mpnn_1_PDL1_model_0.cif,0.7594286203384399
nb_s149825_mpnn_4_PDL1,False,"A,B",4.499500274658203,0.7764272689819336,0.6239528656005859,0.8167368769645691,0.7718641757965088,0.5923733711242676,0.5923733711242676,/scicore/home/schwede/barta0000/germinal_ds/templates_originals/nb_s149825_mpnn_4_PDL1/boltz_free/output/boltz_results_nb_s149825_mpnn_4_PDL1/predictions/nb_s149825_mpnn_4_PDL1/nb_s149825_mpnn_4_PDL1_model_0.cif,0.778840184211731
nb_s465730_mpnn_4_PDL1,False,"A,B",3.385251522064209,0.7295905351638794,0.5853925943374634,0.8154804110527039,0.7778325080871582,0.6132099032402039,0.6272408366203308,/scicore/home/schwede/barta0000/germinal_ds/templates_originals/nb_s465730_mpnn_4_PDL1/boltz_free/output/boltz_results_nb_s465730_mpnn_4_PDL1/predictions/nb_s465730_mpnn_4_PDL1/nb_s465730_mpnn_4_PDL1_model_0.cif,0.7964235544204712
nb_s870186_mpnn_1_PDL1,False,"A,B",1.2995562553405762,0.8413376212120056,0.3982696831226349,0.8907933831214905,0.8804239630699158,0.8389459252357483,0.8389459252357483,/scicore/home/schwede/barta0000/germinal_ds/templates_originals/nb_s870186_mpnn_1_PDL1/boltz_free/output/boltz_results_nb_s870186_mpnn_1_PDL1/predictions/nb_s870186_mpnn_1_PDL1/nb_s870186_mpnn_1_PDL1_model_0.cif,0.9051144123077393
nb_s185784_mpnn_5_PDL1,False,"A,B",3.4900612831115723,0.7483963370323181,0.5648967623710632,0.8341704607009888,0.7930788993835449,0.6007835268974304,0.6287125945091248,/scicore/home/schwede/barta0000/germinal_ds/templates_originals/nb_s185784_mpnn_5_PDL1/boltz_free/output/boltz_results_nb_s185784_mpnn_5_PDL1/predictions/nb_s185784_mpnn_5_PDL1/nb_s185784_mpnn_5_PDL1_model_0.cif,0.7899115085601807
nb_s916275_mpnn_1_PDL1,False,"A,B",1.3338711261749268,0.8203115463256836,0.4495134949684143,0.87619948387146,0.8634340167045593,0.8087751269340515,0.8123722672462463,/scicore/home/schwede/barta0000/germinal_ds/templates_originals/nb_s916275_mpnn_1_PDL1/boltz_free/output/boltz_results_nb_s916275_mpnn_1_PDL1/predictions/nb_s916275_mpnn_1_PDL1/nb_s916275_mpnn_1_PDL1_model_0.cif,0.8888239860534668
nb_s878765_mpnn_2_PDL1,False,"A,B",2.503816604614258,0.746594250202179,0.4723757803440094,0.8328069448471069,0.8164401054382324,0.7390198707580566,0.7509729266166687,/scicore/home/schwede/barta0000/germinal_ds/templates_originals/nb_s878765_mpnn_2_PDL1/boltz_free/output/boltz_results_nb_s878765_mpnn_2_PDL1/predictions/nb_s878765_mpnn_2_PDL1/nb_s878765_mpnn_2_PDL1_model_0.cif,0.8678543567657471
nb_s37712_mpnn_2_PDL1,False,"A,B",6.609478950500488,0.7649826407432556,0.7551783919334412,0.8350529074668884,0.7527328729629517,0.3489479422569275,0.4234524965286255,/scicore/home/schwede/barta0000/germinal_ds/templates_originals/nb_s37712_mpnn_2_PDL1/boltz_free/output/boltz_results_nb_s37712_mpnn_2_PDL1/predictions/nb_s37712_mpnn_2_PDL1/nb_s37712_mpnn_2_PDL1_model_0.cif,0.7000892758369446
nb_s462498_mpnn_2_PDL1,False,"A,B",4.5614190101623535,0.7554492354393005,0.6287269592285156,0.8216110467910767,0.780433177947998,0.5811211466789246,0.6157217025756836,/scicore/home/schwede/barta0000/germinal_ds/templates_originals/nb_s462498_mpnn_2_PDL1/boltz_free/output/boltz_results_nb_s462498_mpnn_2_PDL1/predictions/nb_s462498_mpnn_2_PDL1/nb_s462498_mpnn_2_PDL1_model_0.cif,0.7628179788589478
nb_s878765_mpnn_1_PDL1,False,"A,B",6.9779372215271,0.7645629048347473,0.65220046043396,0.8542526364326477,0.7489036917686462,0.28932395577430725,0.32750797271728516,/scicore/home/schwede/barta0000/germinal_ds/templates_originals/nb_s878765_mpnn_1_PDL1/boltz_free/output/boltz_results_nb_s878765_mpnn_1_PDL1/predictions/nb_s878765_mpnn_1_PDL1/nb_s878765_mpnn_1_PDL1_model_0.cif,0.671595573425293
nb_s887286_mpnn_4_PDL1,False,"A,B",1.3156486749649048,0.7531696557998657,0.361624151468277,0.8451475501060486,0.8430131077766418,0.8100938200950623,0.8344753980636597,/scicore/home/schwede/barta0000/germinal_ds/templates_originals/nb_s887286_mpnn_4_PDL1/boltz_free/output/boltz_results_nb_s887286_mpnn_4_PDL1/predictions/nb_s887286_mpnn_4_PDL1/nb_s887286_mpnn_4_PDL1_model_0.cif,0.906635582447052
nb_s859190_mpnn_1_PDL1,False,"A,B",2.8466358184814453,0.8191356658935547,0.5072962045669556,0.8907703161239624,0.844952404499054,0.6365143656730652,0.6616805195808411,/scicore/home/schwede/barta0000/germinal_ds/templates_originals/nb_s859190_mpnn_1_PDL1/boltz_free/output/boltz_results_nb_s859190_mpnn_1_PDL1/predictions/nb_s859190_mpnn_1_PDL1/nb_s859190_mpnn_1_PDL1_model_0.cif,0.8240939378738403
nb_s141576_mpnn_4_IL3,False,"A,B",2.0431244373321533,0.700066864490509,0.4118165075778961,0.802617073059082,0.8108987212181091,0.8440250158309937,0.8440250158309937,/scicore/home/schwede/barta0000/germinal_ds/templates_originals/nb_s141576_mpnn_4_IL3/boltz_free/output/boltz_results_nb_s141576_mpnn_4_IL3/predictions/nb_s141576_mpnn_4_IL3/nb_s141576_mpnn_4_IL3_model_0.cif,0.8892713189125061
nb_s541171_mpnn_1_IL3,False,"A,B",7.512222766876221,0.7952675819396973,0.9703254103660583,0.8520340323448181,0.7586031556129456,0.33494654297828674,0.3848796486854553,/scicore/home/schwede/barta0000/germinal_ds/templates_originals/nb_s541171_mpnn_1_IL3/boltz_free/output/boltz_results_nb_s541171_mpnn_1_IL3/predictions/nb_s541171_mpnn_1_IL3/nb_s541171_mpnn_1_IL3_model_0.cif,0.6379197835922241
nb_s926337_mpnn_1_PDL1,False,"A,B",2.325730085372925,0.7836182117462158,0.5105982422828674,0.8609179258346558,0.8301652073860168,0.6658228039741516,0.7071542739868164,/scicore/home/schwede/barta0000/germinal_ds/templates_originals/nb_s926337_mpnn_1_PDL1/boltz_free/output/boltz_results_nb_s926337_mpnn_1_PDL1/predictions/nb_s926337_mpnn_1_PDL1/nb_s926337_mpnn_1_PDL1_model_0.cif,0.8355697393417358
nb_s768471_mpnn_1_IL3,False,"A,B",3.4291296005249023,0.7617636322975159,0.5304499864578247,0.8233240842819214,0.7945101261138916,0.6792542934417725,0.6792542934417725,/scicore/home/schwede/barta0000/germinal_ds/templates_originals/nb_s768471_mpnn_1_IL3/boltz_free/output/boltz_results_nb_s768471_mpnn_1_IL3/predictions/nb_s768471_mpnn_1_IL3/nb_s768471_mpnn_1_IL3_model_0.cif,0.8204820156097412
nb_s481672_mpnn_4_PDL1,False,"A,B",2.410628318786621,0.8605784177780151,0.4438350200653076,0.9025038480758667,0.8696884512901306,0.72726970911026,0.7384267449378967,/scicore/home/schwede/barta0000/germinal_ds/templates_originals/nb_s481672_mpnn_4_PDL1/boltz_free/output/boltz_results_nb_s481672_mpnn_4_PDL1/predictions/nb_s481672_mpnn_4_PDL1/nb_s481672_mpnn_4_PDL1_model_0.cif,0.8559080362319946
nb_s817878_mpnn_2_PDL1,False,"A,B",2.4696390628814697,0.7538325786590576,0.490649551153183,0.8424643278121948,0.8168205618858337,0.6554396748542786,0.7142452001571655,/scicore/home/schwede/barta0000/germinal_ds/templates_originals/nb_s817878_mpnn_2_PDL1/boltz_free/output/boltz_results_nb_s817878_mpnn_2_PDL1/predictions/nb_s817878_mpnn_2_PDL1/nb_s817878_mpnn_2_PDL1_model_0.cif,0.829118013381958
nb_s632243_mpnn_4_PDL1,False,"A,B",4.204423427581787,0.7648496031761169,0.5474840998649597,0.8282464146614075,0.7849284410476685,0.6116565465927124,0.6116565465927124,/scicore/home/schwede/barta0000/germinal_ds/templates_originals/nb_s632243_mpnn_4_PDL1/boltz_free/output/boltz_results_nb_s632243_mpnn_4_PDL1/predictions/nb_s632243_mpnn_4_PDL1/nb_s632243_mpnn_4_PDL1_model_0.cif,0.7990929484367371
nb_s829439_mpnn_1_PDL1,False,"A,B",1.1490124464035034,0.81405109167099,0.3899877965450287,0.8697894811630249,0.8681250810623169,0.8599892258644104,0.8614672422409058,/scicore/home/schwede/barta0000/germinal_ds/templates_originals/nb_s829439_mpnn_1_PDL1/boltz_free/output/boltz_results_nb_s829439_mpnn_1_PDL1/predictions/nb_s829439_mpnn_1_PDL1/nb_s829439_mpnn_1_PDL1_model_0.cif,0.9129048585891724
nb_s459933_mpnn_3_IL3,False,"A,B",2.065276622772217,0.7918267846107483,0.38929039239883423,0.8492131233215332,0.8340587615966797,0.7734412550926208,0.7734412550926208,/scicore/home/schwede/barta0000/germinal_ds/templates_originals/nb_s459933_mpnn_3_IL3/boltz_free/output/boltz_results_nb_s459933_mpnn_3_IL3/predictions/nb_s459933_mpnn_3_IL3/nb_s459933_mpnn_3_IL3_model_0.cif,0.8644673824310303
nb_s416874_mpnn_3_PDL1,False,"A,B",2.7187857627868652,0.8579168915748596,0.5000118613243103,0.9038372039794922,0.8761941194534302,0.7397903800010681,0.765621542930603,/scicore/home/schwede/barta0000/germinal_ds/templates_originals/nb_s416874_mpnn_3_PDL1/boltz_free/output/boltz_results_nb_s416874_mpnn_3_PDL1/predictions/nb_s416874_mpnn_3_PDL1/nb_s416874_mpnn_3_PDL1_model_0.cif,0.8720265030860901
nb_s850749_mpnn_1_PDL1,False,"A,B",2.206820487976074,0.8116039633750916,0.42471110820770264,0.8815838098526001,0.8546565175056458,0.7094770073890686,0.7469472885131836,/scicore/home/schwede/barta0000/germinal_ds/templates_originals/nb_s850749_mpnn_1_PDL1/boltz_free/output/boltz_results_nb_s850749_mpnn_1_PDL1/predictions/nb_s850749_mpnn_1_PDL1/nb_s850749_mpnn_1_PDL1_model_0.cif,0.8429566025733948
nb_s666722_mpnn_1_IL3,False,"A,B",1.9355480670928955,0.7088181972503662,0.41443032026290894,0.8064671754837036,0.8052854537963867,0.80055832862854,0.80055832862854,/scicore/home/schwede/barta0000/germinal_ds/templates_originals/nb_s666722_mpnn_1_IL3/boltz_free/output/boltz_results_nb_s666722_mpnn_1_IL3/predictions/nb_s666722_mpnn_1_IL3/nb_s666722_mpnn_1_IL3_model_0.cif,0.8687582015991211
nb_s319551_mpnn_2_PDL1,False,"A,B",3.13250994682312,0.7876439094543457,0.5146499276161194,0.8623507022857666,0.8117267489433289,0.5811131000518799,0.6092309951782227,/scicore/home/schwede/barta0000/germinal_ds/templates_originals/nb_s319551_mpnn_2_PDL1/boltz_free/output/boltz_results_nb_s319551_mpnn_2_PDL1/predictions/nb_s319551_mpnn_2_PDL1/nb_s319551_mpnn_2_PDL1_model_0.cif,0.7934255599975586
nb_s286378_mpnn_3_PDL1,False,"A,B",1.5322097539901733,0.8263986706733704,0.4060879647731781,0.8446731567382812,0.849960446357727,0.8711095452308655,0.8711095452308655,/scicore/home/schwede/barta0000/germinal_ds/templates_originals/nb_s286378_mpnn_3_PDL1/boltz_free/output/boltz_results_nb_s286378_mpnn_3_PDL1/predictions/nb_s286378_mpnn_3_PDL1/nb_s286378_mpnn_3_PDL1_model_0.cif,0.8974545001983643
nb_s491148_mpnn_3_PDL1,False,"A,B",1.0552692413330078,0.815157949924469,0.3704168200492859,0.8753149509429932,0.874713122844696,0.850902795791626,0.8723056316375732,/scicore/home/schwede/barta0000/germinal_ds/templates_originals/nb_s491148_mpnn_3_PDL1/boltz_free/output/boltz_results_nb_s491148_mpnn_3_PDL1/predictions/nb_s491148_mpnn_3_PDL1/nb_s491148_mpnn_3_PDL1_model_0.cif,0.9247210621833801
nb_s185784_mpnn_4_PDL1,False,"A,B",1.021344780921936,0.6942442059516907,0.3573273718357086,0.7704674601554871,0.7936202883720398,0.8811563849449158,0.886231541633606,/scicore/home/schwede/barta0000/germinal_ds/templates_originals/nb_s185784_mpnn_4_PDL1/boltz_free/output/boltz_results_nb_s185784_mpnn_4_PDL1/predictions/nb_s185784_mpnn_4_PDL1/nb_s185784_mpnn_4_PDL1_model_0.cif,0.9163837432861328
nb_s892360_mpnn_4_PDL1,False,"A,B",2.6884214878082275,0.7732617259025574,0.4438873529434204,0.8279918432235718,0.8205562829971313,0.7571574449539185,0.7908138632774353,/scicore/home/schwede/barta0000/germinal_ds/templates_originals/nb_s892360_mpnn_4_PDL1/boltz_free/output/boltz_results_nb_s892360_mpnn_4_PDL1/predictions/nb_s892360_mpnn_4_PDL1/nb_s892360_mpnn_4_PDL1_model_0.cif,0.8799716830253601
nb_s78562_mpnn_2_PDL1,False,"A,B",5.0598626136779785,0.8414802551269531,0.5899501442909241,0.8966456055641174,0.8258244395256042,0.4866206645965576,0.5425398349761963,/scicore/home/schwede/barta0000/germinal_ds/templates_originals/nb_s78562_mpnn_2_PDL1/boltz_free/output/boltz_results_nb_s78562_mpnn_2_PDL1/predictions/nb_s78562_mpnn_2_PDL1/nb_s78562_mpnn_2_PDL1_model_0.cif,0.7628657817840576
nb_s1683_mpnn_1_PDL1,False,"A,B",4.1706647872924805,0.7579345703125,0.5581477284431458,0.8430757522583008,0.7836619019508362,0.4981205463409424,0.5460063815116882,/scicore/home/schwede/barta0000/germinal_ds/templates_originals/nb_s1683_mpnn_1_PDL1/boltz_free/output/boltz_results_nb_s1683_mpnn_1_PDL1/predictions/nb_s1683_mpnn_1_PDL1/nb_s1683_mpnn_1_PDL1_model_0.cif,0.758253276348114
nb_s80903_mpnn_4_PDL1,False,"A,B",1.6541924476623535,0.8457732796669006,0.3676881194114685,0.8674648404121399,0.8606220483779907,0.8332508206367493,0.8332508206367493,/scicore/home/schwede/barta0000/germinal_ds/templates_originals/nb_s80903_mpnn_4_PDL1/boltz_free/output/boltz_results_nb_s80903_mpnn_4_PDL1/predictions/nb_s80903_mpnn_4_PDL1/nb_s80903_mpnn_4_PDL1_model_0.cif,0.8888007998466492
nb_s233025_mpnn_2_IL3,False,"A,B",3.3498377799987793,0.7151161432266235,0.6149941682815552,0.8386069536209106,0.8035064935684204,0.6631043553352356,0.6631043553352356,/scicore/home/schwede/barta0000/germinal_ds/templates_originals/nb_s233025_mpnn_2_IL3/boltz_free/output/boltz_results_nb_s233025_mpnn_2_IL3/predictions/nb_s233025_mpnn_2_IL3/nb_s233025_mpnn_2_IL3_model_0.cif,0.8017252683639526
nb_s191527_mpnn_5_PDL1,False,"A,B",3.3146421909332275,0.7737752795219421,0.4871443808078766,0.8464843034744263,0.801747739315033,0.5941134691238403,0.6228013634681702,/scicore/home/schwede/barta0000/germinal_ds/templates_originals/nb_s191527_mpnn_5_PDL1/boltz_free/output/boltz_results_nb_s191527_mpnn_5_PDL1/predictions/nb_s191527_mpnn_5_PDL1/nb_s191527_mpnn_5_PDL1_model_0.cif,0.8040804266929626
nb_s413501_mpnn_3_PDL1,False,"A,B",3.2453291416168213,0.7641374468803406,0.5240401029586792,0.8572084903717041,0.7974948883056641,0.5253521800041199,0.5586404800415039,/scicore/home/schwede/barta0000/germinal_ds/templates_originals/nb_s413501_mpnn_3_PDL1/boltz_free/output/boltz_results_nb_s413501_mpnn_3_PDL1/predictions/nb_s413501_mpnn_3_PDL1/nb_s413501_mpnn_3_PDL1_model_0.cif,0.7683886885643005
nb_s645924_mpnn_3_IL3,False,"A,B",2.4451184272766113,0.8455356359481812,0.4186859428882599,0.8944034576416016,0.8730955123901367,0.787863552570343,0.787863552570343,/scicore/home/schwede/barta0000/germinal_ds/templates_originals/nb_s645924_mpnn_3_IL3/boltz_free/output/boltz_results_nb_s645924_mpnn_3_IL3/predictions/nb_s645924_mpnn_3_IL3/nb_s645924_mpnn_3_IL3_model_0.cif,0.8611136674880981
nb_s206217_mpnn_5_PDL1,False,"A,B",2.118501901626587,0.9059082865715027,0.41529181599617004,0.9325889348983765,0.9043959975242615,0.7568110823631287,0.7916242480278015,/scicore/home/schwede/barta0000/germinal_ds/templates_originals/nb_s206217_mpnn_5_PDL1/boltz_free/output/boltz_results_nb_s206217_mpnn_5_PDL1/predictions/nb_s206217_mpnn_5_PDL1/nb_s206217_mpnn_5_PDL1_model_0.cif,0.8642206788063049
nb_s745346_mpnn_4_PDL1,False,"A,B",2.5178329944610596,0.7289071083068848,0.4382205009460449,0.8286619782447815,0.8035709261894226,0.6660302877426147,0.7032065391540527,/scicore/home/schwede/barta0000/germinal_ds/templates_originals/nb_s745346_mpnn_4_PDL1/boltz_free/output/boltz_results_nb_s745346_mpnn_4_PDL1/predictions/nb_s745346_mpnn_4_PDL1/nb_s745346_mpnn_4_PDL1_model_0.cif,0.8354498147964478
nb_s68363_mpnn_1_PDL1,False,"A,B",0.9203841090202332,0.8794742226600647,0.34408241510391235,0.9040934443473816,0.9019366502761841,0.8499084115028381,0.8933093547821045,/scicore/home/schwede/barta0000/germinal_ds/templates_originals/nb_s68363_mpnn_1_PDL1/boltz_free/output/boltz_results_nb_s68363_mpnn_1_PDL1/predictions/nb_s68363_mpnn_1_PDL1/nb_s68363_mpnn_1_PDL1_model_0.cif,0.9280725717544556
nb_s351880_mpnn_3_PDL1,False,"A,B",1.2358229160308838,0.8681545257568359,0.3664737641811371,0.897063672542572,0.889229416847229,0.854142427444458,0.8578921556472778,/scicore/home/schwede/barta0000/germinal_ds/templates_originals/nb_s351880_mpnn_3_PDL1/boltz_free/output/boltz_results_nb_s351880_mpnn_3_PDL1/predictions/nb_s351880_mpnn_3_PDL1/nb_s351880_mpnn_3_PDL1_model_0.cif,0.9198148846626282
nb_s299161_mpnn_2_PDL1,False,"A,B",1.270668387413025,0.8521763682365417,0.3698723316192627,0.9069728851318359,0.8943688273429871,0.8131986856460571,0.8439526557922363,/scicore/home/schwede/barta0000/germinal_ds/templates_originals/nb_s299161_mpnn_2_PDL1/boltz_free/output/boltz_results_nb_s299161_mpnn_2_PDL1/predictions/nb_s299161_mpnn_2_PDL1/nb_s299161_mpnn_2_PDL1_model_0.cif,0.9123384952545166
nb_s771573_mpnn_5_PDL1,False,"A,B",6.302823543548584,0.8422787189483643,0.6400375962257385,0.8492088317871094,0.7715121507644653,0.36412423849105835,0.46072542667388916,/scicore/home/schwede/barta0000/germinal_ds/templates_originals/nb_s771573_mpnn_5_PDL1/boltz_free/output/boltz_results_nb_s771573_mpnn_5_PDL1/predictions/nb_s771573_mpnn_5_PDL1/nb_s771573_mpnn_5_PDL1_model_0.cif,0.729729175567627
nb_s870461_mpnn_4_IL3,False,"A,B",2.1409356594085693,0.7395830154418945,0.44293487071990967,0.8336009383201599,0.8130952715873718,0.7310728430747986,0.7310728430747986,/scicore/home/schwede/barta0000/germinal_ds/templates_originals/nb_s870461_mpnn_4_IL3/boltz_free/output/boltz_results_nb_s870461_mpnn_4_IL3/predictions/nb_s870461_mpnn_4_IL3/nb_s870461_mpnn_4_IL3_model_0.cif,0.8504471182823181
nb_s299548_mpnn_5_IL20,False,"A,B",4.281285762786865,0.5646815896034241,1.1175992488861084,0.6312138438224792,0.6212763786315918,0.5815264582633972,0.5815264582633972,/scicore/home/schwede/barta0000/germinal_ds/templates_originals/nb_s299548_mpnn_5_IL20/boltz_free/output/boltz_results_nb_s299548_mpnn_5_IL20/predictions/nb_s299548_mpnn_5_IL20/nb_s299548_mpnn_5_IL20_model_0.cif,0.7310914993286133
nb_s2898_mpnn_1_IL3,False,"A,B",3.8017935752868652,0.7087720036506653,0.6001811623573303,0.8345308899879456,0.7756685018539429,0.5402187705039978,0.5402187705039978,/scicore/home/schwede/barta0000/germinal_ds/templates_originals/nb_s2898_mpnn_1_IL3/boltz_free/output/boltz_results_nb_s2898_mpnn_1_IL3/predictions/nb_s2898_mpnn_1_IL3/nb_s2898_mpnn_1_IL3_model_0.cif,0.7437355518341064
nb_s310510_mpnn_2_IL3,False,"A,B",5.108148574829102,0.7669008374214172,0.6038792133331299,0.8266527056694031,0.7632181644439697,0.5053334832191467,0.5094799399375916,/scicore/home/schwede/barta0000/germinal_ds/templates_originals/nb_s310510_mpnn_2_IL3/boltz_free/output/boltz_results_nb_s310510_mpnn_2_IL3/predictions/nb_s310510_mpnn_2_IL3/nb_s310510_mpnn_2_IL3_model_0.cif,0.7442794442176819
nb_s622643_mpnn_2_PDL1,False,"A,B",0.766360878944397,0.8511760830879211,0.3239319324493408,0.8925374150276184,0.8925882577896118,0.8573212623596191,0.8927913904190063,/scicore/home/schwede/barta0000/germinal_ds/templates_originals/nb_s622643_mpnn_2_PDL1/boltz_free/output/boltz_results_nb_s622643_mpnn_2_PDL1/predictions/nb_s622643_mpnn_2_PDL1/nb_s622643_mpnn_2_PDL1_model_0.cif,0.9123470187187195
nb_s251319_mpnn_2_PDL1,False,"A,B",1.3447121381759644,0.7964300513267517,0.382103830575943,0.8467234373092651,0.8497470021247864,0.8618412017822266,0.8618412017822266,/scicore/home/schwede/barta0000/germinal_ds/templates_originals/nb_s251319_mpnn_2_PDL1/boltz_free/output/boltz_results_nb_s251319_mpnn_2_PDL1/predictions/nb_s251319_mpnn_2_PDL1/nb_s251319_mpnn_2_PDL1_model_0.cif,0.9131069779396057
nb_s202316_mpnn_3_PDL1,False,"A,B",2.640455961227417,0.7537359595298767,0.4927363991737366,0.8353186249732971,0.8133344650268555,0.7004431486129761,0.7253975868225098,/scicore/home/schwede/barta0000/germinal_ds/templates_originals/nb_s202316_mpnn_3_PDL1/boltz_free/output/boltz_results_nb_s202316_mpnn_3_PDL1/predictions/nb_s202316_mpnn_3_PDL1/nb_s202316_mpnn_3_PDL1_model_0.cif,0.8457373976707458
nb_s166775_mpnn_1_PDL1,False,"A,B",0.7857351303100586,0.9532427191734314,0.3450160026550293,0.9573929905891418,0.9436172842979431,0.8744253516197205,0.8885141611099243,/scicore/home/schwede/barta0000/germinal_ds/templates_originals/nb_s166775_mpnn_1_PDL1/boltz_free/output/boltz_results_nb_s166775_mpnn_1_PDL1/predictions/nb_s166775_mpnn_1_PDL1/nb_s166775_mpnn_1_PDL1_model_0.cif,0.9270685315132141
nb_s105046_mpnn_2_IL3,False,"A,B",2.723781108856201,0.7681325078010559,0.4636891782283783,0.8453338742256165,0.8104551434516907,0.669617235660553,0.6709399223327637,/scicore/home/schwede/barta0000/germinal_ds/templates_originals/nb_s105046_mpnn_2_IL3/boltz_free/output/boltz_results_nb_s105046_mpnn_2_IL3/predictions/nb_s105046_mpnn_2_IL3/nb_s105046_mpnn_2_IL3_model_0.cif,0.8207306861877441
nb_s923023_mpnn_1_IL3,False,"A,B",2.0719645023345947,0.7142376899719238,0.49561524391174316,0.8195032477378845,0.804931104183197,0.7306627631187439,0.7466424107551575,/scicore/home/schwede/barta0000/germinal_ds/templates_originals/nb_s923023_mpnn_1_IL3/boltz_free/output/boltz_results_nb_s923023_mpnn_1_IL3/predictions/nb_s923023_mpnn_1_IL3/nb_s923023_mpnn_1_IL3_model_0.cif,0.8595227599143982
nb_s870461_mpnn_2_IL3,False,"A,B",1.3347079753875732,0.7404218316078186,0.36717477440834045,0.8217527866363525,0.8332499861717224,0.8792384266853333,0.8792384266853333,/scicore/home/schwede/barta0000/germinal_ds/templates_originals/nb_s870461_mpnn_2_IL3/boltz_free/output/boltz_results_nb_s870461_mpnn_2_IL3/predictions/nb_s870461_mpnn_2_IL3/nb_s870461_mpnn_2_IL3_model_0.cif,0.9192648530006409
nb_s461534_mpnn_4_PDL1,False,"A,B",5.481338977813721,0.8094122409820557,0.5667881369590759,0.8806734681129456,0.8111362457275391,0.5135975480079651,0.5329872369766235,/scicore/home/schwede/barta0000/germinal_ds/templates_originals/nb_s461534_mpnn_4_PDL1/boltz_free/output/boltz_results_nb_s461534_mpnn_4_PDL1/predictions/nb_s461534_mpnn_4_PDL1/nb_s461534_mpnn_4_PDL1_model_0.cif,0.7680110335350037
nb_s731008_mpnn_2_PDL1,False,"A,B",3.3227179050445557,0.8194657564163208,0.5754991769790649,0.8844309449195862,0.8400667309761047,0.6205471158027649,0.6626100540161133,/scicore/home/schwede/barta0000/germinal_ds/templates_originals/nb_s731008_mpnn_2_PDL1/boltz_free/output/boltz_results_nb_s731008_mpnn_2_PDL1/predictions/nb_s731008_mpnn_2_PDL1/nb_s731008_mpnn_2_PDL1_model_0.cif,0.8097083568572998
nb_s618542_mpnn_2_PDL1,False,"A,B",2.0546538829803467,0.7663310766220093,0.4290578067302704,0.8443208336830139,0.834610641002655,0.7878690958023071,0.7957699298858643,/scicore/home/schwede/barta0000/germinal_ds/templates_originals/nb_s618542_mpnn_2_PDL1/boltz_free/output/boltz_results_nb_s618542_mpnn_2_PDL1/predictions/nb_s618542_mpnn_2_PDL1/nb_s618542_mpnn_2_PDL1_model_0.cif,0.8831101059913635
nb_s618542_mpnn_3_PDL1,False,"A,B",1.8589543104171753,0.727868378162384,0.4322171211242676,0.8311173915863037,0.8233938217163086,0.7895747423171997,0.792499303817749,/scicore/home/schwede/barta0000/germinal_ds/templates_originals/nb_s618542_mpnn_3_PDL1/boltz_free/output/boltz_results_nb_s618542_mpnn_3_PDL1/predictions/nb_s618542_mpnn_3_PDL1/nb_s618542_mpnn_3_PDL1_model_0.cif,0.8811841011047363
nb_s829439_mpnn_5_PDL1,False,"A,B",1.5133014917373657,0.8009299635887146,0.42254942655563354,0.8669382929801941,0.857758641242981,0.8197295665740967,0.8210400938987732,/scicore/home/schwede/barta0000/germinal_ds/templates_originals/nb_s829439_mpnn_5_PDL1/boltz_free/output/boltz_results_nb_s829439_mpnn_5_PDL1/predictions/nb_s829439_mpnn_5_PDL1/nb_s829439_mpnn_5_PDL1_model_0.cif,0.8960328102111816
nb_s53820_mpnn_2_PDL1,False,"A,B",2.9722328186035156,0.771293580532074,0.48596563935279846,0.8610215783119202,0.8214730620384216,0.6377382278442383,0.6632786393165588,/scicore/home/schwede/barta0000/germinal_ds/templates_originals/nb_s53820_mpnn_2_PDL1/boltz_free/output/boltz_results_nb_s53820_mpnn_2_PDL1/predictions/nb_s53820_mpnn_2_PDL1/nb_s53820_mpnn_2_PDL1_model_0.cif,0.8272013068199158
nb_s140867_mpnn_3_IL3,False,"A,B",1.6743812561035156,0.7785626649856567,0.43950119614601135,0.8531205654144287,0.8412335515022278,0.7936853170394897,0.7936853170394897,/scicore/home/schwede/barta0000/germinal_ds/templates_originals/nb_s140867_mpnn_3_IL3/boltz_free/output/boltz_results_nb_s140867_mpnn_3_IL3/predictions/nb_s140867_mpnn_3_IL3/nb_s140867_mpnn_3_IL3_model_0.cif,0.8776980638504028
nb_s182729_mpnn_5_IL3,False,"A,B",1.1087934970855713,0.8515629768371582,0.37894129753112793,0.8938418030738831,0.8810701370239258,0.8084669709205627,0.8299837112426758,/scicore/home/schwede/barta0000/germinal_ds/templates_originals/nb_s182729_mpnn_5_IL3/boltz_free/output/boltz_results_nb_s182729_mpnn_5_IL3/predictions/nb_s182729_mpnn_5_IL3/nb_s182729_mpnn_5_IL3_model_0.cif,0.8964569568634033
nb_s183327_mpnn_2_IL3,False,"A,B",0.8633211255073547,0.8395746946334839,0.3505212962627411,0.8878531455993652,0.8899936676025391,0.8985556364059448,0.8985556364059448,/scicore/home/schwede/barta0000/germinal_ds/templates_originals/nb_s183327_mpnn_2_IL3/boltz_free/output/boltz_results_nb_s183327_mpnn_2_IL3/predictions/nb_s183327_mpnn_2_IL3/nb_s183327_mpnn_2_IL3_model_0.cif,0.935944676399231
nb_s834944_mpnn_1_PDL1,False,"A,B",2.299955368041992,0.8581117391586304,0.4501420557498932,0.9055852293968201,0.8768979907035828,0.7268504500389099,0.7621490955352783,/scicore/home/schwede/barta0000/germinal_ds/templates_originals/nb_s834944_mpnn_1_PDL1/boltz_free/output/boltz_results_nb_s834944_mpnn_1_PDL1/predictions/nb_s834944_mpnn_1_PDL1/nb_s834944_mpnn_1_PDL1_model_0.cif,0.8643988966941833
nb_s834944_mpnn_4_PDL1,False,"A,B",2.134565591812134,0.8455618619918823,0.4174657464027405,0.9021870493888855,0.8813425302505493,0.7841514348983765,0.7979642152786255,/scicore/home/schwede/barta0000/germinal_ds/templates_originals/nb_s834944_mpnn_4_PDL1/boltz_free/output/boltz_results_nb_s834944_mpnn_4_PDL1/predictions/nb_s834944_mpnn_4_PDL1/nb_s834944_mpnn_4_PDL1_model_0.cif,0.8900771737098694
nb_s1683_mpnn_2_PDL1,False,"A,B",4.028602600097656,0.733791708946228,0.6498202085494995,0.8246056437492371,0.7667112350463867,0.48370620608329773,0.5351336598396301,/scicore/home/schwede/barta0000/germinal_ds/templates_originals/nb_s1683_mpnn_2_PDL1/boltz_free/output/boltz_results_nb_s1683_mpnn_2_PDL1/predictions/nb_s1683_mpnn_2_PDL1/nb_s1683_mpnn_2_PDL1_model_0.cif,0.7424017786979675
nb_s283003_mpnn_3_IL3,False,"A,B",2.386931896209717,0.8284714818000793,0.5330917835235596,0.8843508958816528,0.8453494906425476,0.642817497253418,0.6893438696861267,/scicore/home/schwede/barta0000/germinal_ds/templates_originals/nb_s283003_mpnn_3_IL3/boltz_free/output/boltz_results_nb_s283003_mpnn_3_IL3/predictions/nb_s283003_mpnn_3_IL3/nb_s283003_mpnn_3_IL3_model_0.cif,0.8196276426315308
nb_s494235_mpnn_5_PDL1,False,"A,B",1.7846760749816895,0.799575686454773,0.4203663766384125,0.8617643713951111,0.8513374328613281,0.7578120827674866,0.8096299171447754,/scicore/home/schwede/barta0000/germinal_ds/templates_originals/nb_s494235_mpnn_5_PDL1/boltz_free/output/boltz_results_nb_s494235_mpnn_5_PDL1/predictions/nb_s494235_mpnn_5_PDL1/nb_s494235_mpnn_5_PDL1_model_0.cif,0.8778491616249084
nb_s206217_mpnn_2_PDL1,False,"A,B",1.3703243732452393,0.8941782116889954,0.35518649220466614,0.923585832118988,0.9078943133354187,0.810401976108551,0.8451284170150757,/scicore/home/schwede/barta0000/germinal_ds/templates_originals/nb_s206217_mpnn_2_PDL1/boltz_free/output/boltz_results_nb_s206217_mpnn_2_PDL1/predictions/nb_s206217_mpnn_2_PDL1/nb_s206217_mpnn_2_PDL1_model_0.cif,0.899357795715332
nb_s1156_mpnn_5_IL3,False,"A,B",2.5572195053100586,0.7576473951339722,0.4811059832572937,0.8530716896057129,0.8310055732727051,0.7427411675453186,0.7427411675453186,/scicore/home/schwede/barta0000/germinal_ds/templates_originals/nb_s1156_mpnn_5_IL3/boltz_free/output/boltz_results_nb_s1156_mpnn_5_IL3/predictions/nb_s1156_mpnn_5_IL3/nb_s1156_mpnn_5_IL3_model_0.cif,0.8488947153091431
nb_s272990_mpnn_1_PDL1,False,"A,B",5.837512969970703,0.736535370349884,0.6776086688041687,0.8215849995613098,0.757135808467865,0.47300082445144653,0.49933913350105286,/scicore/home/schwede/barta0000/germinal_ds/templates_originals/nb_s272990_mpnn_1_PDL1/boltz_free/output/boltz_results_nb_s272990_mpnn_1_PDL1/predictions/nb_s272990_mpnn_1_PDL1/nb_s272990_mpnn_1_PDL1_model_0.cif,0.7377278208732605
nb_s817878_mpnn_1_PDL1,False,"A,B",3.5706965923309326,0.7472918033599854,0.5689265727996826,0.8445796966552734,0.7975192666053772,0.5282672047615051,0.6092774271965027,/scicore/home/schwede/barta0000/germinal_ds/templates_originals/nb_s817878_mpnn_1_PDL1/boltz_free/output/boltz_results_nb_s817878_mpnn_1_PDL1/predictions/nb_s817878_mpnn_1_PDL1/nb_s817878_mpnn_1_PDL1_model_0.cif,0.7754908800125122
nb_s481672_mpnn_2_PDL1,False,"A,B",3.0362682342529297,0.8516061902046204,0.5024147033691406,0.8982293605804443,0.853101909160614,0.6725921034812927,0.6725921034812927,/scicore/home/schwede/barta0000/germinal_ds/templates_originals/nb_s481672_mpnn_2_PDL1/boltz_free/output/boltz_results_nb_s481672_mpnn_2_PDL1/predictions/nb_s481672_mpnn_2_PDL1/nb_s481672_mpnn_2_PDL1_model_0.cif,0.825893223285675
nb_s731008_mpnn_1_PDL1,False,"A,B",1.690200686454773,0.842640221118927,0.41466835141181946,0.878351092338562,0.8621869087219238,0.7631096839904785,0.7975302338600159,/scicore/home/schwede/barta0000/germinal_ds/templates_originals/nb_s731008_mpnn_1_PDL1/boltz_free/output/boltz_results_nb_s731008_mpnn_1_PDL1/predictions/nb_s731008_mpnn_1_PDL1/nb_s731008_mpnn_1_PDL1_model_0.cif,0.8722333908081055
nb_s908222_mpnn_5_PDL1,False,"A,B",6.738704204559326,0.8635054230690002,0.6690112352371216,0.9108213782310486,0.8258191347122192,0.42725396156311035,0.48581019043922424,/scicore/home/schwede/barta0000/germinal_ds/templates_originals/nb_s908222_mpnn_5_PDL1/boltz_free/output/boltz_results_nb_s908222_mpnn_5_PDL1/predictions/nb_s908222_mpnn_5_PDL1/nb_s908222_mpnn_5_PDL1_model_0.cif,0.734809398651123
nb_s171911_mpnn_1_PDL1,False,"A,B",2.5375313758850098,0.7661471962928772,0.4389761686325073,0.848976731300354,0.8164427876472473,0.6762868165969849,0.6863071322441101,/scicore/home/schwede/barta0000/germinal_ds/templates_originals/nb_s171911_mpnn_1_PDL1/boltz_free/output/boltz_results_nb_s171911_mpnn_1_PDL1/predictions/nb_s171911_mpnn_1_PDL1/nb_s171911_mpnn_1_PDL1_model_0.cif,0.8339186906814575
nb_s854077_mpnn_2_PDL1,False,"A,B",3.4656927585601807,0.8217108845710754,0.5246532559394836,0.8876696228981018,0.8303201794624329,0.5544759631156921,0.6009224057197571,/scicore/home/schwede/barta0000/germinal_ds/templates_originals/nb_s854077_mpnn_2_PDL1/boltz_free/output/boltz_results_nb_s854077_mpnn_2_PDL1/predictions/nb_s854077_mpnn_2_PDL1/nb_s854077_mpnn_2_PDL1_model_0.cif,0.7933593392372131
nb_s289628_mpnn_1_IL3,False,"A,B",3.3934459686279297,0.7488391995429993,0.5775200724601746,0.8436451554298401,0.8097019195556641,0.6652883887290955,0.6739290356636047,/scicore/home/schwede/barta0000/germinal_ds/templates_originals/nb_s289628_mpnn_1_IL3/boltz_free/output/boltz_results_nb_s289628_mpnn_1_IL3/predictions/nb_s289628_mpnn_1_IL3/nb_s289628_mpnn_1_IL3_model_0.cif,0.8236037492752075
nb_s883690_mpnn_4_PDL1,False,"A,B",3.499781370162964,0.7612205147743225,0.6364920735359192,0.8448465466499329,0.7930704355239868,0.5088484287261963,0.5859659910202026,/scicore/home/schwede/barta0000/germinal_ds/templates_originals/nb_s883690_mpnn_4_PDL1/boltz_free/output/boltz_results_nb_s883690_mpnn_4_PDL1/predictions/nb_s883690_mpnn_4_PDL1/nb_s883690_mpnn_4_PDL1_model_0.cif,0.732578456401825
nb_s892360_mpnn_1_PDL1,False,"A,B",2.2824153900146484,0.8504480719566345,0.42035189270973206,0.9015783071517944,0.8716126680374146,0.738826334476471,0.7517501711845398,/scicore/home/schwede/barta0000/germinal_ds/templates_originals/nb_s892360_mpnn_1_PDL1/boltz_free/output/boltz_results_nb_s892360_mpnn_1_PDL1/predictions/nb_s892360_mpnn_1_PDL1/nb_s892360_mpnn_1_PDL1_model_0.cif,0.8616325259208679
nb_s7171_mpnn_3_PDL1,False,"A,B",3.551997661590576,0.8018088936805725,0.4948972761631012,0.8338319063186646,0.8034079670906067,0.68171226978302,0.68171226978302,/scicore/home/schwede/barta0000/germinal_ds/templates_originals/nb_s7171_mpnn_3_PDL1/boltz_free/output/boltz_results_nb_s7171_mpnn_3_PDL1/predictions/nb_s7171_mpnn_3_PDL1/nb_s7171_mpnn_3_PDL1_model_0.cif,0.8282802700996399
nb_s614599_mpnn_3_IL3,False,"A,B",2.187436103820801,0.8865390419960022,0.3934117257595062,0.9131087064743042,0.8803085684776306,0.7491077184677124,0.7491077184677124,/scicore/home/schwede/barta0000/germinal_ds/templates_originals/nb_s614599_mpnn_3_IL3/boltz_free/output/boltz_results_nb_s614599_mpnn_3_IL3/predictions/nb_s614599_mpnn_3_IL3/nb_s614599_mpnn_3_IL3_model_0.cif,0.8664131164550781
nb_s216967_mpnn_4_PDL1,False,"A,B",4.509672164916992,0.7946150898933411,0.5640738606452942,0.8672803044319153,0.7989658713340759,0.4787137508392334,0.5257081985473633,/scicore/home/schwede/barta0000/germinal_ds/templates_originals/nb_s216967_mpnn_4_PDL1/boltz_free/output/boltz_results_nb_s216967_mpnn_4_PDL1/predictions/nb_s216967_mpnn_4_PDL1/nb_s216967_mpnn_4_PDL1_model_0.cif,0.7514963746070862
nb_s850749_mpnn_2_PDL1,False,"A,B",3.107457160949707,0.799665629863739,0.4871208071708679,0.8674789071083069,0.8269071578979492,0.6109705567359924,0.6646201014518738,/scicore/home/schwede/barta0000/germinal_ds/templates_originals/nb_s850749_mpnn_2_PDL1/boltz_free/output/boltz_results_nb_s850749_mpnn_2_PDL1/predictions/nb_s850749_mpnn_2_PDL1/nb_s850749_mpnn_2_PDL1_model_0.cif,0.8078662753105164
nb_s53820_mpnn_1_PDL1,False,"A,B",4.330863952636719,0.7732210755348206,0.5955988168716431,0.864183247089386,0.8088817000389099,0.5642220973968506,0.5876752734184265,/scicore/home/schwede/barta0000/germinal_ds/templates_originals/nb_s53820_mpnn_1_PDL1/boltz_free/output/boltz_results_nb_s53820_mpnn_1_PDL1/predictions/nb_s53820_mpnn_1_PDL1/nb_s53820_mpnn_1_PDL1_model_0.cif,0.7887142300605774
nb_s792926_mpnn_5_IL3,False,"A,B",6.085453510284424,0.7320712804794312,0.7420819997787476,0.8420098423957825,0.7484950423240662,0.3211838901042938,0.3744358718395233,/scicore/home/schwede/barta0000/germinal_ds/templates_originals/nb_s792926_mpnn_5_IL3/boltz_free/output/boltz_results_nb_s792926_mpnn_5_IL3/predictions/nb_s792926_mpnn_5_IL3/nb_s792926_mpnn_5_IL3_model_0.cif,0.6632687449455261
nb_s378562_mpnn_3_PDL1,False,"A,B",2.741842269897461,0.7631675004959106,0.5013388991355896,0.8511180877685547,0.8100711703300476,0.609412431716919,0.6458833813667297,/scicore/home/schwede/barta0000/germinal_ds/templates_originals/nb_s378562_mpnn_3_PDL1/boltz_free/output/boltz_results_nb_s378562_mpnn_3_PDL1/predictions/nb_s378562_mpnn_3_PDL1/nb_s378562_mpnn_3_PDL1_model_0.cif,0.8125803470611572
nb_s389903_mpnn_5_PDL1,False,"A,B",7.985564708709717,0.8162374496459961,0.6805129051208496,0.8489686250686646,0.7830480933189392,0.5094617009162903,0.519365668296814,/scicore/home/schwede/barta0000/germinal_ds/templates_originals/nb_s389903_mpnn_5_PDL1/boltz_free/output/boltz_results_nb_s389903_mpnn_5_PDL1/predictions/nb_s389903_mpnn_5_PDL1/nb_s389903_mpnn_5_PDL1_model_0.cif,0.737916886806488
nb_s604314_mpnn_3_IL3,False,"A,B",3.6121127605438232,0.7086745500564575,0.579872727394104,0.8230893611907959,0.8035393953323364,0.7253395915031433,0.7253395915031433,/scicore/home/schwede/barta0000/germinal_ds/templates_originals/nb_s604314_mpnn_3_IL3/boltz_free/output/boltz_results_nb_s604314_mpnn_3_IL3/predictions/nb_s604314_mpnn_3_IL3/nb_s604314_mpnn_3_IL3_model_0.cif,0.7968862056732178
nb_s666722_mpnn_2_IL3,False,"A,B",2.243720293045044,0.6479406356811523,0.49808940291404724,0.7829688787460327,0.7810012102127075,0.7731302976608276,0.7731302976608276,/scicore/home/schwede/barta0000/germinal_ds/templates_originals/nb_s666722_mpnn_2_IL3/boltz_free/output/boltz_results_nb_s666722_mpnn_2_IL3/predictions/nb_s666722_mpnn_2_IL3/nb_s666722_mpnn_2_IL3_model_0.cif,0.8368092775344849
nb_s919455_mpnn_1_PDL1,False,"A,B",3.759060859680176,0.7941329479217529,0.5332334637641907,0.8551884889602661,0.8069170117378235,0.6071913242340088,0.6138308048248291,/scicore/home/schwede/barta0000/germinal_ds/templates_originals/nb_s919455_mpnn_1_PDL1/boltz_free/output/boltz_results_nb_s919455_mpnn_1_PDL1/predictions/nb_s919455_mpnn_1_PDL1/nb_s919455_mpnn_1_PDL1_model_0.cif,0.8025149703025818
nb_s926337_mpnn_2_PDL1,False,"A,B",1.5890175104141235,0.7914792895317078,0.41431108117103577,0.8608554005622864,0.8420165181159973,0.743337869644165,0.7666608095169067,/scicore/home/schwede/barta0000/germinal_ds/templates_originals/nb_s926337_mpnn_2_PDL1/boltz_free/output/boltz_results_nb_s926337_mpnn_2_PDL1/predictions/nb_s926337_mpnn_2_PDL1/nb_s926337_mpnn_2_PDL1_model_0.cif,0.8759642839431763
nb_s37712_mpnn_5_PDL1,False,"A,B",6.3781046867370605,0.7701781392097473,0.7705769538879395,0.8434959650039673,0.7624680399894714,0.3758166432380676,0.43835607171058655,/scicore/home/schwede/barta0000/germinal_ds/templates_originals/nb_s37712_mpnn_5_PDL1/boltz_free/output/boltz_results_nb_s37712_mpnn_5_PDL1/predictions/nb_s37712_mpnn_5_PDL1/nb_s37712_mpnn_5_PDL1_model_0.cif,0.7068042159080505
nb_s282075_mpnn_3_PDL1,False,"A,B",1.0868366956710815,0.8170098066329956,0.3677738904953003,0.8778966069221497,0.8688444495201111,0.8127522468566895,0.8326356410980225,/scicore/home/schwede/barta0000/germinal_ds/templates_originals/nb_s282075_mpnn_3_PDL1/boltz_free/output/boltz_results_nb_s282075_mpnn_3_PDL1/predictions/nb_s282075_mpnn_3_PDL1/nb_s282075_mpnn_3_PDL1_model_0.cif,0.8992217183113098
nb_s327251_mpnn_3_IL3,False,"A,B",1.343514084815979,0.822465717792511,0.37866973876953125,0.869165301322937,0.8624812364578247,0.8209770917892456,0.8357447385787964,/scicore/home/schwede/barta0000/germinal_ds/templates_originals/nb_s327251_mpnn_3_IL3/boltz_free/output/boltz_results_nb_s327251_mpnn_3_IL3/predictions/nb_s327251_mpnn_3_IL3/nb_s327251_mpnn_3_IL3_model_0.cif,0.9003188610076904
nb_s52054_mpnn_3_PDL1,False,"A,B",4.161477565765381,0.7622761726379395,0.5517551898956299,0.8426239490509033,0.7943595051765442,0.5273638963699341,0.6013016104698181,/scicore/home/schwede/barta0000/germinal_ds/templates_originals/nb_s52054_mpnn_3_PDL1/boltz_free/output/boltz_results_nb_s52054_mpnn_3_PDL1/predictions/nb_s52054_mpnn_3_PDL1/nb_s52054_mpnn_3_PDL1_model_0.cif,0.7646083235740662
nb_s206830_mpnn_1_IL3,False,"A,B",2.308265447616577,0.7195920944213867,0.5620505809783936,0.7829018235206604,0.7768204212188721,0.7133963108062744,0.752494752407074,/scicore/home/schwede/barta0000/germinal_ds/templates_originals/nb_s206830_mpnn_1_IL3/boltz_free/output/boltz_results_nb_s206830_mpnn_1_IL3/predictions/nb_s206830_mpnn_1_IL3/nb_s206830_mpnn_1_IL3_model_0.cif,0.8549091219902039
nb_s202316_mpnn_2_PDL1,False,"A,B",2.742363691329956,0.7678374648094177,0.476108580827713,0.8425721526145935,0.8147191405296326,0.6741079688072205,0.7033070921897888,/scicore/home/schwede/barta0000/germinal_ds/templates_originals/nb_s202316_mpnn_2_PDL1/boltz_free/output/boltz_results_nb_s202316_mpnn_2_PDL1/predictions/nb_s202316_mpnn_2_PDL1/nb_s202316_mpnn_2_PDL1_model_0.cif,0.836604654788971
nb_s556135_mpnn_2_IL3,False,"A,B",3.3251216411590576,0.7754892706871033,0.5468928813934326,0.8460123538970947,0.8111913800239563,0.671907365322113,0.671907365322113,/scicore/home/schwede/barta0000/germinal_ds/templates_originals/nb_s556135_mpnn_2_IL3/boltz_free/output/boltz_results_nb_s556135_mpnn_2_IL3/predictions/nb_s556135_mpnn_2_IL3/nb_s556135_mpnn_2_IL3_model_0.cif,0.7929900884628296
nb_s759449_mpnn_1_PDL1,False,"A,B",3.0445656776428223,0.7978544235229492,0.5174647569656372,0.864333987236023,0.8313464522361755,0.6461382508277893,0.6993961930274963,/scicore/home/schwede/barta0000/germinal_ds/templates_originals/nb_s759449_mpnn_1_PDL1/boltz_free/output/boltz_results_nb_s759449_mpnn_1_PDL1/predictions/nb_s759449_mpnn_1_PDL1/nb_s759449_mpnn_1_PDL1_model_0.cif,0.814835786819458
nb_s885633_mpnn_2_PDL1,False,"A,B",2.9293160438537598,0.8098560571670532,0.49007895588874817,0.8733676671981812,0.8351864814758301,0.6509997248649597,0.682461678981781,/scicore/home/schwede/barta0000/germinal_ds/templates_originals/nb_s885633_mpnn_2_PDL1/boltz_free/output/boltz_results_nb_s885633_mpnn_2_PDL1/predictions/nb_s885633_mpnn_2_PDL1/nb_s885633_mpnn_2_PDL1_model_0.cif,0.8220807909965515
nb_s465730_mpnn_3_PDL1,False,"A,B",3.960796594619751,0.7702618837356567,0.5403936505317688,0.8395313024520874,0.8045167326927185,0.6400660872459412,0.6644582152366638,/scicore/home/schwede/barta0000/germinal_ds/templates_originals/nb_s465730_mpnn_3_PDL1/boltz_free/output/boltz_results_nb_s465730_mpnn_3_PDL1/predictions/nb_s465730_mpnn_3_PDL1/nb_s465730_mpnn_3_PDL1_model_0.cif,0.8225210309028625
nb_s652766_mpnn_5_IL3,False,"A,B",5.01890754699707,0.8039991855621338,0.5356231331825256,0.874061107635498,0.8101574778556824,0.5229868292808533,0.5545428991317749,/scicore/home/schwede/barta0000/germinal_ds/templates_originals/nb_s652766_mpnn_5_IL3/boltz_free/output/boltz_results_nb_s652766_mpnn_5_IL3/predictions/nb_s652766_mpnn_5_IL3/nb_s652766_mpnn_5_IL3_model_0.cif,0.7666208744049072
nb_s68363_mpnn_3_PDL1,False,"A,B",1.2686092853546143,0.8625580072402954,0.360399067401886,0.9051441550254822,0.8952174186706543,0.7892006635665894,0.8555105328559875,/scicore/home/schwede/barta0000/germinal_ds/templates_originals/nb_s68363_mpnn_3_PDL1/boltz_free/output/boltz_results_nb_s68363_mpnn_3_PDL1/predictions/nb_s68363_mpnn_3_PDL1/nb_s68363_mpnn_3_PDL1_model_0.cif,0.9026619791984558
nb_s975197_mpnn_2_PDL1,False,"A,B",5.5591864585876465,0.7293229103088379,0.6223140954971313,0.8106482028961182,0.7541863322257996,0.4780994951725006,0.5283387303352356,/scicore/home/schwede/barta0000/germinal_ds/templates_originals/nb_s975197_mpnn_2_PDL1/boltz_free/output/boltz_results_nb_s975197_mpnn_2_PDL1/predictions/nb_s975197_mpnn_2_PDL1/nb_s975197_mpnn_2_PDL1_model_0.cif,0.7569074630737305
nb_s792926_mpnn_4_IL3,False,"A,B",2.7792444229125977,0.7199835181236267,0.48726049065589905,0.8372748494148254,0.819661557674408,0.7492080926895142,0.7492080926895142,/scicore/home/schwede/barta0000/germinal_ds/templates_originals/nb_s792926_mpnn_4_IL3/boltz_free/output/boltz_results_nb_s792926_mpnn_4_IL3/predictions/nb_s792926_mpnn_4_IL3/nb_s792926_mpnn_4_IL3_model_0.cif,0.8471751809120178
nb_s605394_mpnn_5_PDL1,False,"A,B",4.540637493133545,0.7910264134407043,0.6076388359069824,0.8434317708015442,0.7945644855499268,0.5748705863952637,0.5990954041481018,/scicore/home/schwede/barta0000/germinal_ds/templates_originals/nb_s605394_mpnn_5_PDL1/boltz_free/output/boltz_results_nb_s605394_mpnn_5_PDL1/predictions/nb_s605394_mpnn_5_PDL1/nb_s605394_mpnn_5_PDL1_model_0.cif,0.7881151437759399
nb_s286378_mpnn_1_PDL1,False,"A,B",3.0463738441467285,0.8729461431503296,0.5132328271865845,0.9100214838981628,0.8726572394371033,0.6677482724189758,0.7232003211975098,/scicore/home/schwede/barta0000/germinal_ds/templates_originals/nb_s286378_mpnn_1_PDL1/boltz_free/output/boltz_results_nb_s286378_mpnn_1_PDL1/predictions/nb_s286378_mpnn_1_PDL1/nb_s286378_mpnn_1_PDL1_model_0.cif,0.835872232913971
nb_s24110_mpnn_5_IL3,False,"A,B",7.070897102355957,0.7623280882835388,0.7264573574066162,0.8519148230552673,0.732120931148529,0.20537200570106506,0.2529453933238983,/scicore/home/schwede/barta0000/germinal_ds/templates_originals/nb_s24110_mpnn_5_IL3/boltz_free/output/boltz_results_nb_s24110_mpnn_5_IL3/predictions/nb_s24110_mpnn_5_IL3/nb_s24110_mpnn_5_IL3_model_0.cif,0.6072654128074646
nb_s214428_mpnn_1_PDL1,False,"A,B",1.1220704317092896,0.8406535983085632,0.3759419023990631,0.8993772268295288,0.8938428163528442,0.8636553287506104,0.871705174446106,/scicore/home/schwede/barta0000/germinal_ds/templates_originals/nb_s214428_mpnn_1_PDL1/boltz_free/output/boltz_results_nb_s214428_mpnn_1_PDL1/predictions/nb_s214428_mpnn_1_PDL1/nb_s214428_mpnn_1_PDL1_model_0.cif,0.9253059029579163
nb_s358395_mpnn_2_IL3,False,"A,B",4.096911430358887,0.786128044128418,0.5874079465866089,0.8660618662834167,0.8028742671012878,0.5333035588264465,0.5501239895820618,/scicore/home/schwede/barta0000/germinal_ds/templates_originals/nb_s358395_mpnn_2_IL3/boltz_free/output/boltz_results_nb_s358395_mpnn_2_IL3/predictions/nb_s358395_mpnn_2_IL3/nb_s358395_mpnn_2_IL3_model_0.cif,0.7590015530586243
nb_s133952_mpnn_4_IL3,False,"A,B",2.8598921298980713,0.7386207580566406,0.549805223941803,0.821678638458252,0.8038747906684875,0.7326593399047852,0.7326593399047852,/scicore/home/schwede/barta0000/germinal_ds/templates_originals/nb_s133952_mpnn_4_IL3/boltz_free/output/boltz_results_nb_s133952_mpnn_4_IL3/predictions/nb_s133952_mpnn_4_IL3/nb_s133952_mpnn_4_IL3_model_0.cif,0.8265119194984436
nb_s609713_mpnn_4_IL3,False,"A,B",0.8136393427848816,0.7493824362754822,0.32625702023506165,0.8417684435844421,0.8520536422729492,0.893194317817688,0.893194317817688,/scicore/home/schwede/barta0000/germinal_ds/templates_originals/nb_s609713_mpnn_4_IL3/boltz_free/output/boltz_results_nb_s609713_mpnn_4_IL3/predictions/nb_s609713_mpnn_4_IL3/nb_s609713_mpnn_4_IL3_model_0.cif,0.930435299873352
nb_s807208_mpnn_5_IL3,False,"A,B",3.5919642448425293,0.8093399405479431,0.5796777009963989,0.8781017661094666,0.8282011151313782,0.6285986304283142,0.6285986304283142,/scicore/home/schwede/barta0000/germinal_ds/templates_originals/nb_s807208_mpnn_5_IL3/boltz_free/output/boltz_results_nb_s807208_mpnn_5_IL3/predictions/nb_s807208_mpnn_5_IL3/nb_s807208_mpnn_5_IL3_model_0.cif,0.796680748462677
nb_s233025_mpnn_1_IL3,False,"A,B",3.214658498764038,0.7337461113929749,0.681284487247467,0.8338196873664856,0.809765636920929,0.7135491967201233,0.7135491967201233,/scicore/home/schwede/barta0000/germinal_ds/templates_originals/nb_s233025_mpnn_1_IL3/boltz_free/output/boltz_results_nb_s233025_mpnn_1_IL3/predictions/nb_s233025_mpnn_1_IL3/nb_s233025_mpnn_1_IL3_model_0.cif,0.8239710330963135
nb_s854077_mpnn_1_PDL1,False,"A,B",4.610292434692383,0.8568597435951233,0.5510976314544678,0.9128704071044922,0.8436097502708435,0.5423756837844849,0.566567063331604,/scicore/home/schwede/barta0000/germinal_ds/templates_originals/nb_s854077_mpnn_1_PDL1/boltz_free/output/boltz_results_nb_s854077_mpnn_1_PDL1/predictions/nb_s854077_mpnn_1_PDL1/nb_s854077_mpnn_1_PDL1_model_0.cif,0.7770307660102844
nb_s718865_mpnn_2_PDL1,False,"A,B",1.0262054204940796,0.8211485743522644,0.36506786942481995,0.871724009513855,0.8745668530464172,0.8741954565048218,0.8859381079673767,/scicore/home/schwede/barta0000/germinal_ds/templates_originals/nb_s718865_mpnn_2_PDL1/boltz_free/output/boltz_results_nb_s718865_mpnn_2_PDL1/predictions/nb_s718865_mpnn_2_PDL1/nb_s718865_mpnn_2_PDL1_model_0.cif,0.9268773794174194
nb_s895571_mpnn_3_PDL1,False,"A,B",3.892001152038574,0.8657235503196716,0.522102952003479,0.9158769249916077,0.8632225394248962,0.5981783270835876,0.6526047587394714,/scicore/home/schwede/barta0000/germinal_ds/templates_originals/nb_s895571_mpnn_3_PDL1/boltz_free/output/boltz_results_nb_s895571_mpnn_3_PDL1/predictions/nb_s895571_mpnn_3_PDL1/nb_s895571_mpnn_3_PDL1_model_0.cif,0.8090730905532837
nb_s38254_mpnn_5_PDL1,False,"A,B",2.2180192470550537,0.769955575466156,0.44877833127975464,0.8473473787307739,0.8334625363349915,0.7386898994445801,0.7779229879379272,/scicore/home/schwede/barta0000/germinal_ds/templates_originals/nb_s38254_mpnn_5_PDL1/boltz_free/output/boltz_results_nb_s38254_mpnn_5_PDL1/predictions/nb_s38254_mpnn_5_PDL1/nb_s38254_mpnn_5_PDL1_model_0.cif,0.839224100112915
nb_s499859_mpnn_4_PDL1,False,"A,B",3.196030378341675,0.8117765188217163,0.4878190755844116,0.8591516017913818,0.8234467506408691,0.5869126319885254,0.6806272268295288,/scicore/home/schwede/barta0000/germinal_ds/templates_originals/nb_s499859_mpnn_4_PDL1/boltz_free/output/boltz_results_nb_s499859_mpnn_4_PDL1/predictions/nb_s499859_mpnn_4_PDL1/nb_s499859_mpnn_4_PDL1_model_0.cif,0.7959004640579224
nb_s166775_mpnn_5_PDL1,False,"A,B",0.6884998083114624,0.9396268725395203,0.32862237095832825,0.948536217212677,0.9395673871040344,0.8844622373580933,0.9036921262741089,/scicore/home/schwede/barta0000/germinal_ds/templates_originals/nb_s166775_mpnn_5_PDL1/boltz_free/output/boltz_results_nb_s166775_mpnn_5_PDL1/predictions/nb_s166775_mpnn_5_PDL1/nb_s166775_mpnn_5_PDL1_model_0.cif,0.9333263039588928
nb_s450006_mpnn_3_IL3,False,"A,B",3.427222728729248,0.7294448614120483,0.7053589820861816,0.8196679353713989,0.7997338771820068,0.7199977040290833,0.7199977040290833,/scicore/home/schwede/barta0000/germinal_ds/templates_originals/nb_s450006_mpnn_3_IL3/boltz_free/output/boltz_results_nb_s450006_mpnn_3_IL3/predictions/nb_s450006_mpnn_3_IL3/nb_s450006_mpnn_3_IL3_model_0.cif,0.8075445294380188
nb_s302651_mpnn_3_PDL1,False,"A,B",2.1194465160369873,0.8343059420585632,0.4719010591506958,0.8871167898178101,0.8675069212913513,0.7255584001541138,0.7890672087669373,/scicore/home/schwede/barta0000/germinal_ds/templates_originals/nb_s302651_mpnn_3_PDL1/boltz_free/output/boltz_results_nb_s302651_mpnn_3_PDL1/predictions/nb_s302651_mpnn_3_PDL1/nb_s302651_mpnn_3_PDL1_model_0.cif,0.862826943397522
nb_s754136_mpnn_1_IL3,False,"A,B",1.1064047813415527,0.7357566356658936,0.3809613287448883,0.8091683983802795,0.821439266204834,0.8705225586891174,0.8705225586891174,/scicore/home/schwede/barta0000/germinal_ds/templates_originals/nb_s754136_mpnn_1_IL3/boltz_free/output/boltz_results_nb_s754136_mpnn_1_IL3/predictions/nb_s754136_mpnn_1_IL3/nb_s754136_mpnn_1_IL3_model_0.cif,0.9220962524414062
nb_s467146_mpnn_5_PDL1,False,"A,B",5.916195392608643,0.7621996998786926,0.6699296236038208,0.8331410884857178,0.77410888671875,0.5130118727684021,0.5379801988601685,/scicore/home/schwede/barta0000/germinal_ds/templates_originals/nb_s467146_mpnn_5_PDL1/boltz_free/output/boltz_results_nb_s467146_mpnn_5_PDL1/predictions/nb_s467146_mpnn_5_PDL1/nb_s467146_mpnn_5_PDL1_model_0.cif,0.7675036787986755
nb_s467069_mpnn_5_PDL1,False,"A,B",0.67286616563797,0.8794464468955994,0.3310472071170807,0.9128978252410889,0.9154908061027527,0.8964166641235352,0.9258626699447632,/scicore/home/schwede/barta0000/germinal_ds/templates_originals/nb_s467069_mpnn_5_PDL1/boltz_free/output/boltz_results_nb_s467069_mpnn_5_PDL1/predictions/nb_s467069_mpnn_5_PDL1/nb_s467069_mpnn_5_PDL1_model_0.cif,0.9360092878341675
nb_s351880_mpnn_1_PDL1,False,"A,B",1.4074411392211914,0.7581406235694885,0.3974897563457489,0.8410035967826843,0.8358923196792603,0.8154472708702087,0.8154472708702087,/scicore/home/schwede/barta0000/germinal_ds/templates_originals/nb_s351880_mpnn_1_PDL1/boltz_free/output/boltz_results_nb_s351880_mpnn_1_PDL1/predictions/nb_s351880_mpnn_1_PDL1/nb_s351880_mpnn_1_PDL1_model_0.cif,0.8958034515380859
nb_s283003_mpnn_2_IL3,False,"A,B",3.066415786743164,0.8171804547309875,0.5898644328117371,0.8806623816490173,0.8376505970954895,0.6300815939903259,0.6656035780906677,/scicore/home/schwede/barta0000/germinal_ds/templates_originals/nb_s283003_mpnn_2_IL3/boltz_free/output/boltz_results_nb_s283003_mpnn_2_IL3/predictions/nb_s283003_mpnn_2_IL3/nb_s283003_mpnn_2_IL3_model_0.cif,0.8073045015335083
nb_s556135_mpnn_1_IL3,False,"A,B",1.482382893562317,0.7636111378669739,0.38196367025375366,0.8535573482513428,0.8422667384147644,0.7888453006744385,0.7971041798591614,/scicore/home/schwede/barta0000/germinal_ds/templates_originals/nb_s556135_mpnn_1_IL3/boltz_free/output/boltz_results_nb_s556135_mpnn_1_IL3/predictions/nb_s556135_mpnn_1_IL3/nb_s556135_mpnn_1_IL3_model_0.cif,0.8779777884483337
nb_s759449_mpnn_4_PDL1,False,"A,B",2.4685840606689453,0.7958776950836182,0.457390695810318,0.8737925291061401,0.8438539505004883,0.6702996492385864,0.7240996360778809,/scicore/home/schwede/barta0000/germinal_ds/templates_originals/nb_s759449_mpnn_4_PDL1/boltz_free/output/boltz_results_nb_s759449_mpnn_4_PDL1/predictions/nb_s759449_mpnn_4_PDL1/nb_s759449_mpnn_4_PDL1_model_0.cif,0.8373570442199707
nb_s72302_mpnn_3_IL3,False,"A,B",1.7543197870254517,0.8636115789413452,0.3815324604511261,0.8978714346885681,0.8731579184532166,0.7743037939071655,0.7743037939071655,/scicore/home/schwede/barta0000/germinal_ds/templates_originals/nb_s72302_mpnn_3_IL3/boltz_free/output/boltz_results_nb_s72302_mpnn_3_IL3/predictions/nb_s72302_mpnn_3_IL3/nb_s72302_mpnn_3_IL3_model_0.cif,0.8768908381462097
nb_s826150_mpnn_1_PDL1,False,"A,B",2.422405481338501,0.8091651797294617,0.4801924526691437,0.8825053572654724,0.8528398871421814,0.6631914973258972,0.734177827835083,/scicore/home/schwede/barta0000/germinal_ds/templates_originals/nb_s826150_mpnn_1_PDL1/boltz_free/output/boltz_results_nb_s826150_mpnn_1_PDL1/predictions/nb_s826150_mpnn_1_PDL1/nb_s826150_mpnn_1_PDL1_model_0.cif,0.8370433449745178
nb_s81839_mpnn_3_IL3,False,"A,B",2.9891648292541504,0.7891007661819458,0.5076738595962524,0.8573735356330872,0.8206343054771423,0.6736771464347839,0.6736771464347839,/scicore/home/schwede/barta0000/germinal_ds/templates_originals/nb_s81839_mpnn_3_IL3/boltz_free/output/boltz_results_nb_s81839_mpnn_3_IL3/predictions/nb_s81839_mpnn_3_IL3/nb_s81839_mpnn_3_IL3_model_0.cif,0.8051178455352783
nb_s467069_mpnn_3_PDL1,False,"A,B",0.8743826150894165,0.8843648433685303,0.3659413754940033,0.909929633140564,0.9082023501396179,0.8683129549026489,0.9012933373451233,/scicore/home/schwede/barta0000/germinal_ds/templates_originals/nb_s467069_mpnn_3_PDL1/boltz_free/output/boltz_results_nb_s467069_mpnn_3_PDL1/predictions/nb_s467069_mpnn_3_PDL1/nb_s467069_mpnn_3_PDL1_model_0.cif,0.9226513504981995
nb_s877988_mpnn_3_IL3,False,"A,B",5.457920074462891,0.7553199529647827,0.7061111330986023,0.8382489085197449,0.7843077182769775,0.568543016910553,0.568543016910553,/scicore/home/schwede/barta0000/germinal_ds/templates_originals/nb_s877988_mpnn_3_IL3/boltz_free/output/boltz_results_nb_s877988_mpnn_3_IL3/predictions/nb_s877988_mpnn_3_IL3/nb_s877988_mpnn_3_IL3_model_0.cif,0.7412207722663879
nb_s358395_mpnn_3_IL3,False,"A,B",0.5046185255050659,0.8957117199897766,0.29621270298957825,0.91815584897995,0.9241275787353516,0.948014497756958,0.948014497756958,/scicore/home/schwede/barta0000/germinal_ds/templates_originals/nb_s358395_mpnn_3_IL3/boltz_free/output/boltz_results_nb_s358395_mpnn_3_IL3/predictions/nb_s358395_mpnn_3_IL3/nb_s358395_mpnn_3_IL3_model_0.cif,0.9620391130447388
nb_s916275_mpnn_4_PDL1,False,"A,B",2.773467540740967,0.8376875519752502,0.5669224262237549,0.8894806504249573,0.848567008972168,0.6758331060409546,0.684912383556366,/scicore/home/schwede/barta0000/germinal_ds/templates_originals/nb_s916275_mpnn_4_PDL1/boltz_free/output/boltz_results_nb_s916275_mpnn_4_PDL1/predictions/nb_s916275_mpnn_4_PDL1/nb_s916275_mpnn_4_PDL1_model_0.cif,0.8274298310279846
nb_s807688_mpnn_3_IL3,False,"A,B",1.2472056150436401,0.7505483627319336,0.3653307259082794,0.8308972120285034,0.8400107622146606,0.8764647841453552,0.8764647841453552,/scicore/home/schwede/barta0000/germinal_ds/templates_originals/nb_s807688_mpnn_3_IL3/boltz_free/output/boltz_results_nb_s807688_mpnn_3_IL3/predictions/nb_s807688_mpnn_3_IL3/nb_s807688_mpnn_3_IL3_model_0.cif,0.9220892786979675
nb_s81839_mpnn_1_IL3,False,"A,B",1.7752934694290161,0.7940294742584229,0.4114812910556793,0.8632718324661255,0.8478046655654907,0.7859358191490173,0.7859358191490173,/scicore/home/schwede/barta0000/germinal_ds/templates_originals/nb_s81839_mpnn_1_IL3/boltz_free/output/boltz_results_nb_s81839_mpnn_1_IL3/predictions/nb_s81839_mpnn_1_IL3/nb_s81839_mpnn_1_IL3_model_0.cif,0.8592735528945923
nb_s893078_mpnn_5_PDL1,False,"A,B",4.293534755706787,0.7621304392814636,0.5683216452598572,0.8059927821159363,0.7811042666435242,0.6815502643585205,0.6815502643585205,/scicore/home/schwede/barta0000/germinal_ds/templates_originals/nb_s893078_mpnn_5_PDL1/boltz_free/output/boltz_results_nb_s893078_mpnn_5_PDL1/predictions/nb_s893078_mpnn_5_PDL1/nb_s893078_mpnn_5_PDL1_model_0.cif,0.8107377886772156
nb_s362656_mpnn_2_PDL1,False,"A,B",6.502824306488037,0.8572626709938049,0.6468857526779175,0.908721923828125,0.8022724390029907,0.291305810213089,0.3764744997024536,/scicore/home/schwede/barta0000/germinal_ds/templates_originals/nb_s362656_mpnn_2_PDL1/boltz_free/output/boltz_results_nb_s362656_mpnn_2_PDL1/predictions/nb_s362656_mpnn_2_PDL1/nb_s362656_mpnn_2_PDL1_model_0.cif,0.6634390950202942
nb_s255632_mpnn_3_PDL1,False,"A,B",1.3239939212799072,0.7532971501350403,0.3832921087741852,0.8286697268486023,0.831454873085022,0.8425954580307007,0.8425954580307007,/scicore/home/schwede/barta0000/germinal_ds/templates_originals/nb_s255632_mpnn_3_PDL1/boltz_free/output/boltz_results_nb_s255632_mpnn_3_PDL1/predictions/nb_s255632_mpnn_3_PDL1/nb_s255632_mpnn_3_PDL1_model_0.cif,0.9027205109596252
nb_s919455_mpnn_4_PDL1,False,"A,B",2.411435604095459,0.7446934580802917,0.5022555589675903,0.8260411620140076,0.7981886267662048,0.6692491769790649,0.6867785453796387,/scicore/home/schwede/barta0000/germinal_ds/templates_originals/nb_s919455_mpnn_4_PDL1/boltz_free/output/boltz_results_nb_s919455_mpnn_4_PDL1/predictions/nb_s919455_mpnn_4_PDL1/nb_s919455_mpnn_4_PDL1_model_0.cif,0.832870364189148
nb_s282075_mpnn_1_PDL1,False,"A,B",0.9124518632888794,0.8345917463302612,0.35651594400405884,0.884929895401001,0.8824539184570312,0.8225449919700623,0.8725502490997314,/scicore/home/schwede/barta0000/germinal_ds/templates_originals/nb_s282075_mpnn_1_PDL1/boltz_free/output/boltz_results_nb_s282075_mpnn_1_PDL1/predictions/nb_s282075_mpnn_1_PDL1/nb_s282075_mpnn_1_PDL1_model_0.cif,0.9055195450782776
nb_s7171_mpnn_2_PDL1,False,"A,B",3.1621904373168945,0.7778332829475403,0.46636924147605896,0.8301377892494202,0.8040863871574402,0.6959035396575928,0.699880838394165,/scicore/home/schwede/barta0000/germinal_ds/templates_originals/nb_s7171_mpnn_2_PDL1/boltz_free/output/boltz_results_nb_s7171_mpnn_2_PDL1/predictions/nb_s7171_mpnn_2_PDL1/nb_s7171_mpnn_2_PDL1_model_0.cif,0.8449321389198303
nb_s327251_mpnn_4_IL3,False,"A,B",0.9936680793762207,0.7208794355392456,0.34558823704719543,0.8174138069152832,0.8362104296684265,0.9113972187042236,0.9113972187042236,/scicore/home/schwede/barta0000/germinal_ds/templates_originals/nb_s327251_mpnn_4_IL3/boltz_free/output/boltz_results_nb_s327251_mpnn_4_IL3/predictions/nb_s327251_mpnn_4_IL3/nb_s327251_mpnn_4_IL3_model_0.cif,0.9363968968391418
nb_s596199_mpnn_2_BHRF,False,"A,B",1.4245647192001343,0.782132625579834,0.3848593235015869,0.8822945356369019,0.8733139038085938,0.789781928062439,0.8373913764953613,/scicore/home/schwede/barta0000/germinal_ds/templates_originals/nb_s596199_mpnn_2_BHRF/boltz_free/output/boltz_results_nb_s596199_mpnn_2_BHRF/predictions/nb_s596199_mpnn_2_BHRF/nb_s596199_mpnn_2_BHRF_model_0.cif,0.8868046998977661
nb_s483532_mpnn_3_IL3,False,"A,B",2.439034938812256,0.7561289668083191,0.493354856967926,0.834783673286438,0.8271576166152954,0.7966530323028564,0.7966530323028564,/scicore/home/schwede/barta0000/germinal_ds/templates_originals/nb_s483532_mpnn_3_IL3/boltz_free/output/boltz_results_nb_s483532_mpnn_3_IL3/predictions/nb_s483532_mpnn_3_IL3/nb_s483532_mpnn_3_IL3_model_0.cif,0.8527240753173828
nb_s837885_mpnn_1_IL20,False,"A,B",3.7299506664276123,0.5529052019119263,0.7891719341278076,0.6295342445373535,0.6462510824203491,0.7131183743476868,0.7131183743476868,/scicore/home/schwede/barta0000/germinal_ds/templates_originals/nb_s837885_mpnn_1_IL20/boltz_free/output/boltz_results_nb_s837885_mpnn_1_IL20/predictions/nb_s837885_mpnn_1_IL20/nb_s837885_mpnn_1_IL20_model_0.cif,0.7948459982872009
nb_s410453_mpnn_5_IL20,False,"A,B",2.95389461517334,0.6130555868148804,1.0005781650543213,0.6652404069900513,0.6634374856948853,0.6562257409095764,0.6562257409095764,/scicore/home/schwede/barta0000/germinal_ds/templates_originals/nb_s410453_mpnn_5_IL20/boltz_free/output/boltz_results_nb_s410453_mpnn_5_IL20/predictions/nb_s410453_mpnn_5_IL20/nb_s410453_mpnn_5_IL20_model_0.cif,0.7589486837387085
nb_s874243_mpnn_5_IL20,False,"A,B",8.392818450927734,0.6182342171669006,1.5615204572677612,0.6305177807807922,0.6278807520866394,0.6173328161239624,0.6173328161239624,/scicore/home/schwede/barta0000/germinal_ds/templates_originals/nb_s874243_mpnn_5_IL20/boltz_free/output/boltz_results_nb_s874243_mpnn_5_IL20/predictions/nb_s874243_mpnn_5_IL20/nb_s874243_mpnn_5_IL20_model_0.cif,0.6458633542060852
nb_s33838_mpnn_3_IL20,False,"A,B",4.785411834716797,0.6202604174613953,1.030651569366455,0.6757386326789856,0.6319254636764526,0.4566726088523865,0.4566726088523865,/scicore/home/schwede/barta0000/germinal_ds/templates_originals/nb_s33838_mpnn_3_IL20/boltz_free/output/boltz_results_nb_s33838_mpnn_3_IL20/predictions/nb_s33838_mpnn_3_IL20/nb_s33838_mpnn_3_IL20_model_0.cif,0.6822248101234436
nb_s390940_mpnn_4_IL20,False,"A,B",5.916974067687988,0.5571790337562561,0.9934190511703491,0.6046448945999146,0.5886535048484802,0.5246878266334534,0.5246878266334534,/scicore/home/schwede/barta0000/germinal_ds/templates_originals/nb_s390940_mpnn_4_IL20/boltz_free/output/boltz_results_nb_s390940_mpnn_4_IL20/predictions/nb_s390940_mpnn_4_IL20/nb_s390940_mpnn_4_IL20_model_0.cif,0.7074349522590637
nb_s103722_mpnn_4_IL20,False,"A,B",8.534201622009277,0.5699573755264282,1.6077977418899536,0.6508414149284363,0.5626803636550903,0.17965827882289886,0.21003606915473938,/scicore/home/schwede/barta0000/germinal_ds/templates_originals/nb_s103722_mpnn_4_IL20/boltz_free/output/boltz_results_nb_s103722_mpnn_4_IL20/predictions/nb_s103722_mpnn_4_IL20/nb_s103722_mpnn_4_IL20_model_0.cif,0.5317741632461548
nb_s64546_mpnn_1_IL20,False,"A,B",3.430288791656494,0.617906391620636,0.7234387993812561,0.6775562763214111,0.666099488735199,0.612313449382782,0.6202723383903503,/scicore/home/schwede/barta0000/germinal_ds/templates_originals/nb_s64546_mpnn_1_IL20/boltz_free/output/boltz_results_nb_s64546_mpnn_1_IL20/predictions/nb_s64546_mpnn_1_IL20/nb_s64546_mpnn_1_IL20_model_0.cif,0.7815274000167847
nb_s607831_mpnn_5_IL20,False,"A,B",7.5227861404418945,0.5580884218215942,0.8780232071876526,0.655732274055481,0.5735989809036255,0.180961012840271,0.2450656145811081,/scicore/home/schwede/barta0000/germinal_ds/templates_originals/nb_s607831_mpnn_5_IL20/boltz_free/output/boltz_results_nb_s607831_mpnn_5_IL20/predictions/nb_s607831_mpnn_5_IL20/nb_s607831_mpnn_5_IL20_model_0.cif,0.5558959245681763
nb_s607831_mpnn_3_IL20,False,"A,B",8.08537769317627,0.550207257270813,1.2276769876480103,0.6471039652824402,0.5616155862808228,0.15625323355197906,0.21966199576854706,/scicore/home/schwede/barta0000/germinal_ds/templates_originals/nb_s607831_mpnn_3_IL20/boltz_free/output/boltz_results_nb_s607831_mpnn_3_IL20/predictions/nb_s607831_mpnn_3_IL20/nb_s607831_mpnn_3_IL20_model_0.cif,0.5412043929100037
nb_s785824_mpnn_3_IL20,False,"A,B",3.2677810192108154,0.5442513823509216,0.71478670835495,0.592272937297821,0.6161638498306274,0.7117273807525635,0.7117273807525635,/scicore/home/schwede/barta0000/germinal_ds/templates_originals/nb_s785824_mpnn_3_IL20/boltz_free/output/boltz_results_nb_s785824_mpnn_3_IL20/predictions/nb_s785824_mpnn_3_IL20/nb_s785824_mpnn_3_IL20_model_0.cif,0.8119998574256897
nb_s648756_mpnn_3_BHRF,False,"A,B",3.7522599697113037,0.7841521501541138,0.535419225692749,0.8701965808868408,0.8277155160903931,0.6577910780906677,0.6577910780906677,/scicore/home/schwede/barta0000/germinal_ds/templates_originals/nb_s648756_mpnn_3_BHRF/boltz_free/output/boltz_results_nb_s648756_mpnn_3_BHRF/predictions/nb_s648756_mpnn_3_BHRF/nb_s648756_mpnn_3_BHRF_model_0.cif,0.8205512762069702
nb_s296830_mpnn_3_IL20,False,"A,B",2.9841036796569824,0.6978064179420471,0.5537412166595459,0.71773362159729,0.7293679118156433,0.7759050130844116,0.7759050130844116,/scicore/home/schwede/barta0000/germinal_ds/templates_originals/nb_s296830_mpnn_3_IL20/boltz_free/output/boltz_results_nb_s296830_mpnn_3_IL20/predictions/nb_s296830_mpnn_3_IL20/nb_s296830_mpnn_3_IL20_model_0.cif,0.837269127368927
nb_s874243_mpnn_2_IL20,False,"A,B",2.3355326652526855,0.5679806470870972,0.45675453543663025,0.6277856826782227,0.665693461894989,0.817324697971344,0.817324697971344,/scicore/home/schwede/barta0000/germinal_ds/templates_originals/nb_s874243_mpnn_2_IL20/boltz_free/output/boltz_results_nb_s874243_mpnn_2_IL20/predictions/nb_s874243_mpnn_2_IL20/nb_s874243_mpnn_2_IL20_model_0.cif,0.8594996333122253
nb_s807321_mpnn_2_BHRF,False,"A,B",1.2842997312545776,0.8772714138031006,0.3731754422187805,0.9287248253822327,0.9033352136611938,0.7910659909248352,0.8017768263816833,/scicore/home/schwede/barta0000/germinal_ds/templates_originals/nb_s807321_mpnn_2_BHRF/boltz_free/output/boltz_results_nb_s807321_mpnn_2_BHRF/predictions/nb_s807321_mpnn_2_BHRF/nb_s807321_mpnn_2_BHRF_model_0.cif,0.8864377737045288
nb_s814263_mpnn_3_BHRF,False,"A,B",3.4864490032196045,0.7728151679039001,0.5390640497207642,0.8798128962516785,0.8344560861587524,0.6530287861824036,0.6530287861824036,/scicore/home/schwede/barta0000/germinal_ds/templates_originals/nb_s814263_mpnn_3_BHRF/boltz_free/output/boltz_results_nb_s814263_mpnn_3_BHRF/predictions/nb_s814263_mpnn_3_BHRF/nb_s814263_mpnn_3_BHRF_model_0.cif,0.8184557557106018
nb_s410453_mpnn_2_IL20,False,"A,B",2.2839221954345703,0.5850166082382202,0.5523878335952759,0.6683996915817261,0.6737626791000366,0.695214569568634,0.695214569568634,/scicore/home/schwede/barta0000/germinal_ds/templates_originals/nb_s410453_mpnn_2_IL20/boltz_free/output/boltz_results_nb_s410453_mpnn_2_IL20/predictions/nb_s410453_mpnn_2_IL20/nb_s410453_mpnn_2_IL20_model_0.cif,0.8113920092582703
nb_s80385_mpnn_2_IL20,False,"A,B",8.1570463180542,0.6046041250228882,1.117539644241333,0.6645063757896423,0.5975909233093262,0.3020975589752197,0.32992905378341675,/scicore/home/schwede/barta0000/germinal_ds/templates_originals/nb_s80385_mpnn_2_IL20/boltz_free/output/boltz_results_nb_s80385_mpnn_2_IL20/predictions/nb_s80385_mpnn_2_IL20/nb_s80385_mpnn_2_IL20_model_0.cif,0.6062236428260803
nb_s814263_mpnn_4_BHRF,False,"A,B",3.797649383544922,0.7403185367584229,0.589290201663971,0.8563601970672607,0.8091012239456177,0.6200652122497559,0.6200652122497559,/scicore/home/schwede/barta0000/germinal_ds/templates_originals/nb_s814263_mpnn_4_BHRF/boltz_free/output/boltz_results_nb_s814263_mpnn_4_BHRF/predictions/nb_s814263_mpnn_4_BHRF/nb_s814263_mpnn_4_BHRF_model_0.cif,0.7976842522621155
nb_s771809_mpnn_3_IL20,False,"A,B",5.640147686004639,0.5802323818206787,1.0061283111572266,0.6432288289070129,0.6054406762123108,0.4174879789352417,0.45428794622421265,/scicore/home/schwede/barta0000/germinal_ds/templates_originals/nb_s771809_mpnn_3_IL20/boltz_free/output/boltz_results_nb_s771809_mpnn_3_IL20/predictions/nb_s771809_mpnn_3_IL20/nb_s771809_mpnn_3_IL20_model_0.cif,0.6924066543579102
nb_s558025_mpnn_4_BHRF,False,"A,B",4.511794090270996,0.75974440574646,0.5952378511428833,0.8652794361114502,0.805448055267334,0.5559336543083191,0.5661225914955139,/scicore/home/schwede/barta0000/germinal_ds/templates_originals/nb_s558025_mpnn_4_BHRF/boltz_free/output/boltz_results_nb_s558025_mpnn_4_BHRF/predictions/nb_s558025_mpnn_4_BHRF/nb_s558025_mpnn_4_BHRF_model_0.cif,0.7715745568275452
nb_s204617_mpnn_1_BHRF,False,"A,B",5.318530082702637,0.7434093356132507,0.5517680644989014,0.8382205963134766,0.7796754837036133,0.5351553559303284,0.5454950332641602,/scicore/home/schwede/barta0000/germinal_ds/templates_originals/nb_s204617_mpnn_1_BHRF/boltz_free/output/boltz_results_nb_s204617_mpnn_1_BHRF/predictions/nb_s204617_mpnn_1_BHRF/nb_s204617_mpnn_1_BHRF_model_0.cif,0.7650402784347534
nb_s169413_mpnn_5_IL20,False,"A,B",6.229357719421387,0.6298803687095642,0.9250277876853943,0.6493600606918335,0.6116031408309937,0.4605753421783447,0.4605753421783447,/scicore/home/schwede/barta0000/germinal_ds/templates_originals/nb_s169413_mpnn_5_IL20/boltz_free/output/boltz_results_nb_s169413_mpnn_5_IL20/predictions/nb_s169413_mpnn_5_IL20/nb_s169413_mpnn_5_IL20_model_0.cif,0.682133138179779
nb_s563170_mpnn_3_IL20,False,"A,B",4.604661464691162,0.5505158305168152,0.975894033908844,0.6405144929885864,0.6260572671890259,0.5682281851768494,0.5682281851768494,/scicore/home/schwede/barta0000/germinal_ds/templates_originals/nb_s563170_mpnn_3_IL20/boltz_free/output/boltz_results_nb_s563170_mpnn_3_IL20/predictions/nb_s563170_mpnn_3_IL20/nb_s563170_mpnn_3_IL20_model_0.cif,0.7507123947143555
nb_s689267_mpnn_1_IL20,False,"A,B",4.920393943786621,0.6496197581291199,1.2712832689285278,0.6875330805778503,0.6649551391601562,0.5746434330940247,0.5746434330940247,/scicore/home/schwede/barta0000/germinal_ds/templates_originals/nb_s689267_mpnn_1_IL20/boltz_free/output/boltz_results_nb_s689267_mpnn_1_IL20/predictions/nb_s689267_mpnn_1_IL20/nb_s689267_mpnn_1_IL20_model_0.cif,0.6850359439849854
nb_s33838_mpnn_1_IL20,False,"A,B",3.5492658615112305,0.6348388195037842,1.0530153512954712,0.6667470932006836,0.6576381325721741,0.621202290058136,0.621202290058136,/scicore/home/schwede/barta0000/germinal_ds/templates_originals/nb_s33838_mpnn_1_IL20/boltz_free/output/boltz_results_nb_s33838_mpnn_1_IL20/predictions/nb_s33838_mpnn_1_IL20/nb_s33838_mpnn_1_IL20_model_0.cif,0.7277745008468628
nb_s530943_mpnn_3_IL20,False,"A,B",4.9495134353637695,0.6988425850868225,0.9657156467437744,0.6774311661720276,0.684503436088562,0.7127923369407654,0.7127923369407654,/scicore/home/schwede/barta0000/germinal_ds/templates_originals/nb_s530943_mpnn_3_IL20/boltz_free/output/boltz_results_nb_s530943_mpnn_3_IL20/predictions/nb_s530943_mpnn_3_IL20/nb_s530943_mpnn_3_IL20_model_0.cif,0.7502315640449524
nb_s913468_mpnn_5_IL20,False,"A,B",5.817389965057373,0.5940483808517456,1.2013037204742432,0.6510117650032043,0.6175682544708252,0.483794242143631,0.483794242143631,/scicore/home/schwede/barta0000/germinal_ds/templates_originals/nb_s913468_mpnn_5_IL20/boltz_free/output/boltz_results_nb_s913468_mpnn_5_IL20/predictions/nb_s913468_mpnn_5_IL20/nb_s913468_mpnn_5_IL20_model_0.cif,0.6556240916252136
nb_s403539_mpnn_3_IL20,False,"A,B",6.181681156158447,0.58010333776474,1.3943506479263306,0.6563870310783386,0.5963274836540222,0.35608944296836853,0.35608944296836853,/scicore/home/schwede/barta0000/germinal_ds/templates_originals/nb_s403539_mpnn_3_IL20/boltz_free/output/boltz_results_nb_s403539_mpnn_3_IL20/predictions/nb_s403539_mpnn_3_IL20/nb_s403539_mpnn_3_IL20_model_0.cif,0.6063761115074158
nb_s473012_mpnn_5_IL20,False,"A,B",3.501835823059082,0.61118084192276,0.7468137741088867,0.6750741004943848,0.6700541973114014,0.6477448344230652,0.649974524974823,/scicore/home/schwede/barta0000/germinal_ds/templates_originals/nb_s473012_mpnn_5_IL20/boltz_free/output/boltz_results_nb_s473012_mpnn_5_IL20/predictions/nb_s473012_mpnn_5_IL20/nb_s473012_mpnn_5_IL20_model_0.cif,0.7926074266433716
nb_s913468_mpnn_2_IL20,False,"A,B",4.536798477172852,0.6121982932090759,0.9801537990570068,0.6680561900138855,0.6497961282730103,0.576755702495575,0.576755702495575,/scicore/home/schwede/barta0000/germinal_ds/templates_originals/nb_s913468_mpnn_2_IL20/boltz_free/output/boltz_results_nb_s913468_mpnn_2_IL20/predictions/nb_s913468_mpnn_2_IL20/nb_s913468_mpnn_2_IL20_model_0.cif,0.7254874110221863
nb_s830050_mpnn_2_BHRF,False,"A,B",0.7424735426902771,0.919200599193573,0.33599504828453064,0.9351086020469666,0.9323463439941406,0.8587870001792908,0.9212972521781921,/scicore/home/schwede/barta0000/germinal_ds/templates_originals/nb_s830050_mpnn_2_BHRF/boltz_free/output/boltz_results_nb_s830050_mpnn_2_BHRF/predictions/nb_s830050_mpnn_2_BHRF/nb_s830050_mpnn_2_BHRF_model_0.cif,0.9224764704704285
nb_s453654_mpnn_2_BHRF,False,"A,B",2.2608673572540283,0.8077467679977417,0.428661048412323,0.8777449131011963,0.8501117825508118,0.7395792603492737,0.7395792603492737,/scicore/home/schwede/barta0000/germinal_ds/templates_originals/nb_s453654_mpnn_2_BHRF/boltz_free/output/boltz_results_nb_s453654_mpnn_2_BHRF/predictions/nb_s453654_mpnn_2_BHRF/nb_s453654_mpnn_2_BHRF_model_0.cif,0.8434638977050781
nb_s201653_mpnn_1_IL20,False,"A,B",2.79611873626709,0.6223084330558777,0.6570478677749634,0.6740074157714844,0.6764597296714783,0.6862689852714539,0.6862689852714539,/scicore/home/schwede/barta0000/germinal_ds/templates_originals/nb_s201653_mpnn_1_IL20/boltz_free/output/boltz_results_nb_s201653_mpnn_1_IL20/predictions/nb_s201653_mpnn_1_IL20/nb_s201653_mpnn_1_IL20_model_0.cif,0.807415246963501
nb_s417721_mpnn_3_BHRF,False,"A,B",1.0549482107162476,0.8853021264076233,0.38362589478492737,0.9261094331741333,0.9171016812324524,0.8810708522796631,0.8810708522796631,/scicore/home/schwede/barta0000/germinal_ds/templates_originals/nb_s417721_mpnn_3_BHRF/boltz_free/output/boltz_results_nb_s417721_mpnn_3_BHRF/predictions/nb_s417721_mpnn_3_BHRF/nb_s417721_mpnn_3_BHRF_model_0.cif,0.9284104108810425
nb_s717713_mpnn_2_IL20,False,"A,B",7.454980373382568,0.6489342451095581,1.4268646240234375,0.6674216389656067,0.6132418513298035,0.39652252197265625,0.39652252197265625,/scicore/home/schwede/barta0000/germinal_ds/templates_originals/nb_s717713_mpnn_2_IL20/boltz_free/output/boltz_results_nb_s717713_mpnn_2_IL20/predictions/nb_s717713_mpnn_2_IL20/nb_s717713_mpnn_2_IL20_model_0.cif,0.6149957776069641
nb_s390940_mpnn_2_IL20,False,"A,B",4.951395034790039,0.5505169630050659,1.032533884048462,0.613648533821106,0.6009460687637329,0.5328698754310608,0.5501359701156616,/scicore/home/schwede/barta0000/germinal_ds/templates_originals/nb_s390940_mpnn_2_IL20/boltz_free/output/boltz_results_nb_s390940_mpnn_2_IL20/predictions/nb_s390940_mpnn_2_IL20/nb_s390940_mpnn_2_IL20_model_0.cif,0.7254711389541626
nb_s752383_mpnn_3_IL20,False,"A,B",4.898848056793213,0.5927015542984009,0.7946138381958008,0.6501241326332092,0.6393062472343445,0.5887846350669861,0.596034824848175,/scicore/home/schwede/barta0000/germinal_ds/templates_originals/nb_s752383_mpnn_3_IL20/boltz_free/output/boltz_results_nb_s752383_mpnn_3_IL20/predictions/nb_s752383_mpnn_3_IL20/nb_s752383_mpnn_3_IL20_model_0.cif,0.7581914663314819
nb_s109706_mpnn_2_BHRF,False,"A,B",0.9702193140983582,0.917271614074707,0.34676289558410645,0.9466679692268372,0.9318389296531677,0.8725225329399109,0.8725225329399109,/scicore/home/schwede/barta0000/germinal_ds/templates_originals/nb_s109706_mpnn_2_BHRF/boltz_free/output/boltz_results_nb_s109706_mpnn_2_BHRF/predictions/nb_s109706_mpnn_2_BHRF/nb_s109706_mpnn_2_BHRF_model_0.cif,0.9263442158699036
nb_s921313_mpnn_2_IL20,False,"A,B",8.15221881866455,0.6183095574378967,0.8887715339660645,0.6747567057609558,0.581527054309845,0.19318294525146484,0.20860835909843445,/scicore/home/schwede/barta0000/germinal_ds/templates_originals/nb_s921313_mpnn_2_IL20/boltz_free/output/boltz_results_nb_s921313_mpnn_2_IL20/predictions/nb_s921313_mpnn_2_IL20/nb_s921313_mpnn_2_IL20_model_0.cif,0.5651366710662842
nb_s373735_mpnn_2_BHRF,False,"A,B",1.1335127353668213,0.8071640133857727,0.3583812713623047,0.8765499591827393,0.878624439239502,0.8869224786758423,0.8869224786758423,/scicore/home/schwede/barta0000/germinal_ds/templates_originals/nb_s373735_mpnn_2_BHRF/boltz_free/output/boltz_results_nb_s373735_mpnn_2_BHRF/predictions/nb_s373735_mpnn_2_BHRF/nb_s373735_mpnn_2_BHRF_model_0.cif,0.9298896789550781
nb_s830050_mpnn_4_BHRF,False,"A,B",0.5920889377593994,0.9384132027626038,0.3225646913051605,0.948436975479126,0.9457151293754578,0.8842595815658569,0.9348277449607849,/scicore/home/schwede/barta0000/germinal_ds/templates_originals/nb_s830050_mpnn_4_BHRF/boltz_free/output/boltz_results_nb_s830050_mpnn_4_BHRF/predictions/nb_s830050_mpnn_4_BHRF/nb_s830050_mpnn_4_BHRF_model_0.cif,0.9347975254058838
nb_s453654_mpnn_1_BHRF,False,"A,B",3.8937551975250244,0.7881962656974792,0.5240991711616516,0.8756511211395264,0.8059101104736328,0.5269460082054138,0.5269460082054138,/scicore/home/schwede/barta0000/germinal_ds/templates_originals/nb_s453654_mpnn_1_BHRF/boltz_free/output/boltz_results_nb_s453654_mpnn_1_BHRF/predictions/nb_s453654_mpnn_1_BHRF/nb_s453654_mpnn_1_BHRF_model_0.cif,0.7600843906402588
nb_s299383_mpnn_3_BHRF,False,"A,B",4.152130126953125,0.824314296245575,0.49470049142837524,0.8888888955116272,0.8269092440605164,0.5789908766746521,0.5789908766746521,/scicore/home/schwede/barta0000/germinal_ds/templates_originals/nb_s299383_mpnn_3_BHRF/boltz_free/output/boltz_results_nb_s299383_mpnn_3_BHRF/predictions/nb_s299383_mpnn_3_BHRF/nb_s299383_mpnn_3_BHRF_model_0.cif,0.7664703726768494
nb_s849285_mpnn_4_BHRF,False,"A,B",1.417048454284668,0.764774739742279,0.40203094482421875,0.8608931303024292,0.852677047252655,0.8198127746582031,0.8198127746582031,/scicore/home/schwede/barta0000/germinal_ds/templates_originals/nb_s849285_mpnn_4_BHRF/boltz_free/output/boltz_results_nb_s849285_mpnn_4_BHRF/predictions/nb_s849285_mpnn_4_BHRF/nb_s849285_mpnn_4_BHRF_model_0.cif,0.8984790444374084
nb_s785824_mpnn_2_IL20,False,"A,B",5.702970027923584,0.6188287734985352,0.9847619533538818,0.6520044803619385,0.6453080773353577,0.6185223460197449,0.6185223460197449,/scicore/home/schwede/barta0000/germinal_ds/templates_originals/nb_s785824_mpnn_2_IL20/boltz_free/output/boltz_results_nb_s785824_mpnn_2_IL20/predictions/nb_s785824_mpnn_2_IL20/nb_s785824_mpnn_2_IL20_model_0.cif,0.7073968648910522
nb_s713450_mpnn_2_IL20,False,"A,B",6.760549068450928,0.6224842071533203,1.0397366285324097,0.6668577194213867,0.630612313747406,0.48563045263290405,0.48563045263290405,/scicore/home/schwede/barta0000/germinal_ds/templates_originals/nb_s713450_mpnn_2_IL20/boltz_free/output/boltz_results_nb_s713450_mpnn_2_IL20/predictions/nb_s713450_mpnn_2_IL20/nb_s713450_mpnn_2_IL20_model_0.cif,0.6691496968269348
nb_s689267_mpnn_2_IL20,False,"A,B",5.686578750610352,0.6474040150642395,1.040372371673584,0.7011747360229492,0.6489169597625732,0.40341606736183167,0.4398859441280365,/scicore/home/schwede/barta0000/germinal_ds/templates_originals/nb_s689267_mpnn_2_IL20/boltz_free/output/boltz_results_nb_s689267_mpnn_2_IL20/predictions/nb_s689267_mpnn_2_IL20/nb_s689267_mpnn_2_IL20_model_0.cif,0.678234875202179
nb_s802159_mpnn_2_BHRF,False,"A,B",0.9469916224479675,0.9078565239906311,0.38887524604797363,0.9271408915519714,0.9224416017532349,0.7703332304954529,0.9036442637443542,/scicore/home/schwede/barta0000/germinal_ds/templates_originals/nb_s802159_mpnn_2_BHRF/boltz_free/output/boltz_results_nb_s802159_mpnn_2_BHRF/predictions/nb_s802159_mpnn_2_BHRF/nb_s802159_mpnn_2_BHRF_model_0.cif,0.8775569200515747
nb_s566504_mpnn_5_IL20,False,"A,B",7.728490352630615,0.6013058423995972,1.3243564367294312,0.6567895412445068,0.5864436030387878,0.30505967140197754,0.30505967140197754,/scicore/home/schwede/barta0000/germinal_ds/templates_originals/nb_s566504_mpnn_5_IL20/boltz_free/output/boltz_results_nb_s566504_mpnn_5_IL20/predictions/nb_s566504_mpnn_5_IL20/nb_s566504_mpnn_5_IL20_model_0.cif,0.5978715419769287
nb_s877334_mpnn_2_BHRF,False,"A,B",0.9457405805587769,0.9043832421302795,0.36977967619895935,0.936677098274231,0.9221616983413696,0.8641002178192139,0.8641002178192139,/scicore/home/schwede/barta0000/germinal_ds/templates_originals/nb_s877334_mpnn_2_BHRF/boltz_free/output/boltz_results_nb_s877334_mpnn_2_BHRF/predictions/nb_s877334_mpnn_2_BHRF/nb_s877334_mpnn_2_BHRF_model_0.cif,0.9214125871658325
nb_s558025_mpnn_1_BHRF,False,"A,B",4.244576454162598,0.7649608254432678,0.5514327883720398,0.8631182909011841,0.8112691044807434,0.6038723587989807,0.6038723587989807,/scicore/home/schwede/barta0000/germinal_ds/templates_originals/nb_s558025_mpnn_1_BHRF/boltz_free/output/boltz_results_nb_s558025_mpnn_1_BHRF/predictions/nb_s558025_mpnn_1_BHRF/nb_s558025_mpnn_1_BHRF_model_0.cif,0.7976289391517639
nb_s983700_mpnn_2_BHRF,False,"A,B",1.6838139295578003,0.8803979158401489,0.4358646869659424,0.9261561632156372,0.9030563235282898,0.7325906753540039,0.8106568455696106,/scicore/home/schwede/barta0000/germinal_ds/templates_originals/nb_s983700_mpnn_2_BHRF/boltz_free/output/boltz_results_nb_s983700_mpnn_2_BHRF/predictions/nb_s983700_mpnn_2_BHRF/nb_s983700_mpnn_2_BHRF_model_0.cif,0.8613777756690979
nb_s606821_mpnn_1_BHRF,False,"A,B",4.2697553634643555,0.7310509085655212,0.5492266416549683,0.8448053002357483,0.7961626052856445,0.6015918850898743,0.6015918850898743,/scicore/home/schwede/barta0000/germinal_ds/templates_originals/nb_s606821_mpnn_1_BHRF/boltz_free/output/boltz_results_nb_s606821_mpnn_1_BHRF/predictions/nb_s606821_mpnn_1_BHRF/nb_s606821_mpnn_1_BHRF_model_0.cif,0.788274884223938
nb_s648756_mpnn_1_BHRF,False,"A,B",5.285175323486328,0.7690645456314087,0.6279638409614563,0.8748905658721924,0.7978888154029846,0.4898816645145416,0.4898816645145416,/scicore/home/schwede/barta0000/germinal_ds/templates_originals/nb_s648756_mpnn_1_BHRF/boltz_free/output/boltz_results_nb_s648756_mpnn_1_BHRF/predictions/nb_s648756_mpnn_1_BHRF/nb_s648756_mpnn_1_BHRF_model_0.cif,0.7414810657501221
nb_s776407_mpnn_2_BHRF,False,"A,B",1.0067684650421143,0.8674757480621338,0.36673933267593384,0.9036839604377747,0.8911592364311218,0.8290174007415771,0.8410603404045105,/scicore/home/schwede/barta0000/germinal_ds/templates_originals/nb_s776407_mpnn_2_BHRF/boltz_free/output/boltz_results_nb_s776407_mpnn_2_BHRF/predictions/nb_s776407_mpnn_2_BHRF/nb_s776407_mpnn_2_BHRF_model_0.cif,0.9049316048622131
nb_s717713_mpnn_4_IL20,False,"A,B",8.888344764709473,0.5975782871246338,0.9941564798355103,0.6411590576171875,0.5641283392906189,0.2016368806362152,0.2560051679611206,/scicore/home/schwede/barta0000/germinal_ds/templates_originals/nb_s717713_mpnn_4_IL20/boltz_free/output/boltz_results_nb_s717713_mpnn_4_IL20/predictions/nb_s717713_mpnn_4_IL20/nb_s717713_mpnn_4_IL20_model_0.cif,0.5753927230834961
nb_s713450_mpnn_1_IL20,False,"A,B",8.00870132446289,0.5371848940849304,1.1930209398269653,0.5995442867279053,0.5402972102165222,0.26814284920692444,0.3033088743686676,/scicore/home/schwede/barta0000/germinal_ds/templates_originals/nb_s713450_mpnn_1_IL20/boltz_free/output/boltz_results_nb_s713450_mpnn_1_IL20/predictions/nb_s713450_mpnn_1_IL20/nb_s713450_mpnn_1_IL20_model_0.cif,0.6019178628921509
nb_s206651_mpnn_1_BHRF,False,"A,B",1.006664514541626,0.7787051796913147,0.3441982567310333,0.8668211102485657,0.8717174530029297,0.8822757005691528,0.8913030624389648,/scicore/home/schwede/barta0000/germinal_ds/templates_originals/nb_s206651_mpnn_1_BHRF/boltz_free/output/boltz_results_nb_s206651_mpnn_1_BHRF/predictions/nb_s206651_mpnn_1_BHRF/nb_s206651_mpnn_1_BHRF_model_0.cif,0.9332243800163269
nb_s148672_mpnn_1_IL20,False,"A,B",6.843672752380371,0.5818436145782471,1.0053738355636597,0.6459770202636719,0.5968852043151855,0.4005180597305298,0.4005180597305298,/scicore/home/schwede/barta0000/germinal_ds/templates_originals/nb_s148672_mpnn_1_IL20/boltz_free/output/boltz_results_nb_s148672_mpnn_1_IL20/predictions/nb_s148672_mpnn_1_IL20/nb_s148672_mpnn_1_IL20_model_0.cif,0.6543679237365723
nb_s651199_mpnn_2_BHRF,False,"A,B",2.346121072769165,0.7791290283203125,0.4801786541938782,0.8573412895202637,0.8254950642585754,0.6981102824211121,0.6981102824211121,/scicore/home/schwede/barta0000/germinal_ds/templates_originals/nb_s651199_mpnn_2_BHRF/boltz_free/output/boltz_results_nb_s651199_mpnn_2_BHRF/predictions/nb_s651199_mpnn_2_BHRF/nb_s651199_mpnn_2_BHRF_model_0.cif,0.8358653783798218
nb_s663598_mpnn_2_BHRF,False,"A,B",0.667903482913971,0.9249817728996277,0.3394620418548584,0.9347783327102661,0.9355289340019226,0.8987824320793152,0.938531219959259,/scicore/home/schwede/barta0000/germinal_ds/templates_originals/nb_s663598_mpnn_2_BHRF/boltz_free/output/boltz_results_nb_s663598_mpnn_2_BHRF/predictions/nb_s663598_mpnn_2_BHRF/nb_s663598_mpnn_2_BHRF_model_0.cif,0.9389421939849854
nb_s442197_mpnn_3_BHRF,False,"A,B",2.9133553504943848,0.8210235238075256,0.46733686327934265,0.8944056034088135,0.8539873361587524,0.6923142075538635,0.6923142075538635,/scicore/home/schwede/barta0000/germinal_ds/templates_originals/nb_s442197_mpnn_3_BHRF/boltz_free/output/boltz_results_nb_s442197_mpnn_3_BHRF/predictions/nb_s442197_mpnn_3_BHRF/nb_s442197_mpnn_3_BHRF_model_0.cif,0.8371970653533936
nb_s327664_mpnn_4_BHRF,False,"A,B",0.7891236543655396,0.8999320268630981,0.3627394437789917,0.9279749393463135,0.9244275093078613,0.9102377891540527,0.9102377891540527,/scicore/home/schwede/barta0000/germinal_ds/templates_originals/nb_s327664_mpnn_4_BHRF/boltz_free/output/boltz_results_nb_s327664_mpnn_4_BHRF/predictions/nb_s327664_mpnn_4_BHRF/nb_s327664_mpnn_4_BHRF_model_0.cif,0.9335821866989136
nb_s105306_mpnn_2_BHRF,False,"A,B",3.876042366027832,0.782664954662323,0.5438988208770752,0.8816120624542236,0.8218110203742981,0.5770953893661499,0.5826066732406616,/scicore/home/schwede/barta0000/germinal_ds/templates_originals/nb_s105306_mpnn_2_BHRF/boltz_free/output/boltz_results_nb_s105306_mpnn_2_BHRF/predictions/nb_s105306_mpnn_2_BHRF/nb_s105306_mpnn_2_BHRF_model_0.cif,0.7867968678474426
nb_s752383_mpnn_5_IL20,False,"A,B",4.800505638122559,0.567211925983429,0.9459197521209717,0.627637505531311,0.6374889612197876,0.6768946647644043,0.6768946647644043,/scicore/home/schwede/barta0000/germinal_ds/templates_originals/nb_s752383_mpnn_5_IL20/boltz_free/output/boltz_results_nb_s752383_mpnn_5_IL20/predictions/nb_s752383_mpnn_5_IL20/nb_s752383_mpnn_5_IL20_model_0.cif,0.7875173091888428
nb_s877334_mpnn_1_BHRF,False,"A,B",3.870295763015747,0.8486335873603821,0.512151837348938,0.8749963045120239,0.8327097296714783,0.6432231068611145,0.6635630130767822,/scicore/home/schwede/barta0000/germinal_ds/templates_originals/nb_s877334_mpnn_1_BHRF/boltz_free/output/boltz_results_nb_s877334_mpnn_1_BHRF/predictions/nb_s877334_mpnn_1_BHRF/nb_s877334_mpnn_1_BHRF_model_0.cif,0.8124758005142212
nb_s293208_mpnn_4_BHRF,False,"A,B",0.6938650012016296,0.9445319771766663,0.34003472328186035,0.954117476940155,0.9429116249084473,0.877159595489502,0.8980883955955505,/scicore/home/schwede/barta0000/germinal_ds/templates_originals/nb_s293208_mpnn_4_BHRF/boltz_free/output/boltz_results_nb_s293208_mpnn_4_BHRF/predictions/nb_s293208_mpnn_4_BHRF/nb_s293208_mpnn_4_BHRF_model_0.cif,0.9294109344482422
nb_s55152_mpnn_1_BHRF,False,"A,B",1.3422539234161377,0.8183826208114624,0.40204811096191406,0.8785772323608398,0.8670721054077148,0.8210514187812805,0.8210514187812805,/scicore/home/schwede/barta0000/germinal_ds/templates_originals/nb_s55152_mpnn_1_BHRF/boltz_free/output/boltz_results_nb_s55152_mpnn_1_BHRF/predictions/nb_s55152_mpnn_1_BHRF/nb_s55152_mpnn_1_BHRF_model_0.cif,0.8970463275909424
nb_s80543_mpnn_1_BHRF,False,"A,B",1.3962708711624146,0.8445541262626648,0.38358455896377563,0.9051210880279541,0.8776167035102844,0.645605206489563,0.7675991058349609,/scicore/home/schwede/barta0000/germinal_ds/templates_originals/nb_s80543_mpnn_1_BHRF/boltz_free/output/boltz_results_nb_s80543_mpnn_1_BHRF/predictions/nb_s80543_mpnn_1_BHRF/nb_s80543_mpnn_1_BHRF_model_0.cif,0.8170140981674194
nb_s353537_mpnn_1_BHRF,False,"A,B",4.806699752807617,0.8793696761131287,0.6380239725112915,0.9151068925857544,0.8351907134056091,0.5146820545196533,0.5155256986618042,/scicore/home/schwede/barta0000/germinal_ds/templates_originals/nb_s353537_mpnn_1_BHRF/boltz_free/output/boltz_results_nb_s353537_mpnn_1_BHRF/predictions/nb_s353537_mpnn_1_BHRF/nb_s353537_mpnn_1_BHRF_model_0.cif,0.7407498955726624
nb_s566504_mpnn_1_IL20,False,"A,B",5.968898296356201,0.6734612584114075,0.8133634328842163,0.7126198410987854,0.6641597747802734,0.4291648268699646,0.47031959891319275,/scicore/home/schwede/barta0000/germinal_ds/templates_originals/nb_s566504_mpnn_1_IL20/boltz_free/output/boltz_results_nb_s566504_mpnn_1_IL20/predictions/nb_s566504_mpnn_1_IL20/nb_s566504_mpnn_1_IL20_model_0.cif,0.6843746304512024
nb_s64546_mpnn_3_IL20,False,"A,B",3.0148491859436035,0.6438876986503601,0.5687968730926514,0.689938485622406,0.6632716059684753,0.5174432992935181,0.5566039085388184,/scicore/home/schwede/barta0000/germinal_ds/templates_originals/nb_s64546_mpnn_3_IL20/boltz_free/output/boltz_results_nb_s64546_mpnn_3_IL20/predictions/nb_s64546_mpnn_3_IL20/nb_s64546_mpnn_3_IL20_model_0.cif,0.713074266910553
nb_s506400_mpnn_4_BHRF,False,"A,B",4.112649440765381,0.7662616968154907,0.5438143014907837,0.87447589635849,0.8254085779190063,0.6291391253471375,0.6291391253471375,/scicore/home/schwede/barta0000/germinal_ds/templates_originals/nb_s506400_mpnn_4_BHRF/boltz_free/output/boltz_results_nb_s506400_mpnn_4_BHRF/predictions/nb_s506400_mpnn_4_BHRF/nb_s506400_mpnn_4_BHRF_model_0.cif,0.7957773208618164
nb_s2975_mpnn_1_IL20,False,"A,B",6.771071434020996,0.6367717385292053,1.1237385272979736,0.683439314365387,0.6480787992477417,0.5066365599632263,0.5066365599632263,/scicore/home/schwede/barta0000/germinal_ds/templates_originals/nb_s2975_mpnn_1_IL20/boltz_free/output/boltz_results_nb_s2975_mpnn_1_IL20/predictions/nb_s2975_mpnn_1_IL20/nb_s2975_mpnn_1_IL20_model_0.cif,0.6859366297721863
nb_s105306_mpnn_3_BHRF,False,"A,B",1.3557685613632202,0.8829078078269958,0.3841698169708252,0.9222740530967712,0.9082583785057068,0.8521953821182251,0.8521953821182251,/scicore/home/schwede/barta0000/germinal_ds/templates_originals/nb_s105306_mpnn_3_BHRF/boltz_free/output/boltz_results_nb_s105306_mpnn_3_BHRF/predictions/nb_s105306_mpnn_3_BHRF/nb_s105306_mpnn_3_BHRF_model_0.cif,0.9154059290885925
nb_s434952_mpnn_1_IL20,False,"A,B",5.6210103034973145,0.5707513093948364,1.0517911911010742,0.6462403535842896,0.6036974787712097,0.4068843126296997,0.43352583050727844,/scicore/home/schwede/barta0000/germinal_ds/templates_originals/nb_s434952_mpnn_1_IL20/boltz_free/output/boltz_results_nb_s434952_mpnn_1_IL20/predictions/nb_s434952_mpnn_1_IL20/nb_s434952_mpnn_1_IL20_model_0.cif,0.6747211813926697
nb_s664067_mpnn_1_BHRF,False,"A,B",1.0531549453735352,0.9154606461524963,0.38563984632492065,0.937856912612915,0.9242679476737976,0.8699121475219727,0.8699121475219727,/scicore/home/schwede/barta0000/germinal_ds/templates_originals/nb_s664067_mpnn_1_BHRF/boltz_free/output/boltz_results_nb_s664067_mpnn_1_BHRF/predictions/nb_s664067_mpnn_1_BHRF/nb_s664067_mpnn_1_BHRF_model_0.cif,0.9234375357627869
nb_s938027_mpnn_3_BHRF,False,"A,B",0.6314931511878967,0.9065404534339905,0.32561495900154114,0.9287945628166199,0.9264436960220337,0.8729922771453857,0.9170403480529785,/scicore/home/schwede/barta0000/germinal_ds/templates_originals/nb_s938027_mpnn_3_BHRF/boltz_free/output/boltz_results_nb_s938027_mpnn_3_BHRF/predictions/nb_s938027_mpnn_3_BHRF/nb_s938027_mpnn_3_BHRF_model_0.cif,0.9298676252365112
nb_s175477_mpnn_2_BHRF,False,"A,B",1.1843641996383667,0.8985374569892883,0.3969327211380005,0.9294471740722656,0.9105752110481262,0.8251534104347229,0.835087239742279,/scicore/home/schwede/barta0000/germinal_ds/templates_originals/nb_s175477_mpnn_2_BHRF/boltz_free/output/boltz_results_nb_s175477_mpnn_2_BHRF/predictions/nb_s175477_mpnn_2_BHRF/nb_s175477_mpnn_2_BHRF_model_0.cif,0.9016211032867432
nb_s949322_mpnn_2_BHRF,False,"A,B",2.0867366790771484,0.8238586783409119,0.41420266032218933,0.89362633228302,0.8706725239753723,0.7788572907447815,0.7788572907447815,/scicore/home/schwede/barta0000/germinal_ds/templates_originals/nb_s949322_mpnn_2_BHRF/boltz_free/output/boltz_results_nb_s949322_mpnn_2_BHRF/predictions/nb_s949322_mpnn_2_BHRF/nb_s949322_mpnn_2_BHRF_model_0.cif,0.883503258228302
nb_s544951_mpnn_3_BHRF,False,"A,B",6.23565149307251,0.7830678820610046,0.6540039777755737,0.8591394424438477,0.7698962092399597,0.3657188415527344,0.4129234254360199,/scicore/home/schwede/barta0000/germinal_ds/templates_originals/nb_s544951_mpnn_3_BHRF/boltz_free/output/boltz_results_nb_s544951_mpnn_3_BHRF/predictions/nb_s544951_mpnn_3_BHRF/nb_s544951_mpnn_3_BHRF_model_0.cif,0.6747475862503052
nb_s795450_mpnn_4_BHRF,False,"A,B",1.897823691368103,0.7797099351882935,0.4096987247467041,0.883345365524292,0.8701508641242981,0.8173729181289673,0.8173729181289673,/scicore/home/schwede/barta0000/germinal_ds/templates_originals/nb_s795450_mpnn_4_BHRF/boltz_free/output/boltz_results_nb_s795450_mpnn_4_BHRF/predictions/nb_s795450_mpnn_4_BHRF/nb_s795450_mpnn_4_BHRF_model_0.cif,0.8966233730316162
nb_s39537_mpnn_2_BHRF,False,"A,B",0.9921136498451233,0.9222424030303955,0.3748185634613037,0.9441468715667725,0.9286059737205505,0.8664422035217285,0.8664422035217285,/scicore/home/schwede/barta0000/germinal_ds/templates_originals/nb_s39537_mpnn_2_BHRF/boltz_free/output/boltz_results_nb_s39537_mpnn_2_BHRF/predictions/nb_s39537_mpnn_2_BHRF/nb_s39537_mpnn_2_BHRF_model_0.cif,0.921631395816803
nb_s664067_mpnn_3_BHRF,False,"A,B",0.9353420734405518,0.9278499484062195,0.36729666590690613,0.9455142617225647,0.9351763129234314,0.8938243389129639,0.8938243389129639,/scicore/home/schwede/barta0000/germinal_ds/templates_originals/nb_s664067_mpnn_3_BHRF/boltz_free/output/boltz_results_nb_s664067_mpnn_3_BHRF/predictions/nb_s664067_mpnn_3_BHRF/nb_s664067_mpnn_3_BHRF_model_0.cif,0.9348481297492981
nb_s983700_mpnn_1_BHRF,False,"A,B",1.519885778427124,0.897262454032898,0.4153517484664917,0.9324760437011719,0.9149081110954285,0.7401176691055298,0.8446366190910339,/scicore/home/schwede/barta0000/germinal_ds/templates_originals/nb_s983700_mpnn_1_BHRF/boltz_free/output/boltz_results_nb_s983700_mpnn_1_BHRF/predictions/nb_s983700_mpnn_1_BHRF/nb_s983700_mpnn_1_BHRF_model_0.cif,0.8654066920280457
nb_s276607_mpnn_4_BHRF,False,"A,B",2.620897054672241,0.7094610929489136,0.48494666814804077,0.8114752173423767,0.800449788570404,0.7563480138778687,0.7563480138778687,/scicore/home/schwede/barta0000/germinal_ds/templates_originals/nb_s276607_mpnn_4_BHRF/boltz_free/output/boltz_results_nb_s276607_mpnn_4_BHRF/predictions/nb_s276607_mpnn_4_BHRF/nb_s276607_mpnn_4_BHRF_model_0.cif,0.8541802167892456
nb_s648479_mpnn_1_IL20,False,"A,B",7.074767589569092,0.5524919033050537,0.850252091884613,0.6323428153991699,0.5889109969139099,0.33877190947532654,0.415183424949646,/scicore/home/schwede/barta0000/germinal_ds/templates_originals/nb_s648479_mpnn_1_IL20/boltz_free/output/boltz_results_nb_s648479_mpnn_1_IL20/predictions/nb_s648479_mpnn_1_IL20/nb_s648479_mpnn_1_IL20_model_0.cif,0.6256318688392639
nb_s596199_mpnn_3_BHRF,False,"A,B",1.7162401676177979,0.8108178377151489,0.39314839243888855,0.8986429572105408,0.8826045989990234,0.7519901990890503,0.8184511065483093,/scicore/home/schwede/barta0000/germinal_ds/templates_originals/nb_s596199_mpnn_3_BHRF/boltz_free/output/boltz_results_nb_s596199_mpnn_3_BHRF/predictions/nb_s596199_mpnn_3_BHRF/nb_s596199_mpnn_3_BHRF_model_0.cif,0.8705095052719116
nb_s972445_mpnn_2_BHRF,False,"A,B",0.8286086320877075,0.8870259523391724,0.3556819260120392,0.9222094416618347,0.9205013513565063,0.9112243056297302,0.9136690497398376,/scicore/home/schwede/barta0000/germinal_ds/templates_originals/nb_s972445_mpnn_2_BHRF/boltz_free/output/boltz_results_nb_s972445_mpnn_2_BHRF/predictions/nb_s972445_mpnn_2_BHRF/nb_s972445_mpnn_2_BHRF_model_0.cif,0.9444694519042969
nb_s949322_mpnn_4_BHRF,False,"A,B",4.5703911781311035,0.8076701164245605,0.6093266606330872,0.8900362849235535,0.821607768535614,0.5153876543045044,0.5478938817977905,/scicore/home/schwede/barta0000/germinal_ds/templates_originals/nb_s949322_mpnn_4_BHRF/boltz_free/output/boltz_results_nb_s949322_mpnn_4_BHRF/predictions/nb_s949322_mpnn_4_BHRF/nb_s949322_mpnn_4_BHRF_model_0.cif,0.7490491271018982
nb_s175477_mpnn_4_BHRF,False,"A,B",1.2200380563735962,0.7887786626815796,0.387940913438797,0.884748637676239,0.874392032623291,0.794253945350647,0.8329656720161438,/scicore/home/schwede/barta0000/germinal_ds/templates_originals/nb_s175477_mpnn_4_BHRF/boltz_free/output/boltz_results_nb_s175477_mpnn_4_BHRF/predictions/nb_s175477_mpnn_4_BHRF/nb_s175477_mpnn_4_BHRF_model_0.cif,0.8900741934776306
