sample,binding,interface,af3_pae,af3_plddt,af3_interface_dG,af3_interface_dG_SASA_ratio,af3_ipae,af3_iplddt,af3_ipsae,af3_iptm,af3_ptm,af3_pyros_binder_score,af3_rank,af3_ranking_score,af3_rank0_masif,cf_af3_rmsd,cf_pae,cf_plddt,cf_interface_dG,cf_interface_dG_SASA_ratio,cf_ipae,cf_iplddt,cf_ipsae,cf_iptm,cf_ptm,cf_pyros_binder_score,cf_rank,cf_rank0_masif,pred_ilddt,pred_lddt,esmfold_ipae,esmfold_iplddt,esmfold_plddt,esmfold_pae,esmfold_ptm,chai_unconstrained_score,chai_unconstrained_model_path,chai_constrained_score,chai_constrained_model_path,chai_unconstrained_aggregate_score,chai_unconstrained_ptm,chai_unconstrained_iptm,chai_unconstrained_per_chain_ptm,chai_unconstrained_per_chain_pair_iptm,chai_unconstrained_interface_iptm,chai_constrained_aggregate_score,chai_constrained_ptm,chai_constrained_iptm,chai_constrained_per_chain_ptm,chai_constrained_per_chain_pair_iptm,chai_constrained_interface_iptm,boltz_free_confidence_score,boltz_free_ptm,boltz_free_iptm,boltz_free_plddt,boltz_free_iplddt,boltz_free_pde,boltz_free_ipde,boltz_free_per_chain_pair_iptm,boltz_free_model_path,boltz_template_confidence_score,boltz_template_ptm,boltz_template_iptm,boltz_template_plddt,boltz_template_iplddt,boltz_template_pde,boltz_template_ipde,boltz_template_per_chain_pair_iptm,boltz_template_model_path,binder
Nb.AQ103_Adiponectin,False,"A,B",17.69236244867621,68.93603488372094,319.95,22.09,10.025,63.13042538881647,0.0,0.1,0.7749999999999999,105.2,0.0,0.5,0.9802,13.65,8.897615145743474,90.10468809073726,,,,,0.022369,0.77,0.82,,1.0,,0.028699873042218386,0.7982882493195709,,,78.57615,15.562827,0.70282996,0.7073066234588623,/scicore/home/schwede/barta0000/mcmahon_ds/adiponectin_trimers/Nb.AQ103_Adiponectin/chai_no_constraints/seed_1844/pred.model_idx_4.cif,0.4549288749694824,/scicore/home/schwede/barta0000/mcmahon_ds/adiponectin_trimers/Nb.AQ103_Adiponectin/chai_with_constraints/seed_1188/pred.model_idx_1.cif,0.7073066234588623,0.776714026927948,0.6899547576904297,"[[0.9031566977500916, 0.9316254258155823, 0.9319396018981934, 0.9319556951522827]]","[[[0.9031566977500916, 0.13743747770786285, 0.13019463419914246, 0.13598942756652832], [0.10823185741901398, 0.9316254258155823, 0.8461787700653076, 0.8216527700424194], [0.10468016564846039, 0.8229027986526489, 0.9319396018981934, 0.848127543926239], [0.10521071404218674, 0.8451903462409973, 0.8245593309402466, 0.9319556951522827]]]",0.13743747770786285,0.4549288749694824,0.7287830710411072,0.3864653408527374,"[[0.9149221777915955, 0.8821884393692017]]","[[[0.9149221777915955, 0.3864653408527374], [0.3731817305088043, 0.8821884393692017]]]",0.3864653408527374,0.5607181191444397,0.47977450489997864,0.3672190308570862,0.6090928912162781,0.5450416803359985,2.1588003635406494,7.4341840744018555,0.1779816448688507,/scicore/home/schwede/barta0000/mcmahon_ds/adiponectin_trimers/Nb.AQ103_Adiponectin/boltz_free/output/boltz_results_Nb.AQ103_Adiponectin/predictions/Nb.AQ103_Adiponectin/Nb.AQ103_Adiponectin_model_0.cif,0.8121125102043152,0.732410192489624,0.6636342406272888,0.8492320775985718,0.8164277076721191,1.0564948320388794,4.694544792175293,0.4039153754711151,/scicore/home/schwede/barta0000/mcmahon_ds/adiponectin_trimers/Nb.AQ103_Adiponectin/boltz_with_template/output/boltz_results_Nb.AQ103_Adiponectin/predictions/Nb.AQ103_Adiponectin/Nb.AQ103_Adiponectin_model_0.cif,1
Nb.AQ103_Adiponectin,False,"A,C",17.69236244867621,68.93603488372094,16.85,59.13,,,0.0,0.08,0.77,-10.11,0.0,0.5,0.8928,9.547,8.897615145743474,90.10468809073726,,,,,0.024199,0.77,0.82,,1.0,0.8099,0.018485551380900397,0.7885719202800296,,,78.57615,15.562827,0.70282996,0.7073066234588623,/scicore/home/schwede/barta0000/mcmahon_ds/adiponectin_trimers/Nb.AQ103_Adiponectin/chai_no_constraints/seed_1844/pred.model_idx_4.cif,0.4549288749694824,/scicore/home/schwede/barta0000/mcmahon_ds/adiponectin_trimers/Nb.AQ103_Adiponectin/chai_with_constraints/seed_1188/pred.model_idx_1.cif,0.7073066234588623,0.776714026927948,0.6899547576904297,"[[0.9031566977500916, 0.9316254258155823, 0.9319396018981934, 0.9319556951522827]]","[[[0.9031566977500916, 0.13743747770786285, 0.13019463419914246, 0.13598942756652832], [0.10823185741901398, 0.9316254258155823, 0.8461787700653076, 0.8216527700424194], [0.10468016564846039, 0.8229027986526489, 0.9319396018981934, 0.848127543926239], [0.10521071404218674, 0.8451903462409973, 0.8245593309402466, 0.9319556951522827]]]",0.13019463419914246,0.4549288749694824,0.7287830710411072,0.3864653408527374,"[[0.9149221777915955, 0.8821884393692017]]","[[[0.9149221777915955, 0.3864653408527374], [0.3731817305088043, 0.8821884393692017]]]",,0.5607181191444397,0.47977450489997864,0.3672190308570862,0.6090928912162781,0.5450416803359985,2.1588003635406494,7.4341840744018555,0.16818055510520935,/scicore/home/schwede/barta0000/mcmahon_ds/adiponectin_trimers/Nb.AQ103_Adiponectin/boltz_free/output/boltz_results_Nb.AQ103_Adiponectin/predictions/Nb.AQ103_Adiponectin/Nb.AQ103_Adiponectin_model_0.cif,0.8121125102043152,0.732410192489624,0.6636342406272888,0.8492320775985718,0.8164277076721191,1.0564948320388794,4.694544792175293,0.4394527077674866,/scicore/home/schwede/barta0000/mcmahon_ds/adiponectin_trimers/Nb.AQ103_Adiponectin/boltz_with_template/output/boltz_results_Nb.AQ103_Adiponectin/predictions/Nb.AQ103_Adiponectin/Nb.AQ103_Adiponectin_model_0.cif,1
Nb.AQ103_Adiponectin,False,"A,D",17.69236244867621,68.93603488372094,9.06,92.21,,,0.0,0.08,0.77,-6.75,0.0,0.5,0.9402,14.138,8.897615145743474,90.10468809073726,,,6.290925925925927,77.81666577657064,0.098934,0.77,0.82,,1.0,,0.024779994236122357,0.7794669848866649,,,78.57615,15.562827,0.70282996,0.7073066234588623,/scicore/home/schwede/barta0000/mcmahon_ds/adiponectin_trimers/Nb.AQ103_Adiponectin/chai_no_constraints/seed_1844/pred.model_idx_4.cif,0.4549288749694824,/scicore/home/schwede/barta0000/mcmahon_ds/adiponectin_trimers/Nb.AQ103_Adiponectin/chai_with_constraints/seed_1188/pred.model_idx_1.cif,0.7073066234588623,0.776714026927948,0.6899547576904297,"[[0.9031566977500916, 0.9316254258155823, 0.9319396018981934, 0.9319556951522827]]","[[[0.9031566977500916, 0.13743747770786285, 0.13019463419914246, 0.13598942756652832], [0.10823185741901398, 0.9316254258155823, 0.8461787700653076, 0.8216527700424194], [0.10468016564846039, 0.8229027986526489, 0.9319396018981934, 0.848127543926239], [0.10521071404218674, 0.8451903462409973, 0.8245593309402466, 0.9319556951522827]]]",0.13598942756652832,0.4549288749694824,0.7287830710411072,0.3864653408527374,"[[0.9149221777915955, 0.8821884393692017]]","[[[0.9149221777915955, 0.3864653408527374], [0.3731817305088043, 0.8821884393692017]]]",,0.5607181191444397,0.47977450489997864,0.3672190308570862,0.6090928912162781,0.5450416803359985,2.1588003635406494,7.4341840744018555,0.15159466862678528,/scicore/home/schwede/barta0000/mcmahon_ds/adiponectin_trimers/Nb.AQ103_Adiponectin/boltz_free/output/boltz_results_Nb.AQ103_Adiponectin/predictions/Nb.AQ103_Adiponectin/Nb.AQ103_Adiponectin_model_0.cif,0.8121125102043152,0.732410192489624,0.6636342406272888,0.8492320775985718,0.8164277076721191,1.0564948320388794,4.694544792175293,0.4781997501850128,/scicore/home/schwede/barta0000/mcmahon_ds/adiponectin_trimers/Nb.AQ103_Adiponectin/boltz_with_template/output/boltz_results_Nb.AQ103_Adiponectin/predictions/Nb.AQ103_Adiponectin/Nb.AQ103_Adiponectin_model_0.cif,1
Nb.AQ103_Adiponectin,False,"B,C",17.69236244867621,68.93603488372094,158.96,7.04,13.041071428571428,63.48563245152486,0.242819,0.6,0.715,15.01,0.0,0.5,0.9956,0.197,8.897615145743474,90.10468809073726,,,9.5875,92.86148899159532,0.813432,0.77,0.82,,1.0,0.9924,0.6279421835424516,0.8228340874909917,1.8617121199282205,82.85132598876953,78.57615,15.562827,0.70282996,0.7073066234588623,/scicore/home/schwede/barta0000/mcmahon_ds/adiponectin_trimers/Nb.AQ103_Adiponectin/chai_no_constraints/seed_1844/pred.model_idx_4.cif,0.4549288749694824,/scicore/home/schwede/barta0000/mcmahon_ds/adiponectin_trimers/Nb.AQ103_Adiponectin/chai_with_constraints/seed_1188/pred.model_idx_1.cif,0.7073066234588623,0.776714026927948,0.6899547576904297,"[[0.9031566977500916, 0.9316254258155823, 0.9319396018981934, 0.9319556951522827]]","[[[0.9031566977500916, 0.13743747770786285, 0.13019463419914246, 0.13598942756652832], [0.10823185741901398, 0.9316254258155823, 0.8461787700653076, 0.8216527700424194], [0.10468016564846039, 0.8229027986526489, 0.9319396018981934, 0.848127543926239], [0.10521071404218674, 0.8451903462409973, 0.8245593309402466, 0.9319556951522827]]]",0.8461787700653076,0.4549288749694824,0.7287830710411072,0.3864653408527374,"[[0.9149221777915955, 0.8821884393692017]]","[[[0.9149221777915955, 0.3864653408527374], [0.3731817305088043, 0.8821884393692017]]]",,0.5607181191444397,0.47977450489997864,0.3672190308570862,0.6090928912162781,0.5450416803359985,2.1588003635406494,7.4341840744018555,0.46511027216911316,/scicore/home/schwede/barta0000/mcmahon_ds/adiponectin_trimers/Nb.AQ103_Adiponectin/boltz_free/output/boltz_results_Nb.AQ103_Adiponectin/predictions/Nb.AQ103_Adiponectin/Nb.AQ103_Adiponectin_model_0.cif,0.8121125102043152,0.732410192489624,0.6636342406272888,0.8492320775985718,0.8164277076721191,1.0564948320388794,4.694544792175293,0.7650179266929626,/scicore/home/schwede/barta0000/mcmahon_ds/adiponectin_trimers/Nb.AQ103_Adiponectin/boltz_with_template/output/boltz_results_Nb.AQ103_Adiponectin/predictions/Nb.AQ103_Adiponectin/Nb.AQ103_Adiponectin_model_0.cif,1
Nb.AQ103_Adiponectin,False,"B,D",17.69236244867621,68.93603488372094,154.51,6.62,13.526851851851852,63.85531120362355,0.216828,0.58,0.715,15.86,0.0,0.5,0.9947,0.198,8.897615145743474,90.10468809073726,,,9.535795454545452,92.66617016082114,0.799998,0.77,0.82,,1.0,,0.5665897167747533,0.8065659411515408,2.5439575758091237,81.04995727539062,78.57615,15.562827,0.70282996,0.7073066234588623,/scicore/home/schwede/barta0000/mcmahon_ds/adiponectin_trimers/Nb.AQ103_Adiponectin/chai_no_constraints/seed_1844/pred.model_idx_4.cif,0.4549288749694824,/scicore/home/schwede/barta0000/mcmahon_ds/adiponectin_trimers/Nb.AQ103_Adiponectin/chai_with_constraints/seed_1188/pred.model_idx_1.cif,0.7073066234588623,0.776714026927948,0.6899547576904297,"[[0.9031566977500916, 0.9316254258155823, 0.9319396018981934, 0.9319556951522827]]","[[[0.9031566977500916, 0.13743747770786285, 0.13019463419914246, 0.13598942756652832], [0.10823185741901398, 0.9316254258155823, 0.8461787700653076, 0.8216527700424194], [0.10468016564846039, 0.8229027986526489, 0.9319396018981934, 0.848127543926239], [0.10521071404218674, 0.8451903462409973, 0.8245593309402466, 0.9319556951522827]]]",0.8216527700424194,0.4549288749694824,0.7287830710411072,0.3864653408527374,"[[0.9149221777915955, 0.8821884393692017]]","[[[0.9149221777915955, 0.3864653408527374], [0.3731817305088043, 0.8821884393692017]]]",,0.5607181191444397,0.47977450489997864,0.3672190308570862,0.6090928912162781,0.5450416803359985,2.1588003635406494,7.4341840744018555,0.428110271692276,/scicore/home/schwede/barta0000/mcmahon_ds/adiponectin_trimers/Nb.AQ103_Adiponectin/boltz_free/output/boltz_results_Nb.AQ103_Adiponectin/predictions/Nb.AQ103_Adiponectin/Nb.AQ103_Adiponectin_model_0.cif,0.8121125102043152,0.732410192489624,0.6636342406272888,0.8492320775985718,0.8164277076721191,1.0564948320388794,4.694544792175293,0.7562077045440674,/scicore/home/schwede/barta0000/mcmahon_ds/adiponectin_trimers/Nb.AQ103_Adiponectin/boltz_with_template/output/boltz_results_Nb.AQ103_Adiponectin/predictions/Nb.AQ103_Adiponectin/Nb.AQ103_Adiponectin_model_0.cif,1
Nb.AQ103_Adiponectin,False,"C,D",17.69236244867621,68.93603488372094,147.29,6.4,13.483035714285714,64.15439808447947,0.224371,0.59,0.71,20.54,0.0,0.5,0.994,0.207,8.897615145743474,90.10468809073726,,,9.2742,92.3635417620341,0.808979,0.77,0.82,,1.0,0.9934,0.6279421835424516,0.8228340874909917,2.0001017160193864,82.72771453857422,78.57615,15.562827,0.70282996,0.7073066234588623,/scicore/home/schwede/barta0000/mcmahon_ds/adiponectin_trimers/Nb.AQ103_Adiponectin/chai_no_constraints/seed_1844/pred.model_idx_4.cif,0.4549288749694824,/scicore/home/schwede/barta0000/mcmahon_ds/adiponectin_trimers/Nb.AQ103_Adiponectin/chai_with_constraints/seed_1188/pred.model_idx_1.cif,0.7073066234588623,0.776714026927948,0.6899547576904297,"[[0.9031566977500916, 0.9316254258155823, 0.9319396018981934, 0.9319556951522827]]","[[[0.9031566977500916, 0.13743747770786285, 0.13019463419914246, 0.13598942756652832], [0.10823185741901398, 0.9316254258155823, 0.8461787700653076, 0.8216527700424194], [0.10468016564846039, 0.8229027986526489, 0.9319396018981934, 0.848127543926239], [0.10521071404218674, 0.8451903462409973, 0.8245593309402466, 0.9319556951522827]]]",0.848127543926239,0.4549288749694824,0.7287830710411072,0.3864653408527374,"[[0.9149221777915955, 0.8821884393692017]]","[[[0.9149221777915955, 0.3864653408527374], [0.3731817305088043, 0.8821884393692017]]]",,0.5607181191444397,0.47977450489997864,0.3672190308570862,0.6090928912162781,0.5450416803359985,2.1588003635406494,7.4341840744018555,0.4353714883327484,/scicore/home/schwede/barta0000/mcmahon_ds/adiponectin_trimers/Nb.AQ103_Adiponectin/boltz_free/output/boltz_results_Nb.AQ103_Adiponectin/predictions/Nb.AQ103_Adiponectin/Nb.AQ103_Adiponectin_model_0.cif,0.8121125102043152,0.732410192489624,0.6636342406272888,0.8492320775985718,0.8164277076721191,1.0564948320388794,4.694544792175293,0.7596598267555237,/scicore/home/schwede/barta0000/mcmahon_ds/adiponectin_trimers/Nb.AQ103_Adiponectin/boltz_with_template/output/boltz_results_Nb.AQ103_Adiponectin/predictions/Nb.AQ103_Adiponectin/Nb.AQ103_Adiponectin_model_0.cif,1
Nb.AQ102_Adiponectin,False,"A,B",12.571009251682206,80.37540603791247,79.77,11.17,12.433333333333334,62.883634643121205,0.034262,0.35,0.835,-66.44,0.0,0.64,,13.427,4.075101039518872,96.69026465028355,,,2.6259999999999994,92.76730845524715,0.473284,0.92,0.94,,1.0,,0.08969053707973036,0.8556383552511614,,,78.89831,15.503166,0.70364326,0.7447860240936279,/scicore/home/schwede/barta0000/mcmahon_ds/adiponectin_trimers/Nb.AQ102_Adiponectin/chai_no_constraints/seed_2333/pred.model_idx_4.cif,0.4443672299385071,/scicore/home/schwede/barta0000/mcmahon_ds/adiponectin_trimers/Nb.AQ102_Adiponectin/chai_with_constraints/seed_4437/pred.model_idx_0.cif,0.7447860240936279,0.8072548508644104,0.7291687726974487,"[[0.9035168886184692, 0.9336140155792236, 0.9326649904251099, 0.9330393075942993]]","[[[0.9035168886184692, 0.2006823718547821, 0.17427442967891693, 0.19278699159622192], [0.19210024178028107, 0.9336140155792236, 0.8489705324172974, 0.8262804746627808], [0.17364537715911865, 0.827843964099884, 0.9326649904251099, 0.8500378131866455], [0.18815717101097107, 0.8489384651184082, 0.8273423910140991, 0.9330393075942993]]]",0.2006823718547821,0.4443672299385071,0.7265905737876892,0.37381139397621155,"[[0.9041144251823425, 0.8915349245071411]]","[[[0.9041144251823425, 0.37381139397621155], [0.37192603945732117, 0.8915349245071411]]]",0.37381139397621155,0.5457028746604919,0.4499083161354065,0.3414277732372284,0.5967716574668884,0.5105174779891968,2.4365663528442383,8.29150676727295,0.13877440989017487,/scicore/home/schwede/barta0000/mcmahon_ds/adiponectin_trimers/Nb.AQ102_Adiponectin/boltz_free/output/boltz_results_Nb.AQ102_Adiponectin/predictions/Nb.AQ102_Adiponectin/Nb.AQ102_Adiponectin_model_0.cif,0.8387238383293152,0.8437953591346741,0.8121787905693054,0.8453601002693176,0.8007544875144958,0.9630512595176697,3.428938627243042,0.7022559642791748,/scicore/home/schwede/barta0000/mcmahon_ds/adiponectin_trimers/Nb.AQ102_Adiponectin/boltz_with_template/output/boltz_results_Nb.AQ102_Adiponectin/predictions/Nb.AQ102_Adiponectin/Nb.AQ102_Adiponectin_model_0.cif,0
Nb.AQ102_Adiponectin,False,"A,C",12.571009251682206,80.37540603791247,0.0,0.0,,,0.010617,0.33,0.825,-100.97,0.0,0.64,0.6516,0.359,4.075101039518872,96.69026465028355,,,,,0.478099,0.92,0.94,,1.0,,0.01843323116022095,0.8404305620901067,22.749696731567383,45.47935485839844,78.89831,15.503166,0.70364326,0.7447860240936279,/scicore/home/schwede/barta0000/mcmahon_ds/adiponectin_trimers/Nb.AQ102_Adiponectin/chai_no_constraints/seed_2333/pred.model_idx_4.cif,0.4443672299385071,/scicore/home/schwede/barta0000/mcmahon_ds/adiponectin_trimers/Nb.AQ102_Adiponectin/chai_with_constraints/seed_4437/pred.model_idx_0.cif,0.7447860240936279,0.8072548508644104,0.7291687726974487,"[[0.9035168886184692, 0.9336140155792236, 0.9326649904251099, 0.9330393075942993]]","[[[0.9035168886184692, 0.2006823718547821, 0.17427442967891693, 0.19278699159622192], [0.19210024178028107, 0.9336140155792236, 0.8489705324172974, 0.8262804746627808], [0.17364537715911865, 0.827843964099884, 0.9326649904251099, 0.8500378131866455], [0.18815717101097107, 0.8489384651184082, 0.8273423910140991, 0.9330393075942993]]]",0.17427442967891693,0.4443672299385071,0.7265905737876892,0.37381139397621155,"[[0.9041144251823425, 0.8915349245071411]]","[[[0.9041144251823425, 0.37381139397621155], [0.37192603945732117, 0.8915349245071411]]]",,0.5457028746604919,0.4499083161354065,0.3414277732372284,0.5967716574668884,0.5105174779891968,2.4365663528442383,8.29150676727295,0.13710880279541016,/scicore/home/schwede/barta0000/mcmahon_ds/adiponectin_trimers/Nb.AQ102_Adiponectin/boltz_free/output/boltz_results_Nb.AQ102_Adiponectin/predictions/Nb.AQ102_Adiponectin/Nb.AQ102_Adiponectin_model_0.cif,0.8387238383293152,0.8437953591346741,0.8121787905693054,0.8453601002693176,0.8007544875144958,0.9630512595176697,3.428938627243042,0.7037166357040405,/scicore/home/schwede/barta0000/mcmahon_ds/adiponectin_trimers/Nb.AQ102_Adiponectin/boltz_with_template/output/boltz_results_Nb.AQ102_Adiponectin/predictions/Nb.AQ102_Adiponectin/Nb.AQ102_Adiponectin_model_0.cif,0
Nb.AQ102_Adiponectin,False,"A,D",12.571009251682206,80.37540603791247,81.43,6.66,4.394444444444444,73.1883988530826,0.024972,0.38,0.845,-69.37,0.0,0.64,,13.313,4.075101039518872,96.69026465028355,,,4.466500000000001,90.43307612492488,0.484576,0.92,0.94,,1.0,,0.06810728657796734,0.8597466467675804,23.81651782989502,45.29375457763672,78.89831,15.503166,0.70364326,0.7447860240936279,/scicore/home/schwede/barta0000/mcmahon_ds/adiponectin_trimers/Nb.AQ102_Adiponectin/chai_no_constraints/seed_2333/pred.model_idx_4.cif,0.4443672299385071,/scicore/home/schwede/barta0000/mcmahon_ds/adiponectin_trimers/Nb.AQ102_Adiponectin/chai_with_constraints/seed_4437/pred.model_idx_0.cif,0.7447860240936279,0.8072548508644104,0.7291687726974487,"[[0.9035168886184692, 0.9336140155792236, 0.9326649904251099, 0.9330393075942993]]","[[[0.9035168886184692, 0.2006823718547821, 0.17427442967891693, 0.19278699159622192], [0.19210024178028107, 0.9336140155792236, 0.8489705324172974, 0.8262804746627808], [0.17364537715911865, 0.827843964099884, 0.9326649904251099, 0.8500378131866455], [0.18815717101097107, 0.8489384651184082, 0.8273423910140991, 0.9330393075942993]]]",0.19278699159622192,0.4443672299385071,0.7265905737876892,0.37381139397621155,"[[0.9041144251823425, 0.8915349245071411]]","[[[0.9041144251823425, 0.37381139397621155], [0.37192603945732117, 0.8915349245071411]]]",,0.5457028746604919,0.4499083161354065,0.3414277732372284,0.5967716574668884,0.5105174779891968,2.4365663528442383,8.29150676727295,0.1346401572227478,/scicore/home/schwede/barta0000/mcmahon_ds/adiponectin_trimers/Nb.AQ102_Adiponectin/boltz_free/output/boltz_results_Nb.AQ102_Adiponectin/predictions/Nb.AQ102_Adiponectin/Nb.AQ102_Adiponectin_model_0.cif,0.8387238383293152,0.8437953591346741,0.8121787905693054,0.8453601002693176,0.8007544875144958,0.9630512595176697,3.428938627243042,0.6897941827774048,/scicore/home/schwede/barta0000/mcmahon_ds/adiponectin_trimers/Nb.AQ102_Adiponectin/boltz_with_template/output/boltz_results_Nb.AQ102_Adiponectin/predictions/Nb.AQ102_Adiponectin/Nb.AQ102_Adiponectin_model_0.cif,0
Nb.AQ102_Adiponectin,False,"B,C",12.571009251682206,80.37540603791247,63.08,2.55,10.13859649122807,74.4750029449333,0.245352,0.67,0.83,-111.39,0.0,0.64,0.0611,0.144,4.075101039518872,96.69026465028355,,,3.7659183673469387,97.17800064086914,0.888217,0.92,0.94,,1.0,,0.5101684292897117,0.8924130047904538,2.0561217232183977,82.27493286132812,78.89831,15.503166,0.70364326,0.7447860240936279,/scicore/home/schwede/barta0000/mcmahon_ds/adiponectin_trimers/Nb.AQ102_Adiponectin/chai_no_constraints/seed_2333/pred.model_idx_4.cif,0.4443672299385071,/scicore/home/schwede/barta0000/mcmahon_ds/adiponectin_trimers/Nb.AQ102_Adiponectin/chai_with_constraints/seed_4437/pred.model_idx_0.cif,0.7447860240936279,0.8072548508644104,0.7291687726974487,"[[0.9035168886184692, 0.9336140155792236, 0.9326649904251099, 0.9330393075942993]]","[[[0.9035168886184692, 0.2006823718547821, 0.17427442967891693, 0.19278699159622192], [0.19210024178028107, 0.9336140155792236, 0.8489705324172974, 0.8262804746627808], [0.17364537715911865, 0.827843964099884, 0.9326649904251099, 0.8500378131866455], [0.18815717101097107, 0.8489384651184082, 0.8273423910140991, 0.9330393075942993]]]",0.8489705324172974,0.4443672299385071,0.7265905737876892,0.37381139397621155,"[[0.9041144251823425, 0.8915349245071411]]","[[[0.9041144251823425, 0.37381139397621155], [0.37192603945732117, 0.8915349245071411]]]",,0.5457028746604919,0.4499083161354065,0.3414277732372284,0.5967716574668884,0.5105174779891968,2.4365663528442383,8.29150676727295,0.4274156391620636,/scicore/home/schwede/barta0000/mcmahon_ds/adiponectin_trimers/Nb.AQ102_Adiponectin/boltz_free/output/boltz_results_Nb.AQ102_Adiponectin/predictions/Nb.AQ102_Adiponectin/Nb.AQ102_Adiponectin_model_0.cif,0.8387238383293152,0.8437953591346741,0.8121787905693054,0.8453601002693176,0.8007544875144958,0.9630512595176697,3.428938627243042,0.8627356886863708,/scicore/home/schwede/barta0000/mcmahon_ds/adiponectin_trimers/Nb.AQ102_Adiponectin/boltz_with_template/output/boltz_results_Nb.AQ102_Adiponectin/predictions/Nb.AQ102_Adiponectin/Nb.AQ102_Adiponectin_model_0.cif,0
Nb.AQ102_Adiponectin,False,"B,D",12.571009251682206,80.37540603791247,57.34,2.36,10.256140350877194,78.01006437746797,0.297668,0.7,0.85,-96.6,0.0,0.64,0.9947,0.138,4.075101039518872,96.69026465028355,,,3.747446808510638,96.65104230244954,0.882649,0.92,0.94,,1.0,0.9935,0.5243308003800717,0.8625998632279122,2.130802386028822,82.40890502929688,78.89831,15.503166,0.70364326,0.7447860240936279,/scicore/home/schwede/barta0000/mcmahon_ds/adiponectin_trimers/Nb.AQ102_Adiponectin/chai_no_constraints/seed_2333/pred.model_idx_4.cif,0.4443672299385071,/scicore/home/schwede/barta0000/mcmahon_ds/adiponectin_trimers/Nb.AQ102_Adiponectin/chai_with_constraints/seed_4437/pred.model_idx_0.cif,0.7447860240936279,0.8072548508644104,0.7291687726974487,"[[0.9035168886184692, 0.9336140155792236, 0.9326649904251099, 0.9330393075942993]]","[[[0.9035168886184692, 0.2006823718547821, 0.17427442967891693, 0.19278699159622192], [0.19210024178028107, 0.9336140155792236, 0.8489705324172974, 0.8262804746627808], [0.17364537715911865, 0.827843964099884, 0.9326649904251099, 0.8500378131866455], [0.18815717101097107, 0.8489384651184082, 0.8273423910140991, 0.9330393075942993]]]",0.8262804746627808,0.4443672299385071,0.7265905737876892,0.37381139397621155,"[[0.9041144251823425, 0.8915349245071411]]","[[[0.9041144251823425, 0.37381139397621155], [0.37192603945732117, 0.8915349245071411]]]",,0.5457028746604919,0.4499083161354065,0.3414277732372284,0.5967716574668884,0.5105174779891968,2.4365663528442383,8.29150676727295,0.41415390372276306,/scicore/home/schwede/barta0000/mcmahon_ds/adiponectin_trimers/Nb.AQ102_Adiponectin/boltz_free/output/boltz_results_Nb.AQ102_Adiponectin/predictions/Nb.AQ102_Adiponectin/Nb.AQ102_Adiponectin_model_0.cif,0.8387238383293152,0.8437953591346741,0.8121787905693054,0.8453601002693176,0.8007544875144958,0.9630512595176697,3.428938627243042,0.867412805557251,/scicore/home/schwede/barta0000/mcmahon_ds/adiponectin_trimers/Nb.AQ102_Adiponectin/boltz_with_template/output/boltz_results_Nb.AQ102_Adiponectin/predictions/Nb.AQ102_Adiponectin/Nb.AQ102_Adiponectin_model_0.cif,0
Nb.AQ102_Adiponectin,False,"C,D",12.571009251682206,80.37540603791247,59.53,2.4,9.99491525423729,76.07939572519568,0.242788,0.67,0.84,-96.31,0.0,0.64,0.9957,0.142,4.075101039518872,96.69026465028355,,,3.692083333333333,97.10780059814454,0.886483,0.92,0.94,,1.0,0.9913,0.5640437478399023,0.8960420324061192,1.7854893470919408,83.63922882080078,78.89831,15.503166,0.70364326,0.7447860240936279,/scicore/home/schwede/barta0000/mcmahon_ds/adiponectin_trimers/Nb.AQ102_Adiponectin/chai_no_constraints/seed_2333/pred.model_idx_4.cif,0.4443672299385071,/scicore/home/schwede/barta0000/mcmahon_ds/adiponectin_trimers/Nb.AQ102_Adiponectin/chai_with_constraints/seed_4437/pred.model_idx_0.cif,0.7447860240936279,0.8072548508644104,0.7291687726974487,"[[0.9035168886184692, 0.9336140155792236, 0.9326649904251099, 0.9330393075942993]]","[[[0.9035168886184692, 0.2006823718547821, 0.17427442967891693, 0.19278699159622192], [0.19210024178028107, 0.9336140155792236, 0.8489705324172974, 0.8262804746627808], [0.17364537715911865, 0.827843964099884, 0.9326649904251099, 0.8500378131866455], [0.18815717101097107, 0.8489384651184082, 0.8273423910140991, 0.9330393075942993]]]",0.8500378131866455,0.4443672299385071,0.7265905737876892,0.37381139397621155,"[[0.9041144251823425, 0.8915349245071411]]","[[[0.9041144251823425, 0.37381139397621155], [0.37192603945732117, 0.8915349245071411]]]",,0.5457028746604919,0.4499083161354065,0.3414277732372284,0.5967716574668884,0.5105174779891968,2.4365663528442383,8.29150676727295,0.4288724362850189,/scicore/home/schwede/barta0000/mcmahon_ds/adiponectin_trimers/Nb.AQ102_Adiponectin/boltz_free/output/boltz_results_Nb.AQ102_Adiponectin/predictions/Nb.AQ102_Adiponectin/Nb.AQ102_Adiponectin_model_0.cif,0.8387238383293152,0.8437953591346741,0.8121787905693054,0.8453601002693176,0.8007544875144958,0.9630512595176697,3.428938627243042,0.8618126511573792,/scicore/home/schwede/barta0000/mcmahon_ds/adiponectin_trimers/Nb.AQ102_Adiponectin/boltz_with_template/output/boltz_results_Nb.AQ102_Adiponectin/predictions/Nb.AQ102_Adiponectin/Nb.AQ102_Adiponectin_model_0.cif,0
Nb.AQ101_Adiponectin,False,"A,B",17.82233769926726,69.19917391304348,0.0,0.0,,,0.0,0.08,0.755,-13.97,0.0,0.51,0.0545,1.38,11.077894572578883,88.78124767225326,,,,,0.0,0.71,0.77,,1.0,,0.018439180585602982,0.7764462388962307,,,78.16336,16.200804,0.6915611,0.7089100480079651,/scicore/home/schwede/barta0000/mcmahon_ds/adiponectin_trimers/Nb.AQ101_Adiponectin/chai_no_constraints/seed_1416/pred.model_idx_4.cif,0.5045561194419861,/scicore/home/schwede/barta0000/mcmahon_ds/adiponectin_trimers/Nb.AQ101_Adiponectin/chai_with_constraints/seed_3746/pred.model_idx_0.cif,0.7089100480079651,0.7775065302848816,0.6917608976364136,"[[0.8991042971611023, 0.9321891069412231, 0.9321262240409851, 0.9322042465209961]]","[[[0.8991042971611023, 0.15419834852218628, 0.14331936836242676, 0.1531413495540619], [0.1378360092639923, 0.9321891069412231, 0.8471018075942993, 0.8228550553321838], [0.12982113659381866, 0.8246240615844727, 0.9321262240409851, 0.8474951386451721], [0.13162557780742645, 0.8453954458236694, 0.824670135974884, 0.9322042465209961]]]",0.15419834852218628,0.5045561194419861,0.7507949471473694,0.44299638271331787,"[[0.8951106071472168, 0.8975489735603333]]","[[[0.8951106071472168, 0.4260290861129761], [0.44299638271331787, 0.8975489735603333]]]",0.4260290861129761,0.6274349093437195,0.8610938787460327,0.836819589138031,0.5750886797904968,0.5028498768806458,0.9559438824653625,2.834700584411621,0.783431887626648,/scicore/home/schwede/barta0000/mcmahon_ds/adiponectin_trimers/Nb.AQ101_Adiponectin/boltz_free/output/boltz_results_Nb.AQ101_Adiponectin/predictions/Nb.AQ101_Adiponectin/Nb.AQ101_Adiponectin_model_0.cif,0.9028383493423462,0.9076927900314331,0.8859293460845947,0.9070655703544617,0.8764744997024536,0.5205263495445251,1.5129890441894531,0.7901760935783386,/scicore/home/schwede/barta0000/mcmahon_ds/adiponectin_trimers/Nb.AQ101_Adiponectin/boltz_with_template/output/boltz_results_Nb.AQ101_Adiponectin/predictions/Nb.AQ101_Adiponectin/Nb.AQ101_Adiponectin_model_0.cif,0
Nb.AQ101_Adiponectin,False,"A,C",17.82233769926726,69.19917391304348,303.6,21.16,13.027083333333335,60.028902664487326,0.0,0.1,0.76,96.66,0.0,0.51,,1.432,11.077894572578883,88.78124767225326,,,7.753709677419354,70.68312537670135,0.0,0.71,0.77,,1.0,0.2187,0.039641567649195936,0.783444265176856,,,78.16336,16.200804,0.6915611,0.7089100480079651,/scicore/home/schwede/barta0000/mcmahon_ds/adiponectin_trimers/Nb.AQ101_Adiponectin/chai_no_constraints/seed_1416/pred.model_idx_4.cif,0.5045561194419861,/scicore/home/schwede/barta0000/mcmahon_ds/adiponectin_trimers/Nb.AQ101_Adiponectin/chai_with_constraints/seed_3746/pred.model_idx_0.cif,0.7089100480079651,0.7775065302848816,0.6917608976364136,"[[0.8991042971611023, 0.9321891069412231, 0.9321262240409851, 0.9322042465209961]]","[[[0.8991042971611023, 0.15419834852218628, 0.14331936836242676, 0.1531413495540619], [0.1378360092639923, 0.9321891069412231, 0.8471018075942993, 0.8228550553321838], [0.12982113659381866, 0.8246240615844727, 0.9321262240409851, 0.8474951386451721], [0.13162557780742645, 0.8453954458236694, 0.824670135974884, 0.9322042465209961]]]",0.14331936836242676,0.5045561194419861,0.7507949471473694,0.44299638271331787,"[[0.8951106071472168, 0.8975489735603333]]","[[[0.8951106071472168, 0.4260290861129761], [0.44299638271331787, 0.8975489735603333]]]",,0.6274349093437195,0.8610938787460327,0.836819589138031,0.5750886797904968,0.5028498768806458,0.9559438824653625,2.834700584411621,0.7337666749954224,/scicore/home/schwede/barta0000/mcmahon_ds/adiponectin_trimers/Nb.AQ101_Adiponectin/boltz_free/output/boltz_results_Nb.AQ101_Adiponectin/predictions/Nb.AQ101_Adiponectin/Nb.AQ101_Adiponectin_model_0.cif,0.9028383493423462,0.9076927900314331,0.8859293460845947,0.9070655703544617,0.8764744997024536,0.5205263495445251,1.5129890441894531,0.7472035884857178,/scicore/home/schwede/barta0000/mcmahon_ds/adiponectin_trimers/Nb.AQ101_Adiponectin/boltz_with_template/output/boltz_results_Nb.AQ101_Adiponectin/predictions/Nb.AQ101_Adiponectin/Nb.AQ101_Adiponectin_model_0.cif,0
Nb.AQ101_Adiponectin,False,"A,D",17.82233769926726,69.19917391304348,0.0,0.0,,,0.0,0.09,0.755,-11.64,0.0,0.51,0.7976,1.43,11.077894572578883,88.78124767225326,,,,,0.0,0.71,0.77,,1.0,0.6269,0.02193234371409413,0.7855511742895954,,,78.16336,16.200804,0.6915611,0.7089100480079651,/scicore/home/schwede/barta0000/mcmahon_ds/adiponectin_trimers/Nb.AQ101_Adiponectin/chai_no_constraints/seed_1416/pred.model_idx_4.cif,0.5045561194419861,/scicore/home/schwede/barta0000/mcmahon_ds/adiponectin_trimers/Nb.AQ101_Adiponectin/chai_with_constraints/seed_3746/pred.model_idx_0.cif,0.7089100480079651,0.7775065302848816,0.6917608976364136,"[[0.8991042971611023, 0.9321891069412231, 0.9321262240409851, 0.9322042465209961]]","[[[0.8991042971611023, 0.15419834852218628, 0.14331936836242676, 0.1531413495540619], [0.1378360092639923, 0.9321891069412231, 0.8471018075942993, 0.8228550553321838], [0.12982113659381866, 0.8246240615844727, 0.9321262240409851, 0.8474951386451721], [0.13162557780742645, 0.8453954458236694, 0.824670135974884, 0.9322042465209961]]]",0.1531413495540619,0.5045561194419861,0.7507949471473694,0.44299638271331787,"[[0.8951106071472168, 0.8975489735603333]]","[[[0.8951106071472168, 0.4260290861129761], [0.44299638271331787, 0.8975489735603333]]]",,0.6274349093437195,0.8610938787460327,0.836819589138031,0.5750886797904968,0.5028498768806458,0.9559438824653625,2.834700584411621,0.7162961959838867,/scicore/home/schwede/barta0000/mcmahon_ds/adiponectin_trimers/Nb.AQ101_Adiponectin/boltz_free/output/boltz_results_Nb.AQ101_Adiponectin/predictions/Nb.AQ101_Adiponectin/Nb.AQ101_Adiponectin_model_0.cif,0.9028383493423462,0.9076927900314331,0.8859293460845947,0.9070655703544617,0.8764744997024536,0.5205263495445251,1.5129890441894531,0.7429063320159912,/scicore/home/schwede/barta0000/mcmahon_ds/adiponectin_trimers/Nb.AQ101_Adiponectin/boltz_with_template/output/boltz_results_Nb.AQ101_Adiponectin/predictions/Nb.AQ101_Adiponectin/Nb.AQ101_Adiponectin_model_0.cif,0
Nb.AQ101_Adiponectin,False,"B,C",17.82233769926726,69.19917391304348,173.94,7.34,9.48706896551724,64.90702984997287,0.252143,0.6,0.725,32.96,0.0,0.51,0.9923,0.211,11.077894572578883,88.78124767225326,,,6.593229166666667,90.3790005493164,0.811058,0.71,0.77,,1.0,0.9916,0.5847504546426255,0.8192092053186717,1.8710123765759352,83.04054260253906,78.16336,16.200804,0.6915611,0.7089100480079651,/scicore/home/schwede/barta0000/mcmahon_ds/adiponectin_trimers/Nb.AQ101_Adiponectin/chai_no_constraints/seed_1416/pred.model_idx_4.cif,0.5045561194419861,/scicore/home/schwede/barta0000/mcmahon_ds/adiponectin_trimers/Nb.AQ101_Adiponectin/chai_with_constraints/seed_3746/pred.model_idx_0.cif,0.7089100480079651,0.7775065302848816,0.6917608976364136,"[[0.8991042971611023, 0.9321891069412231, 0.9321262240409851, 0.9322042465209961]]","[[[0.8991042971611023, 0.15419834852218628, 0.14331936836242676, 0.1531413495540619], [0.1378360092639923, 0.9321891069412231, 0.8471018075942993, 0.8228550553321838], [0.12982113659381866, 0.8246240615844727, 0.9321262240409851, 0.8474951386451721], [0.13162557780742645, 0.8453954458236694, 0.824670135974884, 0.9322042465209961]]]",0.8471018075942993,0.5045561194419861,0.7507949471473694,0.44299638271331787,"[[0.8951106071472168, 0.8975489735603333]]","[[[0.8951106071472168, 0.4260290861129761], [0.44299638271331787, 0.8975489735603333]]]",,0.6274349093437195,0.8610938787460327,0.836819589138031,0.5750886797904968,0.5028498768806458,0.9559438824653625,2.834700584411621,0.8804063200950623,/scicore/home/schwede/barta0000/mcmahon_ds/adiponectin_trimers/Nb.AQ101_Adiponectin/boltz_free/output/boltz_results_Nb.AQ101_Adiponectin/predictions/Nb.AQ101_Adiponectin/Nb.AQ101_Adiponectin_model_0.cif,0.9028383493423462,0.9076927900314331,0.8859293460845947,0.9070655703544617,0.8764744997024536,0.5205263495445251,1.5129890441894531,0.9347054362297058,/scicore/home/schwede/barta0000/mcmahon_ds/adiponectin_trimers/Nb.AQ101_Adiponectin/boltz_with_template/output/boltz_results_Nb.AQ101_Adiponectin/predictions/Nb.AQ101_Adiponectin/Nb.AQ101_Adiponectin_model_0.cif,0
Nb.AQ101_Adiponectin,False,"B,D",17.82233769926726,69.19917391304348,181.89,7.91,9.359322033898303,65.46135462337172,0.228501,0.59,0.72,25.7,0.0,0.51,0.9925,0.196,11.077894572578883,88.78124767225326,,,6.503775510204082,92.22940002441406,0.794377,0.71,0.77,,1.0,0.0176,0.5197613277268034,0.8059982720563666,1.8908716567925044,83.83541107177734,78.16336,16.200804,0.6915611,0.7089100480079651,/scicore/home/schwede/barta0000/mcmahon_ds/adiponectin_trimers/Nb.AQ101_Adiponectin/chai_no_constraints/seed_1416/pred.model_idx_4.cif,0.5045561194419861,/scicore/home/schwede/barta0000/mcmahon_ds/adiponectin_trimers/Nb.AQ101_Adiponectin/chai_with_constraints/seed_3746/pred.model_idx_0.cif,0.7089100480079651,0.7775065302848816,0.6917608976364136,"[[0.8991042971611023, 0.9321891069412231, 0.9321262240409851, 0.9322042465209961]]","[[[0.8991042971611023, 0.15419834852218628, 0.14331936836242676, 0.1531413495540619], [0.1378360092639923, 0.9321891069412231, 0.8471018075942993, 0.8228550553321838], [0.12982113659381866, 0.8246240615844727, 0.9321262240409851, 0.8474951386451721], [0.13162557780742645, 0.8453954458236694, 0.824670135974884, 0.9322042465209961]]]",0.8228550553321838,0.5045561194419861,0.7507949471473694,0.44299638271331787,"[[0.8951106071472168, 0.8975489735603333]]","[[[0.8951106071472168, 0.4260290861129761], [0.44299638271331787, 0.8975489735603333]]]",,0.6274349093437195,0.8610938787460327,0.836819589138031,0.5750886797904968,0.5028498768806458,0.9559438824653625,2.834700584411621,0.8675543665885925,/scicore/home/schwede/barta0000/mcmahon_ds/adiponectin_trimers/Nb.AQ101_Adiponectin/boltz_free/output/boltz_results_Nb.AQ101_Adiponectin/predictions/Nb.AQ101_Adiponectin/Nb.AQ101_Adiponectin_model_0.cif,0.9028383493423462,0.9076927900314331,0.8859293460845947,0.9070655703544617,0.8764744997024536,0.5205263495445251,1.5129890441894531,0.9367339611053467,/scicore/home/schwede/barta0000/mcmahon_ds/adiponectin_trimers/Nb.AQ101_Adiponectin/boltz_with_template/output/boltz_results_Nb.AQ101_Adiponectin/predictions/Nb.AQ101_Adiponectin/Nb.AQ101_Adiponectin_model_0.cif,0
Nb.AQ101_Adiponectin,False,"C,D",17.82233769926726,69.19917391304348,177.62,7.68,9.359322033898303,65.4322157978075,0.261583,0.61,0.725,22.91,0.0,0.51,0.9941,0.195,11.077894572578883,88.78124767225326,,,6.015,91.20980026245117,0.812871,0.71,0.77,,1.0,0.9961,0.574250130657283,0.8219502369991061,1.789437322389512,83.76061248779297,78.16336,16.200804,0.6915611,0.7089100480079651,/scicore/home/schwede/barta0000/mcmahon_ds/adiponectin_trimers/Nb.AQ101_Adiponectin/chai_no_constraints/seed_1416/pred.model_idx_4.cif,0.5045561194419861,/scicore/home/schwede/barta0000/mcmahon_ds/adiponectin_trimers/Nb.AQ101_Adiponectin/chai_with_constraints/seed_3746/pred.model_idx_0.cif,0.7089100480079651,0.7775065302848816,0.6917608976364136,"[[0.8991042971611023, 0.9321891069412231, 0.9321262240409851, 0.9322042465209961]]","[[[0.8991042971611023, 0.15419834852218628, 0.14331936836242676, 0.1531413495540619], [0.1378360092639923, 0.9321891069412231, 0.8471018075942993, 0.8228550553321838], [0.12982113659381866, 0.8246240615844727, 0.9321262240409851, 0.8474951386451721], [0.13162557780742645, 0.8453954458236694, 0.824670135974884, 0.9322042465209961]]]",0.8474951386451721,0.5045561194419861,0.7507949471473694,0.44299638271331787,"[[0.8951106071472168, 0.8975489735603333]]","[[[0.8951106071472168, 0.4260290861129761], [0.44299638271331787, 0.8975489735603333]]]",,0.6274349093437195,0.8610938787460327,0.836819589138031,0.5750886797904968,0.5028498768806458,0.9559438824653625,2.834700584411621,0.871169924736023,/scicore/home/schwede/barta0000/mcmahon_ds/adiponectin_trimers/Nb.AQ101_Adiponectin/boltz_free/output/boltz_results_Nb.AQ101_Adiponectin/predictions/Nb.AQ101_Adiponectin/Nb.AQ101_Adiponectin_model_0.cif,0.9028383493423462,0.9076927900314331,0.8859293460845947,0.9070655703544617,0.8764744997024536,0.5205263495445251,1.5129890441894531,0.9392648935317993,/scicore/home/schwede/barta0000/mcmahon_ds/adiponectin_trimers/Nb.AQ101_Adiponectin/boltz_with_template/output/boltz_results_Nb.AQ101_Adiponectin/predictions/Nb.AQ101_Adiponectin/Nb.AQ101_Adiponectin_model_0.cif,0
Nb.AQ104_Adiponectin,False,"A,B",17.695982192581873,69.728085008085,393.26,29.92,8.02142857142857,63.100326928436594,0.0,0.09,0.76,137.72,0.0,0.5,,13.614,9.340996776843392,89.76919776119405,,,,,0.00646,0.76,0.81,,1.0,0.5081,0.020315488097528325,0.7961405589481341,,,78.713905,16.071978,0.69367635,0.6942667365074158,/scicore/home/schwede/barta0000/mcmahon_ds/adiponectin_trimers/Nb.AQ104_Adiponectin/chai_no_constraints/seed_2688/pred.model_idx_2.cif,0.3375479578971863,/scicore/home/schwede/barta0000/mcmahon_ds/adiponectin_trimers/Nb.AQ104_Adiponectin/chai_with_constraints/seed_5787/pred.model_idx_0.cif,0.6942667365074158,0.7653104662895203,0.6765057444572449,"[[0.8627405762672424, 0.9281590580940247, 0.9279720783233643, 0.9280504584312439]]","[[[0.8627405762672424, 0.1284686177968979, 0.12333771586418152, 0.1250494122505188], [0.10872885584831238, 0.9281590580940247, 0.842133104801178, 0.8176865577697754], [0.10599226504564285, 0.819449782371521, 0.9279720783233643, 0.8425756096839905], [0.10482635349035263, 0.8406261801719666, 0.8193970322608948, 0.9280504584312439]]]",0.1284686177968979,0.3375479578971863,0.6492146849632263,0.25963127613067627,"[[0.8603140115737915, 0.9012055397033691]]","[[[0.8603140115737915, 0.23665881156921387], [0.25963127613067627, 0.9012055397033691]]]",0.23665881156921387,0.61259526014328,0.7675502896308899,0.7122273445129395,0.5876872539520264,0.5119342803955078,1.073612093925476,3.886362314224243,0.42285770177841187,/scicore/home/schwede/barta0000/mcmahon_ds/adiponectin_trimers/Nb.AQ104_Adiponectin/boltz_free/output/boltz_results_Nb.AQ104_Adiponectin/predictions/Nb.AQ104_Adiponectin/Nb.AQ104_Adiponectin_model_0.cif,0.8883689045906067,0.866459310054779,0.839309573173523,0.9006337523460388,0.8696194291114807,0.8355754613876343,2.8337738513946533,0.7579646110534668,/scicore/home/schwede/barta0000/mcmahon_ds/adiponectin_trimers/Nb.AQ104_Adiponectin/boltz_with_template/output/boltz_results_Nb.AQ104_Adiponectin/predictions/Nb.AQ104_Adiponectin/Nb.AQ104_Adiponectin_model_0.cif,0
Nb.AQ104_Adiponectin,False,"A,C",17.695982192581873,69.728085008085,0.0,0.0,,,0.0,0.08,0.76,9.42,0.0,0.5,0.0041,10.044,9.340996776843392,89.76919776119405,,,,,0.008493,0.76,0.81,,1.0,0.7949,0.01916663802123178,0.773222583122112,22.051093101501465,35.62222671508789,78.713905,16.071978,0.69367635,0.6942667365074158,/scicore/home/schwede/barta0000/mcmahon_ds/adiponectin_trimers/Nb.AQ104_Adiponectin/chai_no_constraints/seed_2688/pred.model_idx_2.cif,0.3375479578971863,/scicore/home/schwede/barta0000/mcmahon_ds/adiponectin_trimers/Nb.AQ104_Adiponectin/chai_with_constraints/seed_5787/pred.model_idx_0.cif,0.6942667365074158,0.7653104662895203,0.6765057444572449,"[[0.8627405762672424, 0.9281590580940247, 0.9279720783233643, 0.9280504584312439]]","[[[0.8627405762672424, 0.1284686177968979, 0.12333771586418152, 0.1250494122505188], [0.10872885584831238, 0.9281590580940247, 0.842133104801178, 0.8176865577697754], [0.10599226504564285, 0.819449782371521, 0.9279720783233643, 0.8425756096839905], [0.10482635349035263, 0.8406261801719666, 0.8193970322608948, 0.9280504584312439]]]",0.12333771586418152,0.3375479578971863,0.6492146849632263,0.25963127613067627,"[[0.8603140115737915, 0.9012055397033691]]","[[[0.8603140115737915, 0.23665881156921387], [0.25963127613067627, 0.9012055397033691]]]",,0.61259526014328,0.7675502896308899,0.7122273445129395,0.5876872539520264,0.5119342803955078,1.073612093925476,3.886362314224243,0.4226549565792084,/scicore/home/schwede/barta0000/mcmahon_ds/adiponectin_trimers/Nb.AQ104_Adiponectin/boltz_free/output/boltz_results_Nb.AQ104_Adiponectin/predictions/Nb.AQ104_Adiponectin/Nb.AQ104_Adiponectin_model_0.cif,0.8883689045906067,0.866459310054779,0.839309573173523,0.9006337523460388,0.8696194291114807,0.8355754613876343,2.8337738513946533,0.7578136920928955,/scicore/home/schwede/barta0000/mcmahon_ds/adiponectin_trimers/Nb.AQ104_Adiponectin/boltz_with_template/output/boltz_results_Nb.AQ104_Adiponectin/predictions/Nb.AQ104_Adiponectin/Nb.AQ104_Adiponectin_model_0.cif,0
Nb.AQ104_Adiponectin,False,"A,D",17.695982192581873,69.728085008085,5.4,0.0,,,0.0,0.07,0.76,1.62,0.0,0.5,,13.419,9.340996776843392,89.76919776119405,,,4.618076923076923,76.2260708127703,0.081573,0.76,0.81,,1.0,,0.025461080876453733,0.7615859136520708,23.35353374481201,44.227813720703125,78.713905,16.071978,0.69367635,0.6942667365074158,/scicore/home/schwede/barta0000/mcmahon_ds/adiponectin_trimers/Nb.AQ104_Adiponectin/chai_no_constraints/seed_2688/pred.model_idx_2.cif,0.3375479578971863,/scicore/home/schwede/barta0000/mcmahon_ds/adiponectin_trimers/Nb.AQ104_Adiponectin/chai_with_constraints/seed_5787/pred.model_idx_0.cif,0.6942667365074158,0.7653104662895203,0.6765057444572449,"[[0.8627405762672424, 0.9281590580940247, 0.9279720783233643, 0.9280504584312439]]","[[[0.8627405762672424, 0.1284686177968979, 0.12333771586418152, 0.1250494122505188], [0.10872885584831238, 0.9281590580940247, 0.842133104801178, 0.8176865577697754], [0.10599226504564285, 0.819449782371521, 0.9279720783233643, 0.8425756096839905], [0.10482635349035263, 0.8406261801719666, 0.8193970322608948, 0.9280504584312439]]]",0.1250494122505188,0.3375479578971863,0.6492146849632263,0.25963127613067627,"[[0.8603140115737915, 0.9012055397033691]]","[[[0.8603140115737915, 0.23665881156921387], [0.25963127613067627, 0.9012055397033691]]]",,0.61259526014328,0.7675502896308899,0.7122273445129395,0.5876872539520264,0.5119342803955078,1.073612093925476,3.886362314224243,0.42285099625587463,/scicore/home/schwede/barta0000/mcmahon_ds/adiponectin_trimers/Nb.AQ104_Adiponectin/boltz_free/output/boltz_results_Nb.AQ104_Adiponectin/predictions/Nb.AQ104_Adiponectin/Nb.AQ104_Adiponectin_model_0.cif,0.8883689045906067,0.866459310054779,0.839309573173523,0.9006337523460388,0.8696194291114807,0.8355754613876343,2.8337738513946533,0.746580183506012,/scicore/home/schwede/barta0000/mcmahon_ds/adiponectin_trimers/Nb.AQ104_Adiponectin/boltz_with_template/output/boltz_results_Nb.AQ104_Adiponectin/predictions/Nb.AQ104_Adiponectin/Nb.AQ104_Adiponectin_model_0.cif,0
Nb.AQ104_Adiponectin,False,"B,C",17.695982192581873,69.728085008085,121.07,5.18,8.95,65.8323015776197,0.247257,0.61,0.73,11.7,0.0,0.5,0.9946,0.21,9.340996776843392,89.76919776119405,,,6.032924528301886,92.54137271058326,0.806883,0.76,0.81,,1.0,0.9683,0.5602884079304008,0.8219502369991061,1.8136062721411388,83.61019897460938,78.713905,16.071978,0.69367635,0.6942667365074158,/scicore/home/schwede/barta0000/mcmahon_ds/adiponectin_trimers/Nb.AQ104_Adiponectin/chai_no_constraints/seed_2688/pred.model_idx_2.cif,0.3375479578971863,/scicore/home/schwede/barta0000/mcmahon_ds/adiponectin_trimers/Nb.AQ104_Adiponectin/chai_with_constraints/seed_5787/pred.model_idx_0.cif,0.6942667365074158,0.7653104662895203,0.6765057444572449,"[[0.8627405762672424, 0.9281590580940247, 0.9279720783233643, 0.9280504584312439]]","[[[0.8627405762672424, 0.1284686177968979, 0.12333771586418152, 0.1250494122505188], [0.10872885584831238, 0.9281590580940247, 0.842133104801178, 0.8176865577697754], [0.10599226504564285, 0.819449782371521, 0.9279720783233643, 0.8425756096839905], [0.10482635349035263, 0.8406261801719666, 0.8193970322608948, 0.9280504584312439]]]",0.842133104801178,0.3375479578971863,0.6492146849632263,0.25963127613067627,"[[0.8603140115737915, 0.9012055397033691]]","[[[0.8603140115737915, 0.23665881156921387], [0.25963127613067627, 0.9012055397033691]]]",,0.61259526014328,0.7675502896308899,0.7122273445129395,0.5876872539520264,0.5119342803955078,1.073612093925476,3.886362314224243,0.8638976216316223,/scicore/home/schwede/barta0000/mcmahon_ds/adiponectin_trimers/Nb.AQ104_Adiponectin/boltz_free/output/boltz_results_Nb.AQ104_Adiponectin/predictions/Nb.AQ104_Adiponectin/Nb.AQ104_Adiponectin_model_0.cif,0.8883689045906067,0.866459310054779,0.839309573173523,0.9006337523460388,0.8696194291114807,0.8355754613876343,2.8337738513946533,0.8716657757759094,/scicore/home/schwede/barta0000/mcmahon_ds/adiponectin_trimers/Nb.AQ104_Adiponectin/boltz_with_template/output/boltz_results_Nb.AQ104_Adiponectin/predictions/Nb.AQ104_Adiponectin/Nb.AQ104_Adiponectin_model_0.cif,0
Nb.AQ104_Adiponectin,False,"B,D",17.695982192581873,69.728085008085,122.69,5.17,9.087096774193549,66.40646286317391,0.235889,0.6,0.73,4.68,0.0,0.5,,0.197,9.340996776843392,89.76919776119405,,,5.909519230769231,92.24300064086914,0.784399,0.76,0.81,,1.0,0.2491,0.5388965078029648,0.8079474439279857,1.8397243846030462,84.22158813476562,78.713905,16.071978,0.69367635,0.6942667365074158,/scicore/home/schwede/barta0000/mcmahon_ds/adiponectin_trimers/Nb.AQ104_Adiponectin/chai_no_constraints/seed_2688/pred.model_idx_2.cif,0.3375479578971863,/scicore/home/schwede/barta0000/mcmahon_ds/adiponectin_trimers/Nb.AQ104_Adiponectin/chai_with_constraints/seed_5787/pred.model_idx_0.cif,0.6942667365074158,0.7653104662895203,0.6765057444572449,"[[0.8627405762672424, 0.9281590580940247, 0.9279720783233643, 0.9280504584312439]]","[[[0.8627405762672424, 0.1284686177968979, 0.12333771586418152, 0.1250494122505188], [0.10872885584831238, 0.9281590580940247, 0.842133104801178, 0.8176865577697754], [0.10599226504564285, 0.819449782371521, 0.9279720783233643, 0.8425756096839905], [0.10482635349035263, 0.8406261801719666, 0.8193970322608948, 0.9280504584312439]]]",0.8176865577697754,0.3375479578971863,0.6492146849632263,0.25963127613067627,"[[0.8603140115737915, 0.9012055397033691]]","[[[0.8603140115737915, 0.23665881156921387], [0.25963127613067627, 0.9012055397033691]]]",,0.61259526014328,0.7675502896308899,0.7122273445129395,0.5876872539520264,0.5119342803955078,1.073612093925476,3.886362314224243,0.8363174200057983,/scicore/home/schwede/barta0000/mcmahon_ds/adiponectin_trimers/Nb.AQ104_Adiponectin/boltz_free/output/boltz_results_Nb.AQ104_Adiponectin/predictions/Nb.AQ104_Adiponectin/Nb.AQ104_Adiponectin_model_0.cif,0.8883689045906067,0.866459310054779,0.839309573173523,0.9006337523460388,0.8696194291114807,0.8355754613876343,2.8337738513946533,0.8914567828178406,/scicore/home/schwede/barta0000/mcmahon_ds/adiponectin_trimers/Nb.AQ104_Adiponectin/boltz_with_template/output/boltz_results_Nb.AQ104_Adiponectin/predictions/Nb.AQ104_Adiponectin/Nb.AQ104_Adiponectin_model_0.cif,0
Nb.AQ104_Adiponectin,False,"C,D",17.695982192581873,69.728085008085,118.18,5.14,8.826229508196722,66.56140911325906,0.226608,0.59,0.73,4.86,0.0,0.5,0.9934,0.192,9.340996776843392,89.76919776119405,,,5.903636363636364,92.24725506352443,0.793993,0.76,0.81,,1.0,0.9915,0.6002489745706631,0.8219502369991061,1.9546155097872713,83.26685333251953,78.713905,16.071978,0.69367635,0.6942667365074158,/scicore/home/schwede/barta0000/mcmahon_ds/adiponectin_trimers/Nb.AQ104_Adiponectin/chai_no_constraints/seed_2688/pred.model_idx_2.cif,0.3375479578971863,/scicore/home/schwede/barta0000/mcmahon_ds/adiponectin_trimers/Nb.AQ104_Adiponectin/chai_with_constraints/seed_5787/pred.model_idx_0.cif,0.6942667365074158,0.7653104662895203,0.6765057444572449,"[[0.8627405762672424, 0.9281590580940247, 0.9279720783233643, 0.9280504584312439]]","[[[0.8627405762672424, 0.1284686177968979, 0.12333771586418152, 0.1250494122505188], [0.10872885584831238, 0.9281590580940247, 0.842133104801178, 0.8176865577697754], [0.10599226504564285, 0.819449782371521, 0.9279720783233643, 0.8425756096839905], [0.10482635349035263, 0.8406261801719666, 0.8193970322608948, 0.9280504584312439]]]",0.8425756096839905,0.3375479578971863,0.6492146849632263,0.25963127613067627,"[[0.8603140115737915, 0.9012055397033691]]","[[[0.8603140115737915, 0.23665881156921387], [0.25963127613067627, 0.9012055397033691]]]",,0.61259526014328,0.7675502896308899,0.7122273445129395,0.5876872539520264,0.5119342803955078,1.073612093925476,3.886362314224243,0.8515270352363586,/scicore/home/schwede/barta0000/mcmahon_ds/adiponectin_trimers/Nb.AQ104_Adiponectin/boltz_free/output/boltz_results_Nb.AQ104_Adiponectin/predictions/Nb.AQ104_Adiponectin/Nb.AQ104_Adiponectin_model_0.cif,0.8883689045906067,0.866459310054779,0.839309573173523,0.9006337523460388,0.8696194291114807,0.8355754613876343,2.8337738513946533,0.8722286820411682,/scicore/home/schwede/barta0000/mcmahon_ds/adiponectin_trimers/Nb.AQ104_Adiponectin/boltz_with_template/output/boltz_results_Nb.AQ104_Adiponectin/predictions/Nb.AQ104_Adiponectin/Nb.AQ104_Adiponectin_model_0.cif,0
Nb.AQ100_Adiponectin,False,"A,B",17.063186184611162,70.39757225433526,0.0,0.0,,,0.0,0.1,0.79,-7.15,0.0,0.52,,13.483,10.611535258316938,89.36240150093809,,,7.755599999999999,73.725160291118,0.006198,0.7,0.77,,1.0,,0.018439180585602982,0.7839704616160623,,,79.14187,16.010479,0.6957921,0.7113928198814392,/scicore/home/schwede/barta0000/mcmahon_ds/adiponectin_trimers/Nb.AQ100_Adiponectin/chai_no_constraints/seed_1245/pred.model_idx_3.cif,0.42583125829696655,/scicore/home/schwede/barta0000/mcmahon_ds/adiponectin_trimers/Nb.AQ100_Adiponectin/chai_with_constraints/seed_1449/pred.model_idx_2.cif,0.7113928198814392,0.7795095443725586,0.6943635940551758,"[[0.8755684494972229, 0.9303023815155029, 0.9302448630332947, 0.9303815960884094]]","[[[0.8755684494972229, 0.16425757110118866, 0.14900179207324982, 0.16189533472061157], [0.13486963510513306, 0.9303023815155029, 0.8452861905097961, 0.8199777603149414], [0.12410631775856018, 0.8215122222900391, 0.9302448630332947, 0.8457322120666504], [0.13205720484256744, 0.8438819646835327, 0.8220231533050537, 0.9303815960884094]]]",0.16425757110118866,0.42583125829696655,0.7004379630088806,0.35717955231666565,"[[0.8896564841270447, 0.8871409893035889]]","[[[0.8896564841270447, 0.35717955231666565], [0.3287302255630493, 0.8871409893035889]]]",0.35717955231666565,0.5843741297721863,0.7128754258155823,0.6505574584007263,0.5678282380104065,0.49095579981803894,1.3728266954421997,4.599193572998047,0.3338228166103363,/scicore/home/schwede/barta0000/mcmahon_ds/adiponectin_trimers/Nb.AQ100_Adiponectin/boltz_free/output/boltz_results_Nb.AQ100_Adiponectin/predictions/Nb.AQ100_Adiponectin/Nb.AQ100_Adiponectin_model_0.cif,0.8036969304084778,0.8120925426483154,0.770712673664093,0.8119429349899292,0.7759723663330078,0.9062929749488831,3.453864336013794,0.5821141600608826,/scicore/home/schwede/barta0000/mcmahon_ds/adiponectin_trimers/Nb.AQ100_Adiponectin/boltz_with_template/output/boltz_results_Nb.AQ100_Adiponectin/predictions/Nb.AQ100_Adiponectin/Nb.AQ100_Adiponectin_model_0.cif,1
Nb.AQ100_Adiponectin,False,"A,C",17.063186184611162,70.39757225433526,327.93,19.61,8.196551724137931,66.38550404903901,0.00497,0.13,0.79,113.89,0.0,0.52,0.9535,13.564,10.611535258316938,89.36240150093809,,,,,0.005114,0.7,0.77,,1.0,0.9653,0.10413929348917376,0.8171290328721155,22.823304176330566,36.110347747802734,79.14187,16.010479,0.6957921,0.7113928198814392,/scicore/home/schwede/barta0000/mcmahon_ds/adiponectin_trimers/Nb.AQ100_Adiponectin/chai_no_constraints/seed_1245/pred.model_idx_3.cif,0.42583125829696655,/scicore/home/schwede/barta0000/mcmahon_ds/adiponectin_trimers/Nb.AQ100_Adiponectin/chai_with_constraints/seed_1449/pred.model_idx_2.cif,0.7113928198814392,0.7795095443725586,0.6943635940551758,"[[0.8755684494972229, 0.9303023815155029, 0.9302448630332947, 0.9303815960884094]]","[[[0.8755684494972229, 0.16425757110118866, 0.14900179207324982, 0.16189533472061157], [0.13486963510513306, 0.9303023815155029, 0.8452861905097961, 0.8199777603149414], [0.12410631775856018, 0.8215122222900391, 0.9302448630332947, 0.8457322120666504], [0.13205720484256744, 0.8438819646835327, 0.8220231533050537, 0.9303815960884094]]]",0.14900179207324982,0.42583125829696655,0.7004379630088806,0.35717955231666565,"[[0.8896564841270447, 0.8871409893035889]]","[[[0.8896564841270447, 0.35717955231666565], [0.3287302255630493, 0.8871409893035889]]]",,0.5843741297721863,0.7128754258155823,0.6505574584007263,0.5678282380104065,0.49095579981803894,1.3728266954421997,4.599193572998047,0.3279566466808319,/scicore/home/schwede/barta0000/mcmahon_ds/adiponectin_trimers/Nb.AQ100_Adiponectin/boltz_free/output/boltz_results_Nb.AQ100_Adiponectin/predictions/Nb.AQ100_Adiponectin/Nb.AQ100_Adiponectin_model_0.cif,0.8036969304084778,0.8120925426483154,0.770712673664093,0.8119429349899292,0.7759723663330078,0.9062929749488831,3.453864336013794,0.5976637005805969,/scicore/home/schwede/barta0000/mcmahon_ds/adiponectin_trimers/Nb.AQ100_Adiponectin/boltz_with_template/output/boltz_results_Nb.AQ100_Adiponectin/predictions/Nb.AQ100_Adiponectin/Nb.AQ100_Adiponectin_model_0.cif,1
Nb.AQ100_Adiponectin,False,"A,D",17.063186184611162,70.39757225433526,0.0,0.0,,,0.0,0.11,0.79,-14.44,0.0,0.52,,10.509,10.611535258316938,89.36240150093809,,,,,0.00566,0.7,0.77,,1.0,0.9764,0.09800318452909473,0.802633861420055,23.460673332214355,40.022796630859375,79.14187,16.010479,0.6957921,0.7113928198814392,/scicore/home/schwede/barta0000/mcmahon_ds/adiponectin_trimers/Nb.AQ100_Adiponectin/chai_no_constraints/seed_1245/pred.model_idx_3.cif,0.42583125829696655,/scicore/home/schwede/barta0000/mcmahon_ds/adiponectin_trimers/Nb.AQ100_Adiponectin/chai_with_constraints/seed_1449/pred.model_idx_2.cif,0.7113928198814392,0.7795095443725586,0.6943635940551758,"[[0.8755684494972229, 0.9303023815155029, 0.9302448630332947, 0.9303815960884094]]","[[[0.8755684494972229, 0.16425757110118866, 0.14900179207324982, 0.16189533472061157], [0.13486963510513306, 0.9303023815155029, 0.8452861905097961, 0.8199777603149414], [0.12410631775856018, 0.8215122222900391, 0.9302448630332947, 0.8457322120666504], [0.13205720484256744, 0.8438819646835327, 0.8220231533050537, 0.9303815960884094]]]",0.16189533472061157,0.42583125829696655,0.7004379630088806,0.35717955231666565,"[[0.8896564841270447, 0.8871409893035889]]","[[[0.8896564841270447, 0.35717955231666565], [0.3287302255630493, 0.8871409893035889]]]",,0.5843741297721863,0.7128754258155823,0.6505574584007263,0.5678282380104065,0.49095579981803894,1.3728266954421997,4.599193572998047,0.31138551235198975,/scicore/home/schwede/barta0000/mcmahon_ds/adiponectin_trimers/Nb.AQ100_Adiponectin/boltz_free/output/boltz_results_Nb.AQ100_Adiponectin/predictions/Nb.AQ100_Adiponectin/Nb.AQ100_Adiponectin_model_0.cif,0.8036969304084778,0.8120925426483154,0.770712673664093,0.8119429349899292,0.7759723663330078,0.9062929749488831,3.453864336013794,0.5551508069038391,/scicore/home/schwede/barta0000/mcmahon_ds/adiponectin_trimers/Nb.AQ100_Adiponectin/boltz_with_template/output/boltz_results_Nb.AQ100_Adiponectin/predictions/Nb.AQ100_Adiponectin/Nb.AQ100_Adiponectin_model_0.cif,1
Nb.AQ100_Adiponectin,False,"B,C",17.063186184611162,70.39757225433526,130.27,5.62,11.057142857142859,65.17425408457159,0.239662,0.6,0.73,-5.59,0.0,0.52,0.9914,0.23,10.611535258316938,89.36240150093809,,,8.335104166666667,91.9720406045719,0.781647,0.7,0.77,,1.0,,0.49994151361509664,0.8065659411515408,1.836686168398176,83.3221435546875,79.14187,16.010479,0.6957921,0.7113928198814392,/scicore/home/schwede/barta0000/mcmahon_ds/adiponectin_trimers/Nb.AQ100_Adiponectin/chai_no_constraints/seed_1245/pred.model_idx_3.cif,0.42583125829696655,/scicore/home/schwede/barta0000/mcmahon_ds/adiponectin_trimers/Nb.AQ100_Adiponectin/chai_with_constraints/seed_1449/pred.model_idx_2.cif,0.7113928198814392,0.7795095443725586,0.6943635940551758,"[[0.8755684494972229, 0.9303023815155029, 0.9302448630332947, 0.9303815960884094]]","[[[0.8755684494972229, 0.16425757110118866, 0.14900179207324982, 0.16189533472061157], [0.13486963510513306, 0.9303023815155029, 0.8452861905097961, 0.8199777603149414], [0.12410631775856018, 0.8215122222900391, 0.9302448630332947, 0.8457322120666504], [0.13205720484256744, 0.8438819646835327, 0.8220231533050537, 0.9303815960884094]]]",0.8452861905097961,0.42583125829696655,0.7004379630088806,0.35717955231666565,"[[0.8896564841270447, 0.8871409893035889]]","[[[0.8896564841270447, 0.35717955231666565], [0.3287302255630493, 0.8871409893035889]]]",,0.5843741297721863,0.7128754258155823,0.6505574584007263,0.5678282380104065,0.49095579981803894,1.3728266954421997,4.599193572998047,0.7986136674880981,/scicore/home/schwede/barta0000/mcmahon_ds/adiponectin_trimers/Nb.AQ100_Adiponectin/boltz_free/output/boltz_results_Nb.AQ100_Adiponectin/predictions/Nb.AQ100_Adiponectin/Nb.AQ100_Adiponectin_model_0.cif,0.8036969304084778,0.8120925426483154,0.770712673664093,0.8119429349899292,0.7759723663330078,0.9062929749488831,3.453864336013794,0.8530319929122925,/scicore/home/schwede/barta0000/mcmahon_ds/adiponectin_trimers/Nb.AQ100_Adiponectin/boltz_with_template/output/boltz_results_Nb.AQ100_Adiponectin/predictions/Nb.AQ100_Adiponectin/Nb.AQ100_Adiponectin_model_0.cif,1
Nb.AQ100_Adiponectin,False,"B,D",17.063186184611162,70.39757225433526,122.75,5.3,11.041964285714286,65.60274374233867,0.223351,0.59,0.73,-13.75,0.0,0.52,0.9849,0.225,10.611535258316938,89.36240150093809,,,8.941734693877551,91.2783682686942,0.772923,0.7,0.77,,1.0,0.9951,0.6043016575492136,0.8258250018165864,1.853502984557833,84.1646728515625,79.14187,16.010479,0.6957921,0.7113928198814392,/scicore/home/schwede/barta0000/mcmahon_ds/adiponectin_trimers/Nb.AQ100_Adiponectin/chai_no_constraints/seed_1245/pred.model_idx_3.cif,0.42583125829696655,/scicore/home/schwede/barta0000/mcmahon_ds/adiponectin_trimers/Nb.AQ100_Adiponectin/chai_with_constraints/seed_1449/pred.model_idx_2.cif,0.7113928198814392,0.7795095443725586,0.6943635940551758,"[[0.8755684494972229, 0.9303023815155029, 0.9302448630332947, 0.9303815960884094]]","[[[0.8755684494972229, 0.16425757110118866, 0.14900179207324982, 0.16189533472061157], [0.13486963510513306, 0.9303023815155029, 0.8452861905097961, 0.8199777603149414], [0.12410631775856018, 0.8215122222900391, 0.9302448630332947, 0.8457322120666504], [0.13205720484256744, 0.8438819646835327, 0.8220231533050537, 0.9303815960884094]]]",0.8199777603149414,0.42583125829696655,0.7004379630088806,0.35717955231666565,"[[0.8896564841270447, 0.8871409893035889]]","[[[0.8896564841270447, 0.35717955231666565], [0.3287302255630493, 0.8871409893035889]]]",,0.5843741297721863,0.7128754258155823,0.6505574584007263,0.5678282380104065,0.49095579981803894,1.3728266954421997,4.599193572998047,0.7868041396141052,/scicore/home/schwede/barta0000/mcmahon_ds/adiponectin_trimers/Nb.AQ100_Adiponectin/boltz_free/output/boltz_results_Nb.AQ100_Adiponectin/predictions/Nb.AQ100_Adiponectin/Nb.AQ100_Adiponectin_model_0.cif,0.8036969304084778,0.8120925426483154,0.770712673664093,0.8119429349899292,0.7759723663330078,0.9062929749488831,3.453864336013794,0.8674575686454773,/scicore/home/schwede/barta0000/mcmahon_ds/adiponectin_trimers/Nb.AQ100_Adiponectin/boltz_with_template/output/boltz_results_Nb.AQ100_Adiponectin/predictions/Nb.AQ100_Adiponectin/Nb.AQ100_Adiponectin_model_0.cif,1
Nb.AQ100_Adiponectin,False,"C,D",17.063186184611162,70.39757225433526,123.93,5.4,10.885964912280702,64.84124416832601,0.242387,0.61,0.73,-12.09,0.0,0.52,0.9944,0.229,10.611535258316938,89.36240150093809,,,8.273645833333333,92.40938786097935,0.78508,0.7,0.77,,1.0,,0.49994151361509664,0.8081188251603478,1.969704898290856,83.2258529663086,79.14187,16.010479,0.6957921,0.7113928198814392,/scicore/home/schwede/barta0000/mcmahon_ds/adiponectin_trimers/Nb.AQ100_Adiponectin/chai_no_constraints/seed_1245/pred.model_idx_3.cif,0.42583125829696655,/scicore/home/schwede/barta0000/mcmahon_ds/adiponectin_trimers/Nb.AQ100_Adiponectin/chai_with_constraints/seed_1449/pred.model_idx_2.cif,0.7113928198814392,0.7795095443725586,0.6943635940551758,"[[0.8755684494972229, 0.9303023815155029, 0.9302448630332947, 0.9303815960884094]]","[[[0.8755684494972229, 0.16425757110118866, 0.14900179207324982, 0.16189533472061157], [0.13486963510513306, 0.9303023815155029, 0.8452861905097961, 0.8199777603149414], [0.12410631775856018, 0.8215122222900391, 0.9302448630332947, 0.8457322120666504], [0.13205720484256744, 0.8438819646835327, 0.8220231533050537, 0.9303815960884094]]]",0.8457322120666504,0.42583125829696655,0.7004379630088806,0.35717955231666565,"[[0.8896564841270447, 0.8871409893035889]]","[[[0.8896564841270447, 0.35717955231666565], [0.3287302255630493, 0.8871409893035889]]]",,0.5843741297721863,0.7128754258155823,0.6505574584007263,0.5678282380104065,0.49095579981803894,1.3728266954421997,4.599193572998047,0.7945387959480286,/scicore/home/schwede/barta0000/mcmahon_ds/adiponectin_trimers/Nb.AQ100_Adiponectin/boltz_free/output/boltz_results_Nb.AQ100_Adiponectin/predictions/Nb.AQ100_Adiponectin/Nb.AQ100_Adiponectin_model_0.cif,0.8036969304084778,0.8120925426483154,0.770712673664093,0.8119429349899292,0.7759723663330078,0.9062929749488831,3.453864336013794,0.8381518125534058,/scicore/home/schwede/barta0000/mcmahon_ds/adiponectin_trimers/Nb.AQ100_Adiponectin/boltz_with_template/output/boltz_results_Nb.AQ100_Adiponectin/predictions/Nb.AQ100_Adiponectin/Nb.AQ100_Adiponectin_model_0.cif,1
