Metric,Direction,ROC_AUC,PR_AUC,Precision (Opt),F1 (Opt),Opt_Threshold
boltz_free_pde,-1,0.8854166666666666,0.7380952380952381,1.0,0.8,0.2545120418071747
boltz_template_iplddt,1,0.8125,0.5222222222222221,1.0,0.5,0.987299144268036
chai_unconstrained_iptm,1,0.8020833333333333,0.519298245614035,1.0,0.5,0.9023414850234984
chai_unconstrained_aggregate_score,1,0.8020833333333333,0.519298245614035,1.0,0.5,0.9129493236541748
chai_unconstrained_score,1,0.8020833333333333,0.519298245614035,1.0,0.5,0.9129493236541748
chai_unconstrained_ptm,1,0.78125,0.5142857142857142,1.0,0.5,0.9553803205490112
boltz_template_confidence_score,1,0.78125,0.4722222222222222,1.0,0.5,0.9869529604911804
boltz_free_iplddt,1,0.7604166666666666,0.4600389863547758,1.0,0.5,0.9859994053840636
boltz_template_plddt,1,0.7604166666666666,0.4600389863547758,1.0,0.5,0.9873340129852296
boltz_template_per_chain_pair_iptm,1,0.8671875,0.45909645909645913,0.5,0.5,0.95674866437912
boltz_free_confidence_score,1,0.7291666666666666,0.45286195286195285,1.0,0.5,0.9867954254150392
boltz_free_plddt,1,0.7083333333333333,0.4393939393939394,1.0,0.5,0.986723244190216
boltz_free_ipde,-1,0.84375,0.4,0.5,0.5714285714285714,0.2736864387989044
boltz_free_iptm,1,0.8020833333333333,0.3366013071895425,0.3333333333333333,0.4444444444444444,0.986376404762268
boltz_template_iptm,1,0.8020833333333333,0.3333333333333333,0.5,0.5714285714285714,0.9868348240852356
af3_ipsae,1,0.7369791666666666,0.30307908033189634,0.4444444444444444,0.5333333333333333,0.780104
boltz_template_ipde,-1,0.84375,0.29444444444444445,0.3,0.46153846153846156,0.2847543954849243
boltz_template_ptm,1,0.78125,0.27222222222222225,0.4,0.5,0.990513801574707
boltz_free_ptm,1,0.7916666666666666,0.24523809523809526,0.2857142857142857,0.4,0.9902440309524536
cf_iplddt,1,0.6875,0.2438071188071188,0.3333333333333333,0.3333333333333333,97.06375217437744
boltz_free_per_chain_pair_iptm,1,0.8046875,0.22769880894880895,0.3125,0.45454545454545453,0.9456171989440918
esmfold_ptm,1,0.46875,0.22679045092838196,0.5,0.4,0.7654945
af3_iptm,1,0.7005208333333333,0.22469430426772508,0.2222222222222222,0.3333333333333333,0.91
boltz_template_pde,-1,0.6770833333333334,0.2121212121212121,0.3333333333333333,0.3333333333333333,0.255679577589035
esmfold_pae,-1,0.5208333333333333,0.17888888888888888,0.3333333333333333,0.3333333333333333,11.448295
af3_iplddt,1,0.6328124999999999,0.177281746031746,0.26666666666666666,0.38095238095238093,94.63025165917604
cf_plddt,1,0.625,0.17461538461538462,0.25,0.2857142857142857,97.7218699186992
cf_ipsae,1,0.6875,0.1697898126959912,0.21052631578947367,0.32,0.725152
af3_pae,-1,0.59375,0.16428571428571428,0.25,0.36363636363636365,2.5938826095578027
pred_lddt,1,0.62109375,0.15414565305869654,0.2222222222222222,0.26666666666666666,0.8772889283704922
cf_pae,-1,0.5833333333333334,0.14682539682539683,0.16666666666666666,0.26666666666666666,2.6256566858351507
cf_af3_rmsd,-1,0.6875,0.14641596058255069,0.1724137931034483,0.2857142857142857,0.171
af3_plddt,1,0.5833333333333333,0.14404761904761906,0.2,0.3076923076923077,95.4046655791191
chai_constrained_score,1,0.5625,0.14347826086956522,0.2,0.25,0.8970193862915039
chai_constrained_aggregate_score,1,0.5625,0.14347826086956522,0.2,0.25,0.8970193862915039
chai_constrained_iptm,1,0.53125,0.13863636363636364,0.2,0.25,0.8840898871421814
chai_constrained_ptm,1,0.625,0.1366013071895425,0.17647058823529413,0.3,0.9432916641235352
esmfold_plddt,1,0.3958333333333333,0.12298850574712644,0.2,0.25,80.08763
af3_ptm,1,0.6041666666666667,0.12177090049430475,0.13333333333333333,0.2222222222222222,0.48
pred_ilddt,1,0.5859375,0.12048517520215633,0.14285714285714285,0.23529411764705882,0.8450132469598766
af3_ranking_score,1,0.5572916666666666,0.10873440285204991,0.11764705882352941,0.2,0.96
cf_iptm,1,0.5625,0.10114942528735632,0.10344827586206896,0.1875,0.91
af3_ipae,-1,0.5104166666666667,0.10056931372720845,0.1282051282051282,0.2222222222222222,2.3218749999999995
cf_ipae,-1,0.45052083333333337,0.08617066355161593,0.10204081632653061,0.18181818181818182,2.298666666666667
cf_rank,1,0.5,0.08571428571428572,0.08571428571428572,0.15789473684210525,1.0
af3_rank,1,0.5,0.08571428571428572,0.08571428571428572,0.15789473684210525,0.0
cf_ptm,1,0.46874999999999994,0.08412698412698413,0.08571428571428572,0.15789473684210525,0.93
af3_pyros_binder_score,1,0.265625,0.06507019159811234,0.08955223880597014,0.1643835616438356,-14.06
