Metric,ROC_AUC,PR_AUC,F1 (Opt),Opt_Threshold,Direction
af3_iplddt,0.9444444444444445,0.9837499522226045,0.9729729729230095,64.94407104454757,1
af3_ipsae,0.9111111111111111,0.9788067782414264,0.9189189188689555,0.005775,1
af3_pae,0.9111111111111111,0.9778781971764429,0.9189189188689555,13.189712044904082,-1
boltz_free_per_chain_pair_iptm,0.9111111111111111,0.9778781971764428,0.9189189188689555,0.4413303732872009,1
boltz_free_iptm,0.9111111111111111,0.9778781971764428,0.9189189188689555,0.4543898105621338,1
cf_iplddt,0.9222222222222223,0.9755684958793835,0.9729729729230095,84.73391358748727,1
af3_iptm,0.8777777777777778,0.9705450494924179,0.9090909090413223,0.54,1
boltz_free_ptm,0.8777777777777778,0.9665623071840823,0.9230769230272189,0.6511664986610413,1
boltz_free_ipde,0.8555555555555555,0.9631768810583815,0.8947368420554016,6.027678966522217,-1
cf_iptm,0.8833333333333333,0.9611099980553026,0.9473684210027702,0.62,1
chai_unconstrained_iptm,0.8333333333333333,0.9563371441080419,0.8999999999505,0.1681365221738815,1
chai_unconstrained_score,0.8333333333333333,0.9563371441080419,0.8999999999505,0.2544002532958984,1
chai_unconstrained_aggregate_score,0.8333333333333333,0.9563371441080419,0.8999999999505,0.2544002532958984,1
cf_plddt,0.8777777777777778,0.9558280511389388,0.9729729729230095,92.7061568627451,1
chai_constrained_ptm,0.8222222222222222,0.9538086893372486,0.8947368420554016,0.6828979849815369,1
esmfold_iplddt,0.8571428571428571,0.951953205524634,0.8965517240879904,50.079833984375,1
chai_unconstrained_ptm,0.8222222222222222,0.9505170382879362,0.8999999999505,0.590380072593689,1
cf_ipsae,0.8333333333333333,0.9480451761669512,0.9473684210027702,0.370364,1
cf_af3_rmsd,0.8111111111111111,0.943650827953897,0.914285714235755,0.334,-1
af3_ipae,0.8111111111111111,0.9425479209041376,0.9189189188689555,12.38625,-1
cf_ipae,0.7666666666666667,0.9408085134629757,0.8780487804385485,9.773269230769232,-1
chai_constrained_score,0.7999999999999999,0.9387611595299934,0.9189189188689555,0.4199602901935577,1
chai_constrained_iptm,0.7999999999999999,0.9387611595299934,0.9189189188689555,0.3542258441448211,1
chai_constrained_aggregate_score,0.7999999999999999,0.9387611595299934,0.9189189188689555,0.4199602901935577,1
cf_ptm,0.8388888888888889,0.9371995856644979,0.9473684210027702,0.79,1
boltz_template_iptm,0.7777777777777777,0.936192046720606,0.8947368420554016,0.5882114171981812,1
boltz_template_per_chain_pair_iptm,0.7777777777777777,0.936192046720606,0.8947368420554016,0.5882114171981812,1
boltz_free_pde,0.7888888888888889,0.9334973214875175,0.9230769230272189,1.324753761291504,-1
pred_ilddt,0.8,0.9330479478763793,0.914285714235755,0.1366882826823814,1
boltz_free_confidence_score,0.7888888888888889,0.9314372470590222,0.9230769230272189,0.6074455976486206,1
cf_pae,0.8,0.9119520708336499,0.9473684210027702,6.114218775036052,-1
boltz_template_iplddt,0.7111111111111111,0.9107434313574665,0.9230769230272189,0.7701038718223572,1
boltz_free_iplddt,0.711111111111111,0.9072346952248914,0.8999999999505,0.5691894292831421,1
af3_plddt,0.7,0.9070046547020232,0.9230769230272189,79.12451768033948,1
boltz_template_plddt,0.7,0.8882351762253724,0.9230769230272189,0.8466933369636536,1
boltz_template_confidence_score,0.711111111111111,0.8874675796244424,0.9230769230272189,0.7998393177986145,1
boltz_template_ipde,0.6888888888888889,0.862720247049116,0.8780487804385485,9.58599853515625,-1
boltz_free_plddt,0.6666666666666666,0.8169992159543243,0.9473684210027702,0.6612842082977295,1
esmfold_ptm,0.6222222222222222,0.8153084684302434,0.9230769230272189,0.49774432,1
boltz_template_ptm,0.5888888888888889,0.8035000121042433,0.9230769230272189,0.7199418544769287,1
esmfold_pae,0.611111111111111,0.7928420913070037,0.9189189188689555,16.598183,-1
boltz_template_pde,0.5777777777777777,0.773246769570299,0.8999999999505,1.1463136672973633,-1
af3_ptm,0.46111111111111114,0.7685185185185184,0.9230769230272189,0.795,1
esmfold_ipae,0.4571428571428572,0.7308718902233939,0.8484848484359963,25.50298500061035,-1
pred_lddt,0.41111111111111115,0.7060699412673096,0.9230769230272189,0.8197378611702416,1
esmfold_plddt,0.16666666666666666,0.6950025490360103,0.8780487804385485,73.2075,1
