,ROC-AUC,PR-AUC,F1-Score
af3_iplddt,0.9057971014492754,0.8903103042428939,0.8292682926829268
cf_iplddt,0.8888888888888888,0.8776918291048726,0.8181818181818182
af3_ranking_score,0.8502415458937198,0.8602299516740952,0.8571428571428571
af3_ipsae,0.8478260869565217,0.8542864958490887,0.8333333333333334
af3_iptm,0.8357487922705313,0.8442709971904312,0.8333333333333334
boltz_free_per_chain_pair_iptm,0.7971014492753623,0.7787220785027802,0.75
boltz_free_iptm,0.7874396135265701,0.7709317469377988,0.7317073170731707
chai_unconstrained_score,0.7801932367149759,0.7536432926029826,0.7567567567567568
chai_unconstrained_aggregate_score,0.7801932367149759,0.7536432926029826,0.7567567567567568
chai_unconstrained_iptm,0.7729468599033816,0.7449905203048199,0.7567567567567568
boltz_template_per_chain_pair_iptm,0.7367149758454106,0.7331304672913957,0.6976744186046512
chai_constrained_aggregate_score,0.7584541062801932,0.732773151125699,0.7272727272727273
chai_constrained_score,0.7584541062801932,0.732773151125699,0.7272727272727273
boltz_template_iptm,0.7294685990338164,0.7292311057833386,0.6
chai_constrained_iptm,0.748792270531401,0.7228485078677225,0.7272727272727273
chai_unconstrained_ptm,0.7705314009661837,0.7115680868993827,0.717948717948718
boltz_free_ptm,0.7415458937198068,0.7099009815269197,0.7027027027027027
cf_plddt,0.7922705314009661,0.6917217771484834,0.8181818181818182
pred_ilddt,0.7342995169082125,0.6772959012664895,0.75
boltz_template_iplddt,0.6884057971014493,0.6708879366679145,0.6060606060606061
chai_constrained_ptm,0.7439613526570048,0.662470574541653,0.7272727272727273
af3_plddt,0.681159420289855,0.6605884735517523,0.5714285714285714
boltz_free_iplddt,0.6932367149758454,0.6567047318410126,0.7111111111111111
chai_unconstrained_interface_iptm,0.7657004830917874,0.6547127425270423,0.7567567567567568
cf_ipsae,0.7729468599033816,0.6148035717399322,0.7441860465116279
boltz_template_confidence_score,0.6642512077294686,0.602365717239808,0.6956521739130435
boltz_template_plddt,0.6473429951690821,0.6011681742148872,0.7111111111111111
cf_iptm,0.7729468599033816,0.5883393346993221,0.75
chai_constrained_interface_iptm,0.7222222222222222,0.5804763738289218,0.7272727272727273
boltz_free_confidence_score,0.717391304347826,0.5777486176796041,0.6829268292682927
cf_ptm,0.7294685990338163,0.5232872282247965,0.6842105263157895
boltz_template_ptm,0.5942028985507246,0.48973651593496836,0.6666666666666666
esmfold_ptm,0.538647342995169,0.45523092226913486,0.6956521739130435
boltz_free_plddt,0.6135265700483091,0.4545124785018362,0.7111111111111111
cf_ipae,0.24154589371980673,0.41879116928119453,0.2727272727272727
af3_ptm,0.5084541062801933,0.4059241229347175,0.72
af3_pyros_binder_score,0.5120772946859903,0.40262760661545877,0.6808510638297872
boltz_template_ipde,0.3695652173913043,0.3887858420093435,0.6296296296296297
pred_lddt,0.4758454106280193,0.38220817679286684,0.6666666666666666
esmfold_pae,0.47101449275362317,0.37829363963731044,0.68
esmfold_plddt,0.22946859903381644,0.3781631966771798,0.19047619047619047
boltz_template_pde,0.4492753623188405,0.3698174245471204,0.6938775510204082
af3_ipae,0.27777777777777773,0.36220807802279686,0.10526315789473684
boltz_free_pde,0.3429951690821256,0.33600222704803545,0.6206896551724138
cf_pae,0.321256038647343,0.3261326271094498,0.6428571428571429
boltz_free_ipde,0.2777777777777778,0.3229959998395641,0.1
cf_af3_rmsd,0.27294685990338163,0.315571634853178,0.0
af3_interface_dG,0.24879227053140096,0.3073448139031409,0.0
af3_interface_dG_SASA_ratio,0.1956521739130435,0.29148767768634276,0.0
af3_pae,0.14492753623188406,0.2804245838744402,0.0
